在使用天勤量化之前，默认您已经知晓并同意以下免责条款，如果不同意请立即停止使用：https://www.shinnytech.com/blog/disclaimer/
cached_raw rank=1 hc2010.SHFE SHFE.hc2010 rows=24509 elapsed=0.0
cached_raw rank=2 rb2305.SHFE SHFE.rb2305 rows=23699 elapsed=0.0
cached_raw rank=3 SM109.CZCE CZCE.SM109 rows=13755 elapsed=0.0
cached_raw rank=4 MA101.CZCE CZCE.MA101 rows=22800 elapsed=0.0
cached_raw rank=5 MA605.CZCE CZCE.MA605 rows=6930 elapsed=0.0
cached_raw rank=6 ru2605.SHFE SHFE.ru2605 rows=150 elapsed=0.0
cached_raw rank=7 fu2209.SHFE SHFE.fu2209 rows=6705 elapsed=0.0
cached_raw rank=8 ru2201.SHFE SHFE.ru2201 rows=24060 elapsed=0.0
cached_raw rank=9 hc2110.SHFE SHFE.hc2110 rows=23025 elapsed=0.0
cached_raw rank=10 SM005.CZCE CZCE.SM005 rows=13080 elapsed=0.0
cached_raw rank=11 CF009.CZCE CZCE.CF009 rows=21765 elapsed=0.0
cached_raw rank=12 rb2010.SHFE SHFE.rb2010 rows=20385 elapsed=0.0
cached_raw rank=13 FG109.CZCE CZCE.FG109 rows=19559 elapsed=0.0
    INFO - 模拟交易成交记录, 账户: TQSIM
    INFO - 模拟交易账户资金, 账户: TQSIM
    INFO - 日期: 2025-06-11, 账户权益: 10000000.00, 可用资金: 10000000.00, 浮动盈亏: 0.00, 持仓盈亏: 0.00, 平仓盈亏: 0.00, 市值: 0.00, 保证金: 0.00, 手续费: 0.00, 风险度: 0.00%
    INFO - 日期: 2025-06-12, 账户权益: 10000000.00, 可用资金: 10000000.00, 浮动盈亏: 0.00, 持仓盈亏: 0.00, 平仓盈亏: 0.00, 市值: 0.00, 保证金: 0.00, 手续费: 0.00, 风险度: 0.00%
    INFO - 日期: 2025-06-13, 账户权益: 10000000.00, 可用资金: 10000000.00, 浮动盈亏: 0.00, 持仓盈亏: 0.00, 平仓盈亏: 0.00, 市值: 0.00, 保证金: 0.00, 手续费: 0.00, 风险度: 0.00%
    INFO - 日期: 2025-06-16, 账户权益: 10000000.00, 可用资金: 10000000.00, 浮动盈亏: 0.00, 持仓盈亏: 0.00, 平仓盈亏: 0.00, 市值: 0.00, 保证金: 0.00, 手续费: 0.00, 风险度: 0.00%
    INFO - 日期: 2025-06-17, 账户权益: 10000000.00, 可用资金: 10000000.00, 浮动盈亏: 0.00, 持仓盈亏: 0.00, 平仓盈亏: 0.00, 市值: 0.00, 保证金: 0.00, 手续费: 0.00, 风险度: 0.00%
    INFO - 日期: 2025-06-18, 账户权益: 10000000.00, 可用资金: 10000000.00, 浮动盈亏: 0.00, 持仓盈亏: 0.00, 平仓盈亏: 0.00, 市值: 0.00, 保证金: 0.00, 手续费: 0.00, 风险度: 0.00%
    INFO - 日期: 2025-06-19, 账户权益: 10000000.00, 可用资金: 10000000.00, 浮动盈亏: 0.00, 持仓盈亏: 0.00, 平仓盈亏: 0.00, 市值: 0.00, 保证金: 0.00, 手续费: 0.00, 风险度: 0.00%
    INFO - 日期: 2025-06-20, 账户权益: 10000000.00, 可用资金: 10000000.00, 浮动盈亏: 0.00, 持仓盈亏: 0.00, 平仓盈亏: 0.00, 市值: 0.00, 保证金: 0.00, 手续费: 0.00, 风险度: 0.00%
    INFO - 日期: 2025-06-23, 账户权益: 10000000.00, 可用资金: 10000000.00, 浮动盈亏: 0.00, 持仓盈亏: 0.00, 平仓盈亏: 0.00, 市值: 0.00, 保证金: 0.00, 手续费: 0.00, 风险度: 0.00%
    INFO - 日期: 2025-06-24, 账户权益: 10000000.00, 可用资金: 10000000.00, 浮动盈亏: 0.00, 持仓盈亏: 0.00, 平仓盈亏: 0.00, 市值: 0.00, 保证金: 0.00, 手续费: 0.00, 风险度: 0.00%
    INFO - 日期: 2025-06-25, 账户权益: 10000000.00, 可用资金: 10000000.00, 浮动盈亏: 0.00, 持仓盈亏: 0.00, 平仓盈亏: 0.00, 市值: 0.00, 保证金: 0.00, 手续费: 0.00, 风险度: 0.00%
    INFO - 日期: 2025-06-26, 账户权益: 10000000.00, 可用资金: 10000000.00, 浮动盈亏: 0.00, 持仓盈亏: 0.00, 平仓盈亏: 0.00, 市值: 0.00, 保证金: 0.00, 手续费: 0.00, 风险度: 0.00%
    INFO - 日期: 2025-06-27, 账户权益: 10000000.00, 可用资金: 10000000.00, 浮动盈亏: 0.00, 持仓盈亏: 0.00, 平仓盈亏: 0.00, 市值: 0.00, 保证金: 0.00, 手续费: 0.00, 风险度: 0.00%
    INFO - 日期: 2025-06-30, 账户权益: 10000000.00, 可用资金: 10000000.00, 浮动盈亏: 0.00, 持仓盈亏: 0.00, 平仓盈亏: 0.00, 市值: 0.00, 保证金: 0.00, 手续费: 0.00, 风险度: 0.00%
    INFO - 日期: 2025-07-01, 账户权益: 10000000.00, 可用资金: 10000000.00, 浮动盈亏: 0.00, 持仓盈亏: 0.00, 平仓盈亏: 0.00, 市值: 0.00, 保证金: 0.00, 手续费: 0.00, 风险度: 0.00%
    INFO - 日期: 2025-07-02, 账户权益: 10000000.00, 可用资金: 10000000.00, 浮动盈亏: 0.00, 持仓盈亏: 0.00, 平仓盈亏: 0.00, 市值: 0.00, 保证金: 0.00, 手续费: 0.00, 风险度: 0.00%
    INFO - 日期: 2025-07-03, 账户权益: 10000000.00, 可用资金: 10000000.00, 浮动盈亏: 0.00, 持仓盈亏: 0.00, 平仓盈亏: 0.00, 市值: 0.00, 保证金: 0.00, 手续费: 0.00, 风险度: 0.00%
    INFO - 日期: 2025-07-04, 账户权益: 10000000.00, 可用资金: 10000000.00, 浮动盈亏: 0.00, 持仓盈亏: 0.00, 平仓盈亏: 0.00, 市值: 0.00, 保证金: 0.00, 手续费: 0.00, 风险度: 0.00%
    INFO - 日期: 2025-07-07, 账户权益: 10000000.00, 可用资金: 10000000.00, 浮动盈亏: 0.00, 持仓盈亏: 0.00, 平仓盈亏: 0.00, 市值: 0.00, 保证金: 0.00, 手续费: 0.00, 风险度: 0.00%
    INFO - 日期: 2025-07-08, 账户权益: 10000000.00, 可用资金: 10000000.00, 浮动盈亏: 0.00, 持仓盈亏: 0.00, 平仓盈亏: 0.00, 市值: 0.00, 保证金: 0.00, 手续费: 0.00, 风险度: 0.00%
    INFO - 日期: 2025-07-09, 账户权益: 10000000.00, 可用资金: 10000000.00, 浮动盈亏: 0.00, 持仓盈亏: 0.00, 平仓盈亏: 0.00, 市值: 0.00, 保证金: 0.00, 手续费: 0.00, 风险度: 0.00%
    INFO - 日期: 2025-07-10, 账户权益: 10000000.00, 可用资金: 10000000.00, 浮动盈亏: 0.00, 持仓盈亏: 0.00, 平仓盈亏: 0.00, 市值: 0.00, 保证金: 0.00, 手续费: 0.00, 风险度: 0.00%
    INFO - 日期: 2025-07-11, 账户权益: 10000000.00, 可用资金: 10000000.00, 浮动盈亏: 0.00, 持仓盈亏: 0.00, 平仓盈亏: 0.00, 市值: 0.00, 保证金: 0.00, 手续费: 0.00, 风险度: 0.00%
    INFO - 日期: 2025-07-14, 账户权益: 10000000.00, 可用资金: 10000000.00, 浮动盈亏: 0.00, 持仓盈亏: 0.00, 平仓盈亏: 0.00, 市值: 0.00, 保证金: 0.00, 手续费: 0.00, 风险度: 0.00%
    INFO - 日期: 2025-07-15, 账户权益: 10000000.00, 可用资金: 10000000.00, 浮动盈亏: 0.00, 持仓盈亏: 0.00, 平仓盈亏: 0.00, 市值: 0.00, 保证金: 0.00, 手续费: 0.00, 风险度: 0.00%
    INFO - 日期: 2025-07-16, 账户权益: 10000000.00, 可用资金: 10000000.00, 浮动盈亏: 0.00, 持仓盈亏: 0.00, 平仓盈亏: 0.00, 市值: 0.00, 保证金: 0.00, 手续费: 0.00, 风险度: 0.00%
    INFO - 日期: 2025-07-17, 账户权益: 10000000.00, 可用资金: 10000000.00, 浮动盈亏: 0.00, 持仓盈亏: 0.00, 平仓盈亏: 0.00, 市值: 0.00, 保证金: 0.00, 手续费: 0.00, 风险度: 0.00%
    INFO - 日期: 2025-07-18, 账户权益: 10000000.00, 可用资金: 10000000.00, 浮动盈亏: 0.00, 持仓盈亏: 0.00, 平仓盈亏: 0.00, 市值: 0.00, 保证金: 0.00, 手续费: 0.00, 风险度: 0.00%
    INFO - 日期: 2025-07-21, 账户权益: 10000000.00, 可用资金: 10000000.00, 浮动盈亏: 0.00, 持仓盈亏: 0.00, 平仓盈亏: 0.00, 市值: 0.00, 保证金: 0.00, 手续费: 0.00, 风险度: 0.00%
    INFO - 日期: 2025-07-22, 账户权益: 10000000.00, 可用资金: 10000000.00, 浮动盈亏: 0.00, 持仓盈亏: 0.00, 平仓盈亏: 0.00, 市值: 0.00, 保证金: 0.00, 手续费: 0.00, 风险度: 0.00%
    INFO - 日期: 2025-07-23, 账户权益: 10000000.00, 可用资金: 10000000.00, 浮动盈亏: 0.00, 持仓盈亏: 0.00, 平仓盈亏: 0.00, 市值: 0.00, 保证金: 0.00, 手续费: 0.00, 风险度: 0.00%
    INFO - 日期: 2025-07-24, 账户权益: 10000000.00, 可用资金: 10000000.00, 浮动盈亏: 0.00, 持仓盈亏: 0.00, 平仓盈亏: 0.00, 市值: 0.00, 保证金: 0.00, 手续费: 0.00, 风险度: 0.00%
    INFO - 日期: 2025-07-25, 账户权益: 10000000.00, 可用资金: 10000000.00, 浮动盈亏: 0.00, 持仓盈亏: 0.00, 平仓盈亏: 0.00, 市值: 0.00, 保证金: 0.00, 手续费: 0.00, 风险度: 0.00%
    INFO - 日期: 2025-07-28, 账户权益: 10000000.00, 可用资金: 10000000.00, 浮动盈亏: 0.00, 持仓盈亏: 0.00, 平仓盈亏: 0.00, 市值: 0.00, 保证金: 0.00, 手续费: 0.00, 风险度: 0.00%
    INFO - 日期: 2025-07-29, 账户权益: 10000000.00, 可用资金: 10000000.00, 浮动盈亏: 0.00, 持仓盈亏: 0.00, 平仓盈亏: 0.00, 市值: 0.00, 保证金: 0.00, 手续费: 0.00, 风险度: 0.00%
    INFO - 日期: 2025-07-30, 账户权益: 10000000.00, 可用资金: 10000000.00, 浮动盈亏: 0.00, 持仓盈亏: 0.00, 平仓盈亏: 0.00, 市值: 0.00, 保证金: 0.00, 手续费: 0.00, 风险度: 0.00%
    INFO - 日期: 2025-07-31, 账户权益: 10000000.00, 可用资金: 10000000.00, 浮动盈亏: 0.00, 持仓盈亏: 0.00, 平仓盈亏: 0.00, 市值: 0.00, 保证金: 0.00, 手续费: 0.00, 风险度: 0.00%
    INFO - 日期: 2025-08-01, 账户权益: 10000000.00, 可用资金: 10000000.00, 浮动盈亏: 0.00, 持仓盈亏: 0.00, 平仓盈亏: 0.00, 市值: 0.00, 保证金: 0.00, 手续费: 0.00, 风险度: 0.00%
    INFO - 日期: 2025-08-04, 账户权益: 10000000.00, 可用资金: 10000000.00, 浮动盈亏: 0.00, 持仓盈亏: 0.00, 平仓盈亏: 0.00, 市值: 0.00, 保证金: 0.00, 手续费: 0.00, 风险度: 0.00%
    INFO - 日期: 2025-08-05, 账户权益: 10000000.00, 可用资金: 10000000.00, 浮动盈亏: 0.00, 持仓盈亏: 0.00, 平仓盈亏: 0.00, 市值: 0.00, 保证金: 0.00, 手续费: 0.00, 风险度: 0.00%
    INFO - 日期: 2025-08-06, 账户权益: 10000000.00, 可用资金: 10000000.00, 浮动盈亏: 0.00, 持仓盈亏: 0.00, 平仓盈亏: 0.00, 市值: 0.00, 保证金: 0.00, 手续费: 0.00, 风险度: 0.00%
    INFO - 日期: 2025-08-07, 账户权益: 10000000.00, 可用资金: 10000000.00, 浮动盈亏: 0.00, 持仓盈亏: 0.00, 平仓盈亏: 0.00, 市值: 0.00, 保证金: 0.00, 手续费: 0.00, 风险度: 0.00%
    INFO - 日期: 2025-08-08, 账户权益: 10000000.00, 可用资金: 10000000.00, 浮动盈亏: 0.00, 持仓盈亏: 0.00, 平仓盈亏: 0.00, 市值: 0.00, 保证金: 0.00, 手续费: 0.00, 风险度: 0.00%
    INFO - 日期: 2025-08-11, 账户权益: 10000000.00, 可用资金: 10000000.00, 浮动盈亏: 0.00, 持仓盈亏: 0.00, 平仓盈亏: 0.00, 市值: 0.00, 保证金: 0.00, 手续费: 0.00, 风险度: 0.00%
    INFO - 日期: 2025-08-12, 账户权益: 10000000.00, 可用资金: 10000000.00, 浮动盈亏: 0.00, 持仓盈亏: 0.00, 平仓盈亏: 0.00, 市值: 0.00, 保证金: 0.00, 手续费: 0.00, 风险度: 0.00%
    INFO - 日期: 2025-08-13, 账户权益: 10000000.00, 可用资金: 10000000.00, 浮动盈亏: 0.00, 持仓盈亏: 0.00, 平仓盈亏: 0.00, 市值: 0.00, 保证金: 0.00, 手续费: 0.00, 风险度: 0.00%
    INFO - 日期: 2025-08-14, 账户权益: 10000000.00, 可用资金: 10000000.00, 浮动盈亏: 0.00, 持仓盈亏: 0.00, 平仓盈亏: 0.00, 市值: 0.00, 保证金: 0.00, 手续费: 0.00, 风险度: 0.00%
    INFO - 日期: 2025-08-15, 账户权益: 10000000.00, 可用资金: 10000000.00, 浮动盈亏: 0.00, 持仓盈亏: 0.00, 平仓盈亏: 0.00, 市值: 0.00, 保证金: 0.00, 手续费: 0.00, 风险度: 0.00%
    INFO - 日期: 2025-08-18, 账户权益: 10000000.00, 可用资金: 10000000.00, 浮动盈亏: 0.00, 持仓盈亏: 0.00, 平仓盈亏: 0.00, 市值: 0.00, 保证金: 0.00, 手续费: 0.00, 风险度: 0.00%
    INFO - 日期: 2025-08-19, 账户权益: 10000000.00, 可用资金: 10000000.00, 浮动盈亏: 0.00, 持仓盈亏: 0.00, 平仓盈亏: 0.00, 市值: 0.00, 保证金: 0.00, 手续费: 0.00, 风险度: 0.00%
    INFO - 日期: 2025-08-20, 账户权益: 10000000.00, 可用资金: 10000000.00, 浮动盈亏: 0.00, 持仓盈亏: 0.00, 平仓盈亏: 0.00, 市值: 0.00, 保证金: 0.00, 手续费: 0.00, 风险度: 0.00%
    INFO - 日期: 2025-08-21, 账户权益: 10000000.00, 可用资金: 10000000.00, 浮动盈亏: 0.00, 持仓盈亏: 0.00, 平仓盈亏: 0.00, 市值: 0.00, 保证金: 0.00, 手续费: 0.00, 风险度: 0.00%
    INFO - 胜率: 0.00%, 盈亏额比例: inf, 收益率: 0.00%, 年化收益率: 0.00%, 最大回撤: 0.00%, 年化夏普率: inf,年化索提诺比率: -15.8114
    INFO - 回测结束
extracted rank=14 fu2509.SHFE SHFE.fu2509 rows=17400 elapsed=17.28
    INFO - 回测结束
    INFO - 模拟交易成交记录, 账户: TQSIM
    INFO - 模拟交易账户资金, 账户: TQSIM
    INFO - 日期: 2022-12-28, 账户权益: 10000000.00, 可用资金: 10000000.00, 浮动盈亏: 0.00, 持仓盈亏: 0.00, 平仓盈亏: 0.00, 市值: 0.00, 保证金: 0.00, 手续费: 0.00, 风险度: 0.00%
    INFO - 日期: 2022-12-29, 账户权益: 10000000.00, 可用资金: 10000000.00, 浮动盈亏: 0.00, 持仓盈亏: 0.00, 平仓盈亏: 0.00, 市值: 0.00, 保证金: 0.00, 手续费: 0.00, 风险度: 0.00%
    INFO - 日期: 2022-12-30, 账户权益: 10000000.00, 可用资金: 10000000.00, 浮动盈亏: 0.00, 持仓盈亏: 0.00, 平仓盈亏: 0.00, 市值: 0.00, 保证金: 0.00, 手续费: 0.00, 风险度: 0.00%
    INFO - 日期: 2023-01-03, 账户权益: 10000000.00, 可用资金: 10000000.00, 浮动盈亏: 0.00, 持仓盈亏: 0.00, 平仓盈亏: 0.00, 市值: 0.00, 保证金: 0.00, 手续费: 0.00, 风险度: 0.00%
    INFO - 日期: 2023-01-04, 账户权益: 10000000.00, 可用资金: 10000000.00, 浮动盈亏: 0.00, 持仓盈亏: 0.00, 平仓盈亏: 0.00, 市值: 0.00, 保证金: 0.00, 手续费: 0.00, 风险度: 0.00%
    INFO - 日期: 2023-01-05, 账户权益: 10000000.00, 可用资金: 10000000.00, 浮动盈亏: 0.00, 持仓盈亏: 0.00, 平仓盈亏: 0.00, 市值: 0.00, 保证金: 0.00, 手续费: 0.00, 风险度: 0.00%
    INFO - 日期: 2023-01-06, 账户权益: 10000000.00, 可用资金: 10000000.00, 浮动盈亏: 0.00, 持仓盈亏: 0.00, 平仓盈亏: 0.00, 市值: 0.00, 保证金: 0.00, 手续费: 0.00, 风险度: 0.00%
    INFO - 日期: 2023-01-09, 账户权益: 10000000.00, 可用资金: 10000000.00, 浮动盈亏: 0.00, 持仓盈亏: 0.00, 平仓盈亏: 0.00, 市值: 0.00, 保证金: 0.00, 手续费: 0.00, 风险度: 0.00%
    INFO - 日期: 2023-01-10, 账户权益: 10000000.00, 可用资金: 10000000.00, 浮动盈亏: 0.00, 持仓盈亏: 0.00, 平仓盈亏: 0.00, 市值: 0.00, 保证金: 0.00, 手续费: 0.00, 风险度: 0.00%
    INFO - 日期: 2023-01-11, 账户权益: 10000000.00, 可用资金: 10000000.00, 浮动盈亏: 0.00, 持仓盈亏: 0.00, 平仓盈亏: 0.00, 市值: 0.00, 保证金: 0.00, 手续费: 0.00, 风险度: 0.00%
    INFO - 日期: 2023-01-12, 账户权益: 10000000.00, 可用资金: 10000000.00, 浮动盈亏: 0.00, 持仓盈亏: 0.00, 平仓盈亏: 0.00, 市值: 0.00, 保证金: 0.00, 手续费: 0.00, 风险度: 0.00%
    INFO - 日期: 2023-01-13, 账户权益: 10000000.00, 可用资金: 10000000.00, 浮动盈亏: 0.00, 持仓盈亏: 0.00, 平仓盈亏: 0.00, 市值: 0.00, 保证金: 0.00, 手续费: 0.00, 风险度: 0.00%
    INFO - 日期: 2023-01-16, 账户权益: 10000000.00, 可用资金: 10000000.00, 浮动盈亏: 0.00, 持仓盈亏: 0.00, 平仓盈亏: 0.00, 市值: 0.00, 保证金: 0.00, 手续费: 0.00, 风险度: 0.00%
    INFO - 日期: 2023-01-17, 账户权益: 10000000.00, 可用资金: 10000000.00, 浮动盈亏: 0.00, 持仓盈亏: 0.00, 平仓盈亏: 0.00, 市值: 0.00, 保证金: 0.00, 手续费: 0.00, 风险度: 0.00%
    INFO - 日期: 2023-01-18, 账户权益: 10000000.00, 可用资金: 10000000.00, 浮动盈亏: 0.00, 持仓盈亏: 0.00, 平仓盈亏: 0.00, 市值: 0.00, 保证金: 0.00, 手续费: 0.00, 风险度: 0.00%
    INFO - 日期: 2023-01-19, 账户权益: 10000000.00, 可用资金: 10000000.00, 浮动盈亏: 0.00, 持仓盈亏: 0.00, 平仓盈亏: 0.00, 市值: 0.00, 保证金: 0.00, 手续费: 0.00, 风险度: 0.00%
    INFO - 日期: 2023-01-20, 账户权益: 10000000.00, 可用资金: 10000000.00, 浮动盈亏: 0.00, 持仓盈亏: 0.00, 平仓盈亏: 0.00, 市值: 0.00, 保证金: 0.00, 手续费: 0.00, 风险度: 0.00%
    INFO - 日期: 2023-01-30, 账户权益: 10000000.00, 可用资金: 10000000.00, 浮动盈亏: 0.00, 持仓盈亏: 0.00, 平仓盈亏: 0.00, 市值: 0.00, 保证金: 0.00, 手续费: 0.00, 风险度: 0.00%
    INFO - 日期: 2023-01-31, 账户权益: 10000000.00, 可用资金: 10000000.00, 浮动盈亏: 0.00, 持仓盈亏: 0.00, 平仓盈亏: 0.00, 市值: 0.00, 保证金: 0.00, 手续费: 0.00, 风险度: 0.00%
    INFO - 日期: 2023-02-01, 账户权益: 10000000.00, 可用资金: 10000000.00, 浮动盈亏: 0.00, 持仓盈亏: 0.00, 平仓盈亏: 0.00, 市值: 0.00, 保证金: 0.00, 手续费: 0.00, 风险度: 0.00%
    INFO - 日期: 2023-02-02, 账户权益: 10000000.00, 可用资金: 10000000.00, 浮动盈亏: 0.00, 持仓盈亏: 0.00, 平仓盈亏: 0.00, 市值: 0.00, 保证金: 0.00, 手续费: 0.00, 风险度: 0.00%
    INFO - 日期: 2023-02-03, 账户权益: 10000000.00, 可用资金: 10000000.00, 浮动盈亏: 0.00, 持仓盈亏: 0.00, 平仓盈亏: 0.00, 市值: 0.00, 保证金: 0.00, 手续费: 0.00, 风险度: 0.00%
    INFO - 日期: 2023-02-06, 账户权益: 10000000.00, 可用资金: 10000000.00, 浮动盈亏: 0.00, 持仓盈亏: 0.00, 平仓盈亏: 0.00, 市值: 0.00, 保证金: 0.00, 手续费: 0.00, 风险度: 0.00%
    INFO - 日期: 2023-02-07, 账户权益: 10000000.00, 可用资金: 10000000.00, 浮动盈亏: 0.00, 持仓盈亏: 0.00, 平仓盈亏: 0.00, 市值: 0.00, 保证金: 0.00, 手续费: 0.00, 风险度: 0.00%
    INFO - 日期: 2023-02-08, 账户权益: 10000000.00, 可用资金: 10000000.00, 浮动盈亏: 0.00, 持仓盈亏: 0.00, 平仓盈亏: 0.00, 市值: 0.00, 保证金: 0.00, 手续费: 0.00, 风险度: 0.00%
    INFO - 日期: 2023-02-09, 账户权益: 10000000.00, 可用资金: 10000000.00, 浮动盈亏: 0.00, 持仓盈亏: 0.00, 平仓盈亏: 0.00, 市值: 0.00, 保证金: 0.00, 手续费: 0.00, 风险度: 0.00%
    INFO - 日期: 2023-02-10, 账户权益: 10000000.00, 可用资金: 10000000.00, 浮动盈亏: 0.00, 持仓盈亏: 0.00, 平仓盈亏: 0.00, 市值: 0.00, 保证金: 0.00, 手续费: 0.00, 风险度: 0.00%
    INFO - 日期: 2023-02-13, 账户权益: 10000000.00, 可用资金: 10000000.00, 浮动盈亏: 0.00, 持仓盈亏: 0.00, 平仓盈亏: 0.00, 市值: 0.00, 保证金: 0.00, 手续费: 0.00, 风险度: 0.00%
    INFO - 日期: 2023-02-14, 账户权益: 10000000.00, 可用资金: 10000000.00, 浮动盈亏: 0.00, 持仓盈亏: 0.00, 平仓盈亏: 0.00, 市值: 0.00, 保证金: 0.00, 手续费: 0.00, 风险度: 0.00%
    INFO - 日期: 2023-02-15, 账户权益: 10000000.00, 可用资金: 10000000.00, 浮动盈亏: 0.00, 持仓盈亏: 0.00, 平仓盈亏: 0.00, 市值: 0.00, 保证金: 0.00, 手续费: 0.00, 风险度: 0.00%
    INFO - 日期: 2023-02-16, 账户权益: 10000000.00, 可用资金: 10000000.00, 浮动盈亏: 0.00, 持仓盈亏: 0.00, 平仓盈亏: 0.00, 市值: 0.00, 保证金: 0.00, 手续费: 0.00, 风险度: 0.00%
    INFO - 日期: 2023-02-17, 账户权益: 10000000.00, 可用资金: 10000000.00, 浮动盈亏: 0.00, 持仓盈亏: 0.00, 平仓盈亏: 0.00, 市值: 0.00, 保证金: 0.00, 手续费: 0.00, 风险度: 0.00%
    INFO - 日期: 2023-02-20, 账户权益: 10000000.00, 可用资金: 10000000.00, 浮动盈亏: 0.00, 持仓盈亏: 0.00, 平仓盈亏: 0.00, 市值: 0.00, 保证金: 0.00, 手续费: 0.00, 风险度: 0.00%
    INFO - 日期: 2023-02-21, 账户权益: 10000000.00, 可用资金: 10000000.00, 浮动盈亏: 0.00, 持仓盈亏: 0.00, 平仓盈亏: 0.00, 市值: 0.00, 保证金: 0.00, 手续费: 0.00, 风险度: 0.00%
    INFO - 日期: 2023-02-22, 账户权益: 10000000.00, 可用资金: 10000000.00, 浮动盈亏: 0.00, 持仓盈亏: 0.00, 平仓盈亏: 0.00, 市值: 0.00, 保证金: 0.00, 手续费: 0.00, 风险度: 0.00%
    INFO - 日期: 2023-02-23, 账户权益: 10000000.00, 可用资金: 10000000.00, 浮动盈亏: 0.00, 持仓盈亏: 0.00, 平仓盈亏: 0.00, 市值: 0.00, 保证金: 0.00, 手续费: 0.00, 风险度: 0.00%
    INFO - 日期: 2023-02-24, 账户权益: 10000000.00, 可用资金: 10000000.00, 浮动盈亏: 0.00, 持仓盈亏: 0.00, 平仓盈亏: 0.00, 市值: 0.00, 保证金: 0.00, 手续费: 0.00, 风险度: 0.00%
    INFO - 日期: 2023-02-27, 账户权益: 10000000.00, 可用资金: 10000000.00, 浮动盈亏: 0.00, 持仓盈亏: 0.00, 平仓盈亏: 0.00, 市值: 0.00, 保证金: 0.00, 手续费: 0.00, 风险度: 0.00%
    INFO - 日期: 2023-02-28, 账户权益: 10000000.00, 可用资金: 10000000.00, 浮动盈亏: 0.00, 持仓盈亏: 0.00, 平仓盈亏: 0.00, 市值: 0.00, 保证金: 0.00, 手续费: 0.00, 风险度: 0.00%
    INFO - 日期: 2023-03-01, 账户权益: 10000000.00, 可用资金: 10000000.00, 浮动盈亏: 0.00, 持仓盈亏: 0.00, 平仓盈亏: 0.00, 市值: 0.00, 保证金: 0.00, 手续费: 0.00, 风险度: 0.00%
    INFO - 日期: 2023-03-02, 账户权益: 10000000.00, 可用资金: 10000000.00, 浮动盈亏: 0.00, 持仓盈亏: 0.00, 平仓盈亏: 0.00, 市值: 0.00, 保证金: 0.00, 手续费: 0.00, 风险度: 0.00%
    INFO - 日期: 2023-03-03, 账户权益: 10000000.00, 可用资金: 10000000.00, 浮动盈亏: 0.00, 持仓盈亏: 0.00, 平仓盈亏: 0.00, 市值: 0.00, 保证金: 0.00, 手续费: 0.00, 风险度: 0.00%
    INFO - 日期: 2023-03-06, 账户权益: 10000000.00, 可用资金: 10000000.00, 浮动盈亏: 0.00, 持仓盈亏: 0.00, 平仓盈亏: 0.00, 市值: 0.00, 保证金: 0.00, 手续费: 0.00, 风险度: 0.00%
    INFO - 日期: 2023-03-07, 账户权益: 10000000.00, 可用资金: 10000000.00, 浮动盈亏: 0.00, 持仓盈亏: 0.00, 平仓盈亏: 0.00, 市值: 0.00, 保证金: 0.00, 手续费: 0.00, 风险度: 0.00%
    INFO - 日期: 2023-03-08, 账户权益: 10000000.00, 可用资金: 10000000.00, 浮动盈亏: 0.00, 持仓盈亏: 0.00, 平仓盈亏: 0.00, 市值: 0.00, 保证金: 0.00, 手续费: 0.00, 风险度: 0.00%
    INFO - 日期: 2023-03-09, 账户权益: 10000000.00, 可用资金: 10000000.00, 浮动盈亏: 0.00, 持仓盈亏: 0.00, 平仓盈亏: 0.00, 市值: 0.00, 保证金: 0.00, 手续费: 0.00, 风险度: 0.00%
    INFO - 日期: 2023-03-10, 账户权益: 10000000.00, 可用资金: 10000000.00, 浮动盈亏: 0.00, 持仓盈亏: 0.00, 平仓盈亏: 0.00, 市值: 0.00, 保证金: 0.00, 手续费: 0.00, 风险度: 0.00%
    INFO - 日期: 2023-03-13, 账户权益: 10000000.00, 可用资金: 10000000.00, 浮动盈亏: 0.00, 持仓盈亏: 0.00, 平仓盈亏: 0.00, 市值: 0.00, 保证金: 0.00, 手续费: 0.00, 风险度: 0.00%
    INFO - 日期: 2023-03-14, 账户权益: 10000000.00, 可用资金: 10000000.00, 浮动盈亏: 0.00, 持仓盈亏: 0.00, 平仓盈亏: 0.00, 市值: 0.00, 保证金: 0.00, 手续费: 0.00, 风险度: 0.00%
    INFO - 日期: 2023-03-15, 账户权益: 10000000.00, 可用资金: 10000000.00, 浮动盈亏: 0.00, 持仓盈亏: 0.00, 平仓盈亏: 0.00, 市值: 0.00, 保证金: 0.00, 手续费: 0.00, 风险度: 0.00%
    INFO - 日期: 2023-03-16, 账户权益: 10000000.00, 可用资金: 10000000.00, 浮动盈亏: 0.00, 持仓盈亏: 0.00, 平仓盈亏: 0.00, 市值: 0.00, 保证金: 0.00, 手续费: 0.00, 风险度: 0.00%
    INFO - 日期: 2023-03-17, 账户权益: 10000000.00, 可用资金: 10000000.00, 浮动盈亏: 0.00, 持仓盈亏: 0.00, 平仓盈亏: 0.00, 市值: 0.00, 保证金: 0.00, 手续费: 0.00, 风险度: 0.00%
    INFO - 日期: 2023-03-20, 账户权益: 10000000.00, 可用资金: 10000000.00, 浮动盈亏: 0.00, 持仓盈亏: 0.00, 平仓盈亏: 0.00, 市值: 0.00, 保证金: 0.00, 手续费: 0.00, 风险度: 0.00%
    INFO - 日期: 2023-03-21, 账户权益: 10000000.00, 可用资金: 10000000.00, 浮动盈亏: 0.00, 持仓盈亏: 0.00, 平仓盈亏: 0.00, 市值: 0.00, 保证金: 0.00, 手续费: 0.00, 风险度: 0.00%
    INFO - 日期: 2023-03-22, 账户权益: 10000000.00, 可用资金: 10000000.00, 浮动盈亏: 0.00, 持仓盈亏: 0.00, 平仓盈亏: 0.00, 市值: 0.00, 保证金: 0.00, 手续费: 0.00, 风险度: 0.00%
    INFO - 日期: 2023-03-23, 账户权益: 10000000.00, 可用资金: 10000000.00, 浮动盈亏: 0.00, 持仓盈亏: 0.00, 平仓盈亏: 0.00, 市值: 0.00, 保证金: 0.00, 手续费: 0.00, 风险度: 0.00%
    INFO - 日期: 2023-03-24, 账户权益: 10000000.00, 可用资金: 10000000.00, 浮动盈亏: 0.00, 持仓盈亏: 0.00, 平仓盈亏: 0.00, 市值: 0.00, 保证金: 0.00, 手续费: 0.00, 风险度: 0.00%
    INFO - 日期: 2023-03-27, 账户权益: 10000000.00, 可用资金: 10000000.00, 浮动盈亏: 0.00, 持仓盈亏: 0.00, 平仓盈亏: 0.00, 市值: 0.00, 保证金: 0.00, 手续费: 0.00, 风险度: 0.00%
    INFO - 日期: 2023-03-28, 账户权益: 10000000.00, 可用资金: 10000000.00, 浮动盈亏: 0.00, 持仓盈亏: 0.00, 平仓盈亏: 0.00, 市值: 0.00, 保证金: 0.00, 手续费: 0.00, 风险度: 0.00%
    INFO - 日期: 2023-03-29, 账户权益: 10000000.00, 可用资金: 10000000.00, 浮动盈亏: 0.00, 持仓盈亏: 0.00, 平仓盈亏: 0.00, 市值: 0.00, 保证金: 0.00, 手续费: 0.00, 风险度: 0.00%
    INFO - 日期: 2023-03-30, 账户权益: 10000000.00, 可用资金: 10000000.00, 浮动盈亏: 0.00, 持仓盈亏: 0.00, 平仓盈亏: 0.00, 市值: 0.00, 保证金: 0.00, 手续费: 0.00, 风险度: 0.00%
    INFO - 日期: 2023-03-31, 账户权益: 10000000.00, 可用资金: 10000000.00, 浮动盈亏: 0.00, 持仓盈亏: 0.00, 平仓盈亏: 0.00, 市值: 0.00, 保证金: 0.00, 手续费: 0.00, 风险度: 0.00%
    INFO - 日期: 2023-04-03, 账户权益: 10000000.00, 可用资金: 10000000.00, 浮动盈亏: 0.00, 持仓盈亏: 0.00, 平仓盈亏: 0.00, 市值: 0.00, 保证金: 0.00, 手续费: 0.00, 风险度: 0.00%
    INFO - 胜率: 0.00%, 盈亏额比例: inf, 收益率: 0.00%, 年化收益率: 0.00%, 最大回撤: 0.00%, 年化夏普率: inf,年化索提诺比率: -15.8114
extracted rank=15 FG305.CZCE CZCE.FG305 rows=20939 elapsed=19.84
cached_raw rank=16 fu2501.SHFE SHFE.fu2501 rows=150 elapsed=0.0
    INFO - 模拟交易成交记录, 账户: TQSIM
    INFO - 模拟交易账户资金, 账户: TQSIM
    INFO - 日期: 2022-01-18, 账户权益: 10000000.00, 可用资金: 10000000.00, 浮动盈亏: 0.00, 持仓盈亏: 0.00, 平仓盈亏: 0.00, 市值: 0.00, 保证金: 0.00, 手续费: 0.00, 风险度: 0.00%
    INFO - 日期: 2022-01-19, 账户权益: 10000000.00, 可用资金: 10000000.00, 浮动盈亏: 0.00, 持仓盈亏: 0.00, 平仓盈亏: 0.00, 市值: 0.00, 保证金: 0.00, 手续费: 0.00, 风险度: 0.00%
    INFO - 日期: 2022-01-20, 账户权益: 10000000.00, 可用资金: 10000000.00, 浮动盈亏: 0.00, 持仓盈亏: 0.00, 平仓盈亏: 0.00, 市值: 0.00, 保证金: 0.00, 手续费: 0.00, 风险度: 0.00%
    INFO - 日期: 2022-01-21, 账户权益: 10000000.00, 可用资金: 10000000.00, 浮动盈亏: 0.00, 持仓盈亏: 0.00, 平仓盈亏: 0.00, 市值: 0.00, 保证金: 0.00, 手续费: 0.00, 风险度: 0.00%
    INFO - 日期: 2022-01-24, 账户权益: 10000000.00, 可用资金: 10000000.00, 浮动盈亏: 0.00, 持仓盈亏: 0.00, 平仓盈亏: 0.00, 市值: 0.00, 保证金: 0.00, 手续费: 0.00, 风险度: 0.00%
    INFO - 日期: 2022-01-25, 账户权益: 10000000.00, 可用资金: 10000000.00, 浮动盈亏: 0.00, 持仓盈亏: 0.00, 平仓盈亏: 0.00, 市值: 0.00, 保证金: 0.00, 手续费: 0.00, 风险度: 0.00%
    INFO - 日期: 2022-01-26, 账户权益: 10000000.00, 可用资金: 10000000.00, 浮动盈亏: 0.00, 持仓盈亏: 0.00, 平仓盈亏: 0.00, 市值: 0.00, 保证金: 0.00, 手续费: 0.00, 风险度: 0.00%
    INFO - 日期: 2022-01-27, 账户权益: 10000000.00, 可用资金: 10000000.00, 浮动盈亏: 0.00, 持仓盈亏: 0.00, 平仓盈亏: 0.00, 市值: 0.00, 保证金: 0.00, 手续费: 0.00, 风险度: 0.00%
    INFO - 日期: 2022-01-28, 账户权益: 10000000.00, 可用资金: 10000000.00, 浮动盈亏: 0.00, 持仓盈亏: 0.00, 平仓盈亏: 0.00, 市值: 0.00, 保证金: 0.00, 手续费: 0.00, 风险度: 0.00%
    INFO - 日期: 2022-02-07, 账户权益: 10000000.00, 可用资金: 10000000.00, 浮动盈亏: 0.00, 持仓盈亏: 0.00, 平仓盈亏: 0.00, 市值: 0.00, 保证金: 0.00, 手续费: 0.00, 风险度: 0.00%
    INFO - 日期: 2022-02-08, 账户权益: 10000000.00, 可用资金: 10000000.00, 浮动盈亏: 0.00, 持仓盈亏: 0.00, 平仓盈亏: 0.00, 市值: 0.00, 保证金: 0.00, 手续费: 0.00, 风险度: 0.00%
    INFO - 日期: 2022-02-09, 账户权益: 10000000.00, 可用资金: 10000000.00, 浮动盈亏: 0.00, 持仓盈亏: 0.00, 平仓盈亏: 0.00, 市值: 0.00, 保证金: 0.00, 手续费: 0.00, 风险度: 0.00%
    INFO - 日期: 2022-02-10, 账户权益: 10000000.00, 可用资金: 10000000.00, 浮动盈亏: 0.00, 持仓盈亏: 0.00, 平仓盈亏: 0.00, 市值: 0.00, 保证金: 0.00, 手续费: 0.00, 风险度: 0.00%
    INFO - 日期: 2022-02-11, 账户权益: 10000000.00, 可用资金: 10000000.00, 浮动盈亏: 0.00, 持仓盈亏: 0.00, 平仓盈亏: 0.00, 市值: 0.00, 保证金: 0.00, 手续费: 0.00, 风险度: 0.00%
    INFO - 日期: 2022-02-14, 账户权益: 10000000.00, 可用资金: 10000000.00, 浮动盈亏: 0.00, 持仓盈亏: 0.00, 平仓盈亏: 0.00, 市值: 0.00, 保证金: 0.00, 手续费: 0.00, 风险度: 0.00%
    INFO - 日期: 2022-02-15, 账户权益: 10000000.00, 可用资金: 10000000.00, 浮动盈亏: 0.00, 持仓盈亏: 0.00, 平仓盈亏: 0.00, 市值: 0.00, 保证金: 0.00, 手续费: 0.00, 风险度: 0.00%
    INFO - 日期: 2022-02-16, 账户权益: 10000000.00, 可用资金: 10000000.00, 浮动盈亏: 0.00, 持仓盈亏: 0.00, 平仓盈亏: 0.00, 市值: 0.00, 保证金: 0.00, 手续费: 0.00, 风险度: 0.00%
    INFO - 日期: 2022-02-17, 账户权益: 10000000.00, 可用资金: 10000000.00, 浮动盈亏: 0.00, 持仓盈亏: 0.00, 平仓盈亏: 0.00, 市值: 0.00, 保证金: 0.00, 手续费: 0.00, 风险度: 0.00%
    INFO - 日期: 2022-02-18, 账户权益: 10000000.00, 可用资金: 10000000.00, 浮动盈亏: 0.00, 持仓盈亏: 0.00, 平仓盈亏: 0.00, 市值: 0.00, 保证金: 0.00, 手续费: 0.00, 风险度: 0.00%
    INFO - 日期: 2022-02-21, 账户权益: 10000000.00, 可用资金: 10000000.00, 浮动盈亏: 0.00, 持仓盈亏: 0.00, 平仓盈亏: 0.00, 市值: 0.00, 保证金: 0.00, 手续费: 0.00, 风险度: 0.00%
    INFO - 日期: 2022-02-22, 账户权益: 10000000.00, 可用资金: 10000000.00, 浮动盈亏: 0.00, 持仓盈亏: 0.00, 平仓盈亏: 0.00, 市值: 0.00, 保证金: 0.00, 手续费: 0.00, 风险度: 0.00%
    INFO - 日期: 2022-02-23, 账户权益: 10000000.00, 可用资金: 10000000.00, 浮动盈亏: 0.00, 持仓盈亏: 0.00, 平仓盈亏: 0.00, 市值: 0.00, 保证金: 0.00, 手续费: 0.00, 风险度: 0.00%
    INFO - 日期: 2022-02-24, 账户权益: 10000000.00, 可用资金: 10000000.00, 浮动盈亏: 0.00, 持仓盈亏: 0.00, 平仓盈亏: 0.00, 市值: 0.00, 保证金: 0.00, 手续费: 0.00, 风险度: 0.00%
    INFO - 日期: 2022-02-25, 账户权益: 10000000.00, 可用资金: 10000000.00, 浮动盈亏: 0.00, 持仓盈亏: 0.00, 平仓盈亏: 0.00, 市值: 0.00, 保证金: 0.00, 手续费: 0.00, 风险度: 0.00%
    INFO - 日期: 2022-02-28, 账户权益: 10000000.00, 可用资金: 10000000.00, 浮动盈亏: 0.00, 持仓盈亏: 0.00, 平仓盈亏: 0.00, 市值: 0.00, 保证金: 0.00, 手续费: 0.00, 风险度: 0.00%
    INFO - 日期: 2022-03-01, 账户权益: 10000000.00, 可用资金: 10000000.00, 浮动盈亏: 0.00, 持仓盈亏: 0.00, 平仓盈亏: 0.00, 市值: 0.00, 保证金: 0.00, 手续费: 0.00, 风险度: 0.00%
    INFO - 日期: 2022-03-02, 账户权益: 10000000.00, 可用资金: 10000000.00, 浮动盈亏: 0.00, 持仓盈亏: 0.00, 平仓盈亏: 0.00, 市值: 0.00, 保证金: 0.00, 手续费: 0.00, 风险度: 0.00%
    INFO - 日期: 2022-03-03, 账户权益: 10000000.00, 可用资金: 10000000.00, 浮动盈亏: 0.00, 持仓盈亏: 0.00, 平仓盈亏: 0.00, 市值: 0.00, 保证金: 0.00, 手续费: 0.00, 风险度: 0.00%
    INFO - 日期: 2022-03-04, 账户权益: 10000000.00, 可用资金: 10000000.00, 浮动盈亏: 0.00, 持仓盈亏: 0.00, 平仓盈亏: 0.00, 市值: 0.00, 保证金: 0.00, 手续费: 0.00, 风险度: 0.00%
    INFO - 日期: 2022-03-07, 账户权益: 10000000.00, 可用资金: 10000000.00, 浮动盈亏: 0.00, 持仓盈亏: 0.00, 平仓盈亏: 0.00, 市值: 0.00, 保证金: 0.00, 手续费: 0.00, 风险度: 0.00%
    INFO - 日期: 2022-03-08, 账户权益: 10000000.00, 可用资金: 10000000.00, 浮动盈亏: 0.00, 持仓盈亏: 0.00, 平仓盈亏: 0.00, 市值: 0.00, 保证金: 0.00, 手续费: 0.00, 风险度: 0.00%
    INFO - 日期: 2022-03-09, 账户权益: 10000000.00, 可用资金: 10000000.00, 浮动盈亏: 0.00, 持仓盈亏: 0.00, 平仓盈亏: 0.00, 市值: 0.00, 保证金: 0.00, 手续费: 0.00, 风险度: 0.00%
    INFO - 日期: 2022-03-10, 账户权益: 10000000.00, 可用资金: 10000000.00, 浮动盈亏: 0.00, 持仓盈亏: 0.00, 平仓盈亏: 0.00, 市值: 0.00, 保证金: 0.00, 手续费: 0.00, 风险度: 0.00%
    INFO - 日期: 2022-03-11, 账户权益: 10000000.00, 可用资金: 10000000.00, 浮动盈亏: 0.00, 持仓盈亏: 0.00, 平仓盈亏: 0.00, 市值: 0.00, 保证金: 0.00, 手续费: 0.00, 风险度: 0.00%
    INFO - 日期: 2022-03-14, 账户权益: 10000000.00, 可用资金: 10000000.00, 浮动盈亏: 0.00, 持仓盈亏: 0.00, 平仓盈亏: 0.00, 市值: 0.00, 保证金: 0.00, 手续费: 0.00, 风险度: 0.00%
    INFO - 日期: 2022-03-15, 账户权益: 10000000.00, 可用资金: 10000000.00, 浮动盈亏: 0.00, 持仓盈亏: 0.00, 平仓盈亏: 0.00, 市值: 0.00, 保证金: 0.00, 手续费: 0.00, 风险度: 0.00%
    INFO - 日期: 2022-03-16, 账户权益: 10000000.00, 可用资金: 10000000.00, 浮动盈亏: 0.00, 持仓盈亏: 0.00, 平仓盈亏: 0.00, 市值: 0.00, 保证金: 0.00, 手续费: 0.00, 风险度: 0.00%
    INFO - 日期: 2022-03-17, 账户权益: 10000000.00, 可用资金: 10000000.00, 浮动盈亏: 0.00, 持仓盈亏: 0.00, 平仓盈亏: 0.00, 市值: 0.00, 保证金: 0.00, 手续费: 0.00, 风险度: 0.00%
    INFO - 日期: 2022-03-18, 账户权益: 10000000.00, 可用资金: 10000000.00, 浮动盈亏: 0.00, 持仓盈亏: 0.00, 平仓盈亏: 0.00, 市值: 0.00, 保证金: 0.00, 手续费: 0.00, 风险度: 0.00%
    INFO - 日期: 2022-03-21, 账户权益: 10000000.00, 可用资金: 10000000.00, 浮动盈亏: 0.00, 持仓盈亏: 0.00, 平仓盈亏: 0.00, 市值: 0.00, 保证金: 0.00, 手续费: 0.00, 风险度: 0.00%
    INFO - 日期: 2022-03-22, 账户权益: 10000000.00, 可用资金: 10000000.00, 浮动盈亏: 0.00, 持仓盈亏: 0.00, 平仓盈亏: 0.00, 市值: 0.00, 保证金: 0.00, 手续费: 0.00, 风险度: 0.00%
    INFO - 日期: 2022-03-23, 账户权益: 10000000.00, 可用资金: 10000000.00, 浮动盈亏: 0.00, 持仓盈亏: 0.00, 平仓盈亏: 0.00, 市值: 0.00, 保证金: 0.00, 手续费: 0.00, 风险度: 0.00%
    INFO - 日期: 2022-03-24, 账户权益: 10000000.00, 可用资金: 10000000.00, 浮动盈亏: 0.00, 持仓盈亏: 0.00, 平仓盈亏: 0.00, 市值: 0.00, 保证金: 0.00, 手续费: 0.00, 风险度: 0.00%
    INFO - 胜率: 0.00%, 盈亏额比例: inf, 收益率: 0.00%, 年化收益率: 0.00%, 最大回撤: 0.00%, 年化夏普率: inf,年化索提诺比率: -15.8114
    INFO - 回测结束
extracted rank=17 FG205.CZCE CZCE.FG205 rows=14175 elapsed=14.89
    INFO - 模拟交易成交记录, 账户: TQSIM
    INFO - 模拟交易账户资金, 账户: TQSIM
    INFO - 日期: 2022-01-05, 账户权益: 10000000.00, 可用资金: 10000000.00, 浮动盈亏: 0.00, 持仓盈亏: 0.00, 平仓盈亏: 0.00, 市值: 0.00, 保证金: 0.00, 手续费: 0.00, 风险度: 0.00%
    INFO - 日期: 2022-01-06, 账户权益: 10000000.00, 可用资金: 10000000.00, 浮动盈亏: 0.00, 持仓盈亏: 0.00, 平仓盈亏: 0.00, 市值: 0.00, 保证金: 0.00, 手续费: 0.00, 风险度: 0.00%
    INFO - 日期: 2022-01-07, 账户权益: 10000000.00, 可用资金: 10000000.00, 浮动盈亏: 0.00, 持仓盈亏: 0.00, 平仓盈亏: 0.00, 市值: 0.00, 保证金: 0.00, 手续费: 0.00, 风险度: 0.00%
    INFO - 日期: 2022-01-10, 账户权益: 10000000.00, 可用资金: 10000000.00, 浮动盈亏: 0.00, 持仓盈亏: 0.00, 平仓盈亏: 0.00, 市值: 0.00, 保证金: 0.00, 手续费: 0.00, 风险度: 0.00%
    INFO - 日期: 2022-01-11, 账户权益: 10000000.00, 可用资金: 10000000.00, 浮动盈亏: 0.00, 持仓盈亏: 0.00, 平仓盈亏: 0.00, 市值: 0.00, 保证金: 0.00, 手续费: 0.00, 风险度: 0.00%
    INFO - 日期: 2022-01-12, 账户权益: 10000000.00, 可用资金: 10000000.00, 浮动盈亏: 0.00, 持仓盈亏: 0.00, 平仓盈亏: 0.00, 市值: 0.00, 保证金: 0.00, 手续费: 0.00, 风险度: 0.00%
    INFO - 日期: 2022-01-13, 账户权益: 10000000.00, 可用资金: 10000000.00, 浮动盈亏: 0.00, 持仓盈亏: 0.00, 平仓盈亏: 0.00, 市值: 0.00, 保证金: 0.00, 手续费: 0.00, 风险度: 0.00%
    INFO - 日期: 2022-01-14, 账户权益: 10000000.00, 可用资金: 10000000.00, 浮动盈亏: 0.00, 持仓盈亏: 0.00, 平仓盈亏: 0.00, 市值: 0.00, 保证金: 0.00, 手续费: 0.00, 风险度: 0.00%
    INFO - 日期: 2022-01-17, 账户权益: 10000000.00, 可用资金: 10000000.00, 浮动盈亏: 0.00, 持仓盈亏: 0.00, 平仓盈亏: 0.00, 市值: 0.00, 保证金: 0.00, 手续费: 0.00, 风险度: 0.00%
    INFO - 日期: 2022-01-18, 账户权益: 10000000.00, 可用资金: 10000000.00, 浮动盈亏: 0.00, 持仓盈亏: 0.00, 平仓盈亏: 0.00, 市值: 0.00, 保证金: 0.00, 手续费: 0.00, 风险度: 0.00%
    INFO - 日期: 2022-01-19, 账户权益: 10000000.00, 可用资金: 10000000.00, 浮动盈亏: 0.00, 持仓盈亏: 0.00, 平仓盈亏: 0.00, 市值: 0.00, 保证金: 0.00, 手续费: 0.00, 风险度: 0.00%
    INFO - 日期: 2022-01-20, 账户权益: 10000000.00, 可用资金: 10000000.00, 浮动盈亏: 0.00, 持仓盈亏: 0.00, 平仓盈亏: 0.00, 市值: 0.00, 保证金: 0.00, 手续费: 0.00, 风险度: 0.00%
    INFO - 日期: 2022-01-21, 账户权益: 10000000.00, 可用资金: 10000000.00, 浮动盈亏: 0.00, 持仓盈亏: 0.00, 平仓盈亏: 0.00, 市值: 0.00, 保证金: 0.00, 手续费: 0.00, 风险度: 0.00%
    INFO - 日期: 2022-01-24, 账户权益: 10000000.00, 可用资金: 10000000.00, 浮动盈亏: 0.00, 持仓盈亏: 0.00, 平仓盈亏: 0.00, 市值: 0.00, 保证金: 0.00, 手续费: 0.00, 风险度: 0.00%
    INFO - 日期: 2022-01-25, 账户权益: 10000000.00, 可用资金: 10000000.00, 浮动盈亏: 0.00, 持仓盈亏: 0.00, 平仓盈亏: 0.00, 市值: 0.00, 保证金: 0.00, 手续费: 0.00, 风险度: 0.00%
    INFO - 日期: 2022-01-26, 账户权益: 10000000.00, 可用资金: 10000000.00, 浮动盈亏: 0.00, 持仓盈亏: 0.00, 平仓盈亏: 0.00, 市值: 0.00, 保证金: 0.00, 手续费: 0.00, 风险度: 0.00%
    INFO - 日期: 2022-01-27, 账户权益: 10000000.00, 可用资金: 10000000.00, 浮动盈亏: 0.00, 持仓盈亏: 0.00, 平仓盈亏: 0.00, 市值: 0.00, 保证金: 0.00, 手续费: 0.00, 风险度: 0.00%
    INFO - 日期: 2022-01-28, 账户权益: 10000000.00, 可用资金: 10000000.00, 浮动盈亏: 0.00, 持仓盈亏: 0.00, 平仓盈亏: 0.00, 市值: 0.00, 保证金: 0.00, 手续费: 0.00, 风险度: 0.00%
    INFO - 日期: 2022-02-07, 账户权益: 10000000.00, 可用资金: 10000000.00, 浮动盈亏: 0.00, 持仓盈亏: 0.00, 平仓盈亏: 0.00, 市值: 0.00, 保证金: 0.00, 手续费: 0.00, 风险度: 0.00%
    INFO - 日期: 2022-02-08, 账户权益: 10000000.00, 可用资金: 10000000.00, 浮动盈亏: 0.00, 持仓盈亏: 0.00, 平仓盈亏: 0.00, 市值: 0.00, 保证金: 0.00, 手续费: 0.00, 风险度: 0.00%
    INFO - 日期: 2022-02-09, 账户权益: 10000000.00, 可用资金: 10000000.00, 浮动盈亏: 0.00, 持仓盈亏: 0.00, 平仓盈亏: 0.00, 市值: 0.00, 保证金: 0.00, 手续费: 0.00, 风险度: 0.00%
    INFO - 日期: 2022-02-10, 账户权益: 10000000.00, 可用资金: 10000000.00, 浮动盈亏: 0.00, 持仓盈亏: 0.00, 平仓盈亏: 0.00, 市值: 0.00, 保证金: 0.00, 手续费: 0.00, 风险度: 0.00%
    INFO - 日期: 2022-02-11, 账户权益: 10000000.00, 可用资金: 10000000.00, 浮动盈亏: 0.00, 持仓盈亏: 0.00, 平仓盈亏: 0.00, 市值: 0.00, 保证金: 0.00, 手续费: 0.00, 风险度: 0.00%
    INFO - 日期: 2022-02-14, 账户权益: 10000000.00, 可用资金: 10000000.00, 浮动盈亏: 0.00, 持仓盈亏: 0.00, 平仓盈亏: 0.00, 市值: 0.00, 保证金: 0.00, 手续费: 0.00, 风险度: 0.00%
    INFO - 日期: 2022-02-15, 账户权益: 10000000.00, 可用资金: 10000000.00, 浮动盈亏: 0.00, 持仓盈亏: 0.00, 平仓盈亏: 0.00, 市值: 0.00, 保证金: 0.00, 手续费: 0.00, 风险度: 0.00%
    INFO - 日期: 2022-02-16, 账户权益: 10000000.00, 可用资金: 10000000.00, 浮动盈亏: 0.00, 持仓盈亏: 0.00, 平仓盈亏: 0.00, 市值: 0.00, 保证金: 0.00, 手续费: 0.00, 风险度: 0.00%
    INFO - 日期: 2022-02-17, 账户权益: 10000000.00, 可用资金: 10000000.00, 浮动盈亏: 0.00, 持仓盈亏: 0.00, 平仓盈亏: 0.00, 市值: 0.00, 保证金: 0.00, 手续费: 0.00, 风险度: 0.00%
    INFO - 日期: 2022-02-18, 账户权益: 10000000.00, 可用资金: 10000000.00, 浮动盈亏: 0.00, 持仓盈亏: 0.00, 平仓盈亏: 0.00, 市值: 0.00, 保证金: 0.00, 手续费: 0.00, 风险度: 0.00%
    INFO - 日期: 2022-02-21, 账户权益: 10000000.00, 可用资金: 10000000.00, 浮动盈亏: 0.00, 持仓盈亏: 0.00, 平仓盈亏: 0.00, 市值: 0.00, 保证金: 0.00, 手续费: 0.00, 风险度: 0.00%
    INFO - 日期: 2022-02-22, 账户权益: 10000000.00, 可用资金: 10000000.00, 浮动盈亏: 0.00, 持仓盈亏: 0.00, 平仓盈亏: 0.00, 市值: 0.00, 保证金: 0.00, 手续费: 0.00, 风险度: 0.00%
    INFO - 日期: 2022-02-23, 账户权益: 10000000.00, 可用资金: 10000000.00, 浮动盈亏: 0.00, 持仓盈亏: 0.00, 平仓盈亏: 0.00, 市值: 0.00, 保证金: 0.00, 手续费: 0.00, 风险度: 0.00%
    INFO - 日期: 2022-02-24, 账户权益: 10000000.00, 可用资金: 10000000.00, 浮动盈亏: 0.00, 持仓盈亏: 0.00, 平仓盈亏: 0.00, 市值: 0.00, 保证金: 0.00, 手续费: 0.00, 风险度: 0.00%
    INFO - 日期: 2022-02-25, 账户权益: 10000000.00, 可用资金: 10000000.00, 浮动盈亏: 0.00, 持仓盈亏: 0.00, 平仓盈亏: 0.00, 市值: 0.00, 保证金: 0.00, 手续费: 0.00, 风险度: 0.00%
    INFO - 日期: 2022-02-28, 账户权益: 10000000.00, 可用资金: 10000000.00, 浮动盈亏: 0.00, 持仓盈亏: 0.00, 平仓盈亏: 0.00, 市值: 0.00, 保证金: 0.00, 手续费: 0.00, 风险度: 0.00%
    INFO - 日期: 2022-03-01, 账户权益: 10000000.00, 可用资金: 10000000.00, 浮动盈亏: 0.00, 持仓盈亏: 0.00, 平仓盈亏: 0.00, 市值: 0.00, 保证金: 0.00, 手续费: 0.00, 风险度: 0.00%
    INFO - 日期: 2022-03-02, 账户权益: 10000000.00, 可用资金: 10000000.00, 浮动盈亏: 0.00, 持仓盈亏: 0.00, 平仓盈亏: 0.00, 市值: 0.00, 保证金: 0.00, 手续费: 0.00, 风险度: 0.00%
    INFO - 日期: 2022-03-03, 账户权益: 10000000.00, 可用资金: 10000000.00, 浮动盈亏: 0.00, 持仓盈亏: 0.00, 平仓盈亏: 0.00, 市值: 0.00, 保证金: 0.00, 手续费: 0.00, 风险度: 0.00%
    INFO - 日期: 2022-03-04, 账户权益: 10000000.00, 可用资金: 10000000.00, 浮动盈亏: 0.00, 持仓盈亏: 0.00, 平仓盈亏: 0.00, 市值: 0.00, 保证金: 0.00, 手续费: 0.00, 风险度: 0.00%
    INFO - 日期: 2022-03-07, 账户权益: 10000000.00, 可用资金: 10000000.00, 浮动盈亏: 0.00, 持仓盈亏: 0.00, 平仓盈亏: 0.00, 市值: 0.00, 保证金: 0.00, 手续费: 0.00, 风险度: 0.00%
    INFO - 日期: 2022-03-08, 账户权益: 10000000.00, 可用资金: 10000000.00, 浮动盈亏: 0.00, 持仓盈亏: 0.00, 平仓盈亏: 0.00, 市值: 0.00, 保证金: 0.00, 手续费: 0.00, 风险度: 0.00%
    INFO - 日期: 2022-03-09, 账户权益: 10000000.00, 可用资金: 10000000.00, 浮动盈亏: 0.00, 持仓盈亏: 0.00, 平仓盈亏: 0.00, 市值: 0.00, 保证金: 0.00, 手续费: 0.00, 风险度: 0.00%
    INFO - 日期: 2022-03-10, 账户权益: 10000000.00, 可用资金: 10000000.00, 浮动盈亏: 0.00, 持仓盈亏: 0.00, 平仓盈亏: 0.00, 市值: 0.00, 保证金: 0.00, 手续费: 0.00, 风险度: 0.00%
    INFO - 日期: 2022-03-11, 账户权益: 10000000.00, 可用资金: 10000000.00, 浮动盈亏: 0.00, 持仓盈亏: 0.00, 平仓盈亏: 0.00, 市值: 0.00, 保证金: 0.00, 手续费: 0.00, 风险度: 0.00%
    INFO - 日期: 2022-03-14, 账户权益: 10000000.00, 可用资金: 10000000.00, 浮动盈亏: 0.00, 持仓盈亏: 0.00, 平仓盈亏: 0.00, 市值: 0.00, 保证金: 0.00, 手续费: 0.00, 风险度: 0.00%
    INFO - 日期: 2022-03-15, 账户权益: 10000000.00, 可用资金: 10000000.00, 浮动盈亏: 0.00, 持仓盈亏: 0.00, 平仓盈亏: 0.00, 市值: 0.00, 保证金: 0.00, 手续费: 0.00, 风险度: 0.00%
    INFO - 日期: 2022-03-16, 账户权益: 10000000.00, 可用资金: 10000000.00, 浮动盈亏: 0.00, 持仓盈亏: 0.00, 平仓盈亏: 0.00, 市值: 0.00, 保证金: 0.00, 手续费: 0.00, 风险度: 0.00%
    INFO - 日期: 2022-03-17, 账户权益: 10000000.00, 可用资金: 10000000.00, 浮动盈亏: 0.00, 持仓盈亏: 0.00, 平仓盈亏: 0.00, 市值: 0.00, 保证金: 0.00, 手续费: 0.00, 风险度: 0.00%
    INFO - 日期: 2022-03-18, 账户权益: 10000000.00, 可用资金: 10000000.00, 浮动盈亏: 0.00, 持仓盈亏: 0.00, 平仓盈亏: 0.00, 市值: 0.00, 保证金: 0.00, 手续费: 0.00, 风险度: 0.00%
    INFO - 日期: 2022-03-21, 账户权益: 10000000.00, 可用资金: 10000000.00, 浮动盈亏: 0.00, 持仓盈亏: 0.00, 平仓盈亏: 0.00, 市值: 0.00, 保证金: 0.00, 手续费: 0.00, 风险度: 0.00%
    INFO - 日期: 2022-03-22, 账户权益: 10000000.00, 可用资金: 10000000.00, 浮动盈亏: 0.00, 持仓盈亏: 0.00, 平仓盈亏: 0.00, 市值: 0.00, 保证金: 0.00, 手续费: 0.00, 风险度: 0.00%
    INFO - 日期: 2022-03-23, 账户权益: 10000000.00, 可用资金: 10000000.00, 浮动盈亏: 0.00, 持仓盈亏: 0.00, 平仓盈亏: 0.00, 市值: 0.00, 保证金: 0.00, 手续费: 0.00, 风险度: 0.00%
    INFO - 日期: 2022-03-24, 账户权益: 10000000.00, 可用资金: 10000000.00, 浮动盈亏: 0.00, 持仓盈亏: 0.00, 平仓盈亏: 0.00, 市值: 0.00, 保证金: 0.00, 手续费: 0.00, 风险度: 0.00%
    INFO - 日期: 2022-03-25, 账户权益: 10000000.00, 可用资金: 10000000.00, 浮动盈亏: 0.00, 持仓盈亏: 0.00, 平仓盈亏: 0.00, 市值: 0.00, 保证金: 0.00, 手续费: 0.00, 风险度: 0.00%
    INFO - 日期: 2022-03-28, 账户权益: 10000000.00, 可用资金: 10000000.00, 浮动盈亏: 0.00, 持仓盈亏: 0.00, 平仓盈亏: 0.00, 市值: 0.00, 保证金: 0.00, 手续费: 0.00, 风险度: 0.00%
    INFO - 日期: 2022-03-29, 账户权益: 10000000.00, 可用资金: 10000000.00, 浮动盈亏: 0.00, 持仓盈亏: 0.00, 平仓盈亏: 0.00, 市值: 0.00, 保证金: 0.00, 手续费: 0.00, 风险度: 0.00%
    INFO - 日期: 2022-03-30, 账户权益: 10000000.00, 可用资金: 10000000.00, 浮动盈亏: 0.00, 持仓盈亏: 0.00, 平仓盈亏: 0.00, 市值: 0.00, 保证金: 0.00, 手续费: 0.00, 风险度: 0.00%
    INFO - 日期: 2022-03-31, 账户权益: 10000000.00, 可用资金: 10000000.00, 浮动盈亏: 0.00, 持仓盈亏: 0.00, 平仓盈亏: 0.00, 市值: 0.00, 保证金: 0.00, 手续费: 0.00, 风险度: 0.00%
    INFO - 日期: 2022-04-01, 账户权益: 10000000.00, 可用资金: 10000000.00, 浮动盈亏: 0.00, 持仓盈亏: 0.00, 平仓盈亏: 0.00, 市值: 0.00, 保证金: 0.00, 手续费: 0.00, 风险度: 0.00%
    INFO - 日期: 2022-04-06, 账户权益: 10000000.00, 可用资金: 10000000.00, 浮动盈亏: 0.00, 持仓盈亏: 0.00, 平仓盈亏: 0.00, 市值: 0.00, 保证金: 0.00, 手续费: 0.00, 风险度: 0.00%
    INFO - 日期: 2022-04-07, 账户权益: 10000000.00, 可用资金: 10000000.00, 浮动盈亏: 0.00, 持仓盈亏: 0.00, 平仓盈亏: 0.00, 市值: 0.00, 保证金: 0.00, 手续费: 0.00, 风险度: 0.00%
    INFO - 日期: 2022-04-08, 账户权益: 10000000.00, 可用资金: 10000000.00, 浮动盈亏: 0.00, 持仓盈亏: 0.00, 平仓盈亏: 0.00, 市值: 0.00, 保证金: 0.00, 手续费: 0.00, 风险度: 0.00%
    INFO - 日期: 2022-04-11, 账户权益: 10000000.00, 可用资金: 10000000.00, 浮动盈亏: 0.00, 持仓盈亏: 0.00, 平仓盈亏: 0.00, 市值: 0.00, 保证金: 0.00, 手续费: 0.00, 风险度: 0.00%
    INFO - 日期: 2022-04-12, 账户权益: 10000000.00, 可用资金: 10000000.00, 浮动盈亏: 0.00, 持仓盈亏: 0.00, 平仓盈亏: 0.00, 市值: 0.00, 保证金: 0.00, 手续费: 0.00, 风险度: 0.00%
    INFO - 胜率: 0.00%, 盈亏额比例: inf, 收益率: 0.00%, 年化收益率: 0.00%, 最大回撤: 0.00%, 年化夏普率: inf,年化索提诺比率: -15.8114
    INFO - 回测结束
extracted rank=18 jm2205.DCE DCE.jm2205 rows=20955 elapsed=20.04
    INFO - 回测结束
    INFO - 模拟交易成交记录, 账户: TQSIM
    INFO - 模拟交易账户资金, 账户: TQSIM
    INFO - 日期: 2021-12-21, 账户权益: 10000000.00, 可用资金: 10000000.00, 浮动盈亏: 0.00, 持仓盈亏: 0.00, 平仓盈亏: 0.00, 市值: 0.00, 保证金: 0.00, 手续费: 0.00, 风险度: 0.00%
    INFO - 日期: 2021-12-22, 账户权益: 10000000.00, 可用资金: 10000000.00, 浮动盈亏: 0.00, 持仓盈亏: 0.00, 平仓盈亏: 0.00, 市值: 0.00, 保证金: 0.00, 手续费: 0.00, 风险度: 0.00%
    INFO - 日期: 2021-12-23, 账户权益: 10000000.00, 可用资金: 10000000.00, 浮动盈亏: 0.00, 持仓盈亏: 0.00, 平仓盈亏: 0.00, 市值: 0.00, 保证金: 0.00, 手续费: 0.00, 风险度: 0.00%
    INFO - 日期: 2021-12-24, 账户权益: 10000000.00, 可用资金: 10000000.00, 浮动盈亏: 0.00, 持仓盈亏: 0.00, 平仓盈亏: 0.00, 市值: 0.00, 保证金: 0.00, 手续费: 0.00, 风险度: 0.00%
    INFO - 日期: 2021-12-27, 账户权益: 10000000.00, 可用资金: 10000000.00, 浮动盈亏: 0.00, 持仓盈亏: 0.00, 平仓盈亏: 0.00, 市值: 0.00, 保证金: 0.00, 手续费: 0.00, 风险度: 0.00%
    INFO - 日期: 2021-12-28, 账户权益: 10000000.00, 可用资金: 10000000.00, 浮动盈亏: 0.00, 持仓盈亏: 0.00, 平仓盈亏: 0.00, 市值: 0.00, 保证金: 0.00, 手续费: 0.00, 风险度: 0.00%
    INFO - 日期: 2021-12-29, 账户权益: 10000000.00, 可用资金: 10000000.00, 浮动盈亏: 0.00, 持仓盈亏: 0.00, 平仓盈亏: 0.00, 市值: 0.00, 保证金: 0.00, 手续费: 0.00, 风险度: 0.00%
    INFO - 日期: 2021-12-30, 账户权益: 10000000.00, 可用资金: 10000000.00, 浮动盈亏: 0.00, 持仓盈亏: 0.00, 平仓盈亏: 0.00, 市值: 0.00, 保证金: 0.00, 手续费: 0.00, 风险度: 0.00%
    INFO - 日期: 2021-12-31, 账户权益: 10000000.00, 可用资金: 10000000.00, 浮动盈亏: 0.00, 持仓盈亏: 0.00, 平仓盈亏: 0.00, 市值: 0.00, 保证金: 0.00, 手续费: 0.00, 风险度: 0.00%
    INFO - 日期: 2022-01-04, 账户权益: 10000000.00, 可用资金: 10000000.00, 浮动盈亏: 0.00, 持仓盈亏: 0.00, 平仓盈亏: 0.00, 市值: 0.00, 保证金: 0.00, 手续费: 0.00, 风险度: 0.00%
    INFO - 日期: 2022-01-05, 账户权益: 10000000.00, 可用资金: 10000000.00, 浮动盈亏: 0.00, 持仓盈亏: 0.00, 平仓盈亏: 0.00, 市值: 0.00, 保证金: 0.00, 手续费: 0.00, 风险度: 0.00%
    INFO - 日期: 2022-01-06, 账户权益: 10000000.00, 可用资金: 10000000.00, 浮动盈亏: 0.00, 持仓盈亏: 0.00, 平仓盈亏: 0.00, 市值: 0.00, 保证金: 0.00, 手续费: 0.00, 风险度: 0.00%
    INFO - 日期: 2022-01-07, 账户权益: 10000000.00, 可用资金: 10000000.00, 浮动盈亏: 0.00, 持仓盈亏: 0.00, 平仓盈亏: 0.00, 市值: 0.00, 保证金: 0.00, 手续费: 0.00, 风险度: 0.00%
    INFO - 日期: 2022-01-10, 账户权益: 10000000.00, 可用资金: 10000000.00, 浮动盈亏: 0.00, 持仓盈亏: 0.00, 平仓盈亏: 0.00, 市值: 0.00, 保证金: 0.00, 手续费: 0.00, 风险度: 0.00%
    INFO - 日期: 2022-01-11, 账户权益: 10000000.00, 可用资金: 10000000.00, 浮动盈亏: 0.00, 持仓盈亏: 0.00, 平仓盈亏: 0.00, 市值: 0.00, 保证金: 0.00, 手续费: 0.00, 风险度: 0.00%
    INFO - 日期: 2022-01-12, 账户权益: 10000000.00, 可用资金: 10000000.00, 浮动盈亏: 0.00, 持仓盈亏: 0.00, 平仓盈亏: 0.00, 市值: 0.00, 保证金: 0.00, 手续费: 0.00, 风险度: 0.00%
    INFO - 日期: 2022-01-13, 账户权益: 10000000.00, 可用资金: 10000000.00, 浮动盈亏: 0.00, 持仓盈亏: 0.00, 平仓盈亏: 0.00, 市值: 0.00, 保证金: 0.00, 手续费: 0.00, 风险度: 0.00%
    INFO - 日期: 2022-01-14, 账户权益: 10000000.00, 可用资金: 10000000.00, 浮动盈亏: 0.00, 持仓盈亏: 0.00, 平仓盈亏: 0.00, 市值: 0.00, 保证金: 0.00, 手续费: 0.00, 风险度: 0.00%
    INFO - 日期: 2022-01-17, 账户权益: 10000000.00, 可用资金: 10000000.00, 浮动盈亏: 0.00, 持仓盈亏: 0.00, 平仓盈亏: 0.00, 市值: 0.00, 保证金: 0.00, 手续费: 0.00, 风险度: 0.00%
    INFO - 日期: 2022-01-18, 账户权益: 10000000.00, 可用资金: 10000000.00, 浮动盈亏: 0.00, 持仓盈亏: 0.00, 平仓盈亏: 0.00, 市值: 0.00, 保证金: 0.00, 手续费: 0.00, 风险度: 0.00%
    INFO - 日期: 2022-01-19, 账户权益: 10000000.00, 可用资金: 10000000.00, 浮动盈亏: 0.00, 持仓盈亏: 0.00, 平仓盈亏: 0.00, 市值: 0.00, 保证金: 0.00, 手续费: 0.00, 风险度: 0.00%
    INFO - 日期: 2022-01-20, 账户权益: 10000000.00, 可用资金: 10000000.00, 浮动盈亏: 0.00, 持仓盈亏: 0.00, 平仓盈亏: 0.00, 市值: 0.00, 保证金: 0.00, 手续费: 0.00, 风险度: 0.00%
    INFO - 日期: 2022-01-21, 账户权益: 10000000.00, 可用资金: 10000000.00, 浮动盈亏: 0.00, 持仓盈亏: 0.00, 平仓盈亏: 0.00, 市值: 0.00, 保证金: 0.00, 手续费: 0.00, 风险度: 0.00%
    INFO - 日期: 2022-01-24, 账户权益: 10000000.00, 可用资金: 10000000.00, 浮动盈亏: 0.00, 持仓盈亏: 0.00, 平仓盈亏: 0.00, 市值: 0.00, 保证金: 0.00, 手续费: 0.00, 风险度: 0.00%
    INFO - 日期: 2022-01-25, 账户权益: 10000000.00, 可用资金: 10000000.00, 浮动盈亏: 0.00, 持仓盈亏: 0.00, 平仓盈亏: 0.00, 市值: 0.00, 保证金: 0.00, 手续费: 0.00, 风险度: 0.00%
    INFO - 日期: 2022-01-26, 账户权益: 10000000.00, 可用资金: 10000000.00, 浮动盈亏: 0.00, 持仓盈亏: 0.00, 平仓盈亏: 0.00, 市值: 0.00, 保证金: 0.00, 手续费: 0.00, 风险度: 0.00%
    INFO - 日期: 2022-01-27, 账户权益: 10000000.00, 可用资金: 10000000.00, 浮动盈亏: 0.00, 持仓盈亏: 0.00, 平仓盈亏: 0.00, 市值: 0.00, 保证金: 0.00, 手续费: 0.00, 风险度: 0.00%
    INFO - 日期: 2022-01-28, 账户权益: 10000000.00, 可用资金: 10000000.00, 浮动盈亏: 0.00, 持仓盈亏: 0.00, 平仓盈亏: 0.00, 市值: 0.00, 保证金: 0.00, 手续费: 0.00, 风险度: 0.00%
    INFO - 日期: 2022-02-07, 账户权益: 10000000.00, 可用资金: 10000000.00, 浮动盈亏: 0.00, 持仓盈亏: 0.00, 平仓盈亏: 0.00, 市值: 0.00, 保证金: 0.00, 手续费: 0.00, 风险度: 0.00%
    INFO - 日期: 2022-02-08, 账户权益: 10000000.00, 可用资金: 10000000.00, 浮动盈亏: 0.00, 持仓盈亏: 0.00, 平仓盈亏: 0.00, 市值: 0.00, 保证金: 0.00, 手续费: 0.00, 风险度: 0.00%
    INFO - 日期: 2022-02-09, 账户权益: 10000000.00, 可用资金: 10000000.00, 浮动盈亏: 0.00, 持仓盈亏: 0.00, 平仓盈亏: 0.00, 市值: 0.00, 保证金: 0.00, 手续费: 0.00, 风险度: 0.00%
    INFO - 日期: 2022-02-10, 账户权益: 10000000.00, 可用资金: 10000000.00, 浮动盈亏: 0.00, 持仓盈亏: 0.00, 平仓盈亏: 0.00, 市值: 0.00, 保证金: 0.00, 手续费: 0.00, 风险度: 0.00%
    INFO - 日期: 2022-02-11, 账户权益: 10000000.00, 可用资金: 10000000.00, 浮动盈亏: 0.00, 持仓盈亏: 0.00, 平仓盈亏: 0.00, 市值: 0.00, 保证金: 0.00, 手续费: 0.00, 风险度: 0.00%
    INFO - 日期: 2022-02-14, 账户权益: 10000000.00, 可用资金: 10000000.00, 浮动盈亏: 0.00, 持仓盈亏: 0.00, 平仓盈亏: 0.00, 市值: 0.00, 保证金: 0.00, 手续费: 0.00, 风险度: 0.00%
    INFO - 日期: 2022-02-15, 账户权益: 10000000.00, 可用资金: 10000000.00, 浮动盈亏: 0.00, 持仓盈亏: 0.00, 平仓盈亏: 0.00, 市值: 0.00, 保证金: 0.00, 手续费: 0.00, 风险度: 0.00%
    INFO - 日期: 2022-02-16, 账户权益: 10000000.00, 可用资金: 10000000.00, 浮动盈亏: 0.00, 持仓盈亏: 0.00, 平仓盈亏: 0.00, 市值: 0.00, 保证金: 0.00, 手续费: 0.00, 风险度: 0.00%
    INFO - 日期: 2022-02-17, 账户权益: 10000000.00, 可用资金: 10000000.00, 浮动盈亏: 0.00, 持仓盈亏: 0.00, 平仓盈亏: 0.00, 市值: 0.00, 保证金: 0.00, 手续费: 0.00, 风险度: 0.00%
    INFO - 日期: 2022-02-18, 账户权益: 10000000.00, 可用资金: 10000000.00, 浮动盈亏: 0.00, 持仓盈亏: 0.00, 平仓盈亏: 0.00, 市值: 0.00, 保证金: 0.00, 手续费: 0.00, 风险度: 0.00%
    INFO - 日期: 2022-02-21, 账户权益: 10000000.00, 可用资金: 10000000.00, 浮动盈亏: 0.00, 持仓盈亏: 0.00, 平仓盈亏: 0.00, 市值: 0.00, 保证金: 0.00, 手续费: 0.00, 风险度: 0.00%
    INFO - 日期: 2022-02-22, 账户权益: 10000000.00, 可用资金: 10000000.00, 浮动盈亏: 0.00, 持仓盈亏: 0.00, 平仓盈亏: 0.00, 市值: 0.00, 保证金: 0.00, 手续费: 0.00, 风险度: 0.00%
    INFO - 日期: 2022-02-23, 账户权益: 10000000.00, 可用资金: 10000000.00, 浮动盈亏: 0.00, 持仓盈亏: 0.00, 平仓盈亏: 0.00, 市值: 0.00, 保证金: 0.00, 手续费: 0.00, 风险度: 0.00%
    INFO - 日期: 2022-02-24, 账户权益: 10000000.00, 可用资金: 10000000.00, 浮动盈亏: 0.00, 持仓盈亏: 0.00, 平仓盈亏: 0.00, 市值: 0.00, 保证金: 0.00, 手续费: 0.00, 风险度: 0.00%
    INFO - 日期: 2022-02-25, 账户权益: 10000000.00, 可用资金: 10000000.00, 浮动盈亏: 0.00, 持仓盈亏: 0.00, 平仓盈亏: 0.00, 市值: 0.00, 保证金: 0.00, 手续费: 0.00, 风险度: 0.00%
    INFO - 日期: 2022-02-28, 账户权益: 10000000.00, 可用资金: 10000000.00, 浮动盈亏: 0.00, 持仓盈亏: 0.00, 平仓盈亏: 0.00, 市值: 0.00, 保证金: 0.00, 手续费: 0.00, 风险度: 0.00%
    INFO - 日期: 2022-03-01, 账户权益: 10000000.00, 可用资金: 10000000.00, 浮动盈亏: 0.00, 持仓盈亏: 0.00, 平仓盈亏: 0.00, 市值: 0.00, 保证金: 0.00, 手续费: 0.00, 风险度: 0.00%
    INFO - 日期: 2022-03-02, 账户权益: 10000000.00, 可用资金: 10000000.00, 浮动盈亏: 0.00, 持仓盈亏: 0.00, 平仓盈亏: 0.00, 市值: 0.00, 保证金: 0.00, 手续费: 0.00, 风险度: 0.00%
    INFO - 日期: 2022-03-03, 账户权益: 10000000.00, 可用资金: 10000000.00, 浮动盈亏: 0.00, 持仓盈亏: 0.00, 平仓盈亏: 0.00, 市值: 0.00, 保证金: 0.00, 手续费: 0.00, 风险度: 0.00%
    INFO - 日期: 2022-03-04, 账户权益: 10000000.00, 可用资金: 10000000.00, 浮动盈亏: 0.00, 持仓盈亏: 0.00, 平仓盈亏: 0.00, 市值: 0.00, 保证金: 0.00, 手续费: 0.00, 风险度: 0.00%
    INFO - 日期: 2022-03-07, 账户权益: 10000000.00, 可用资金: 10000000.00, 浮动盈亏: 0.00, 持仓盈亏: 0.00, 平仓盈亏: 0.00, 市值: 0.00, 保证金: 0.00, 手续费: 0.00, 风险度: 0.00%
    INFO - 日期: 2022-03-08, 账户权益: 10000000.00, 可用资金: 10000000.00, 浮动盈亏: 0.00, 持仓盈亏: 0.00, 平仓盈亏: 0.00, 市值: 0.00, 保证金: 0.00, 手续费: 0.00, 风险度: 0.00%
    INFO - 日期: 2022-03-09, 账户权益: 10000000.00, 可用资金: 10000000.00, 浮动盈亏: 0.00, 持仓盈亏: 0.00, 平仓盈亏: 0.00, 市值: 0.00, 保证金: 0.00, 手续费: 0.00, 风险度: 0.00%
    INFO - 日期: 2022-03-10, 账户权益: 10000000.00, 可用资金: 10000000.00, 浮动盈亏: 0.00, 持仓盈亏: 0.00, 平仓盈亏: 0.00, 市值: 0.00, 保证金: 0.00, 手续费: 0.00, 风险度: 0.00%
    INFO - 日期: 2022-03-11, 账户权益: 10000000.00, 可用资金: 10000000.00, 浮动盈亏: 0.00, 持仓盈亏: 0.00, 平仓盈亏: 0.00, 市值: 0.00, 保证金: 0.00, 手续费: 0.00, 风险度: 0.00%
    INFO - 日期: 2022-03-14, 账户权益: 10000000.00, 可用资金: 10000000.00, 浮动盈亏: 0.00, 持仓盈亏: 0.00, 平仓盈亏: 0.00, 市值: 0.00, 保证金: 0.00, 手续费: 0.00, 风险度: 0.00%
    INFO - 胜率: 0.00%, 盈亏额比例: inf, 收益率: 0.00%, 年化收益率: 0.00%, 最大回撤: 0.00%, 年化夏普率: inf,年化索提诺比率: -15.8114
extracted rank=19 MA205.CZCE CZCE.MA205 rows=17834 elapsed=18.17
    INFO - 模拟交易成交记录, 账户: TQSIM
    INFO - 模拟交易账户资金, 账户: TQSIM
    INFO - 日期: 2021-04-12, 账户权益: 10000000.00, 可用资金: 10000000.00, 浮动盈亏: 0.00, 持仓盈亏: 0.00, 平仓盈亏: 0.00, 市值: 0.00, 保证金: 0.00, 手续费: 0.00, 风险度: 0.00%
    INFO - 日期: 2021-04-13, 账户权益: 10000000.00, 可用资金: 10000000.00, 浮动盈亏: 0.00, 持仓盈亏: 0.00, 平仓盈亏: 0.00, 市值: 0.00, 保证金: 0.00, 手续费: 0.00, 风险度: 0.00%
    INFO - 日期: 2021-04-14, 账户权益: 10000000.00, 可用资金: 10000000.00, 浮动盈亏: 0.00, 持仓盈亏: 0.00, 平仓盈亏: 0.00, 市值: 0.00, 保证金: 0.00, 手续费: 0.00, 风险度: 0.00%
    INFO - 日期: 2021-04-15, 账户权益: 10000000.00, 可用资金: 10000000.00, 浮动盈亏: 0.00, 持仓盈亏: 0.00, 平仓盈亏: 0.00, 市值: 0.00, 保证金: 0.00, 手续费: 0.00, 风险度: 0.00%
    INFO - 日期: 2021-04-16, 账户权益: 10000000.00, 可用资金: 10000000.00, 浮动盈亏: 0.00, 持仓盈亏: 0.00, 平仓盈亏: 0.00, 市值: 0.00, 保证金: 0.00, 手续费: 0.00, 风险度: 0.00%
    INFO - 日期: 2021-04-19, 账户权益: 10000000.00, 可用资金: 10000000.00, 浮动盈亏: 0.00, 持仓盈亏: 0.00, 平仓盈亏: 0.00, 市值: 0.00, 保证金: 0.00, 手续费: 0.00, 风险度: 0.00%
    INFO - 日期: 2021-04-20, 账户权益: 10000000.00, 可用资金: 10000000.00, 浮动盈亏: 0.00, 持仓盈亏: 0.00, 平仓盈亏: 0.00, 市值: 0.00, 保证金: 0.00, 手续费: 0.00, 风险度: 0.00%
    INFO - 日期: 2021-04-21, 账户权益: 10000000.00, 可用资金: 10000000.00, 浮动盈亏: 0.00, 持仓盈亏: 0.00, 平仓盈亏: 0.00, 市值: 0.00, 保证金: 0.00, 手续费: 0.00, 风险度: 0.00%
    INFO - 日期: 2021-04-22, 账户权益: 10000000.00, 可用资金: 10000000.00, 浮动盈亏: 0.00, 持仓盈亏: 0.00, 平仓盈亏: 0.00, 市值: 0.00, 保证金: 0.00, 手续费: 0.00, 风险度: 0.00%
    INFO - 日期: 2021-04-23, 账户权益: 10000000.00, 可用资金: 10000000.00, 浮动盈亏: 0.00, 持仓盈亏: 0.00, 平仓盈亏: 0.00, 市值: 0.00, 保证金: 0.00, 手续费: 0.00, 风险度: 0.00%
    INFO - 日期: 2021-04-26, 账户权益: 10000000.00, 可用资金: 10000000.00, 浮动盈亏: 0.00, 持仓盈亏: 0.00, 平仓盈亏: 0.00, 市值: 0.00, 保证金: 0.00, 手续费: 0.00, 风险度: 0.00%
    INFO - 日期: 2021-04-27, 账户权益: 10000000.00, 可用资金: 10000000.00, 浮动盈亏: 0.00, 持仓盈亏: 0.00, 平仓盈亏: 0.00, 市值: 0.00, 保证金: 0.00, 手续费: 0.00, 风险度: 0.00%
    INFO - 日期: 2021-04-28, 账户权益: 10000000.00, 可用资金: 10000000.00, 浮动盈亏: 0.00, 持仓盈亏: 0.00, 平仓盈亏: 0.00, 市值: 0.00, 保证金: 0.00, 手续费: 0.00, 风险度: 0.00%
    INFO - 日期: 2021-04-29, 账户权益: 10000000.00, 可用资金: 10000000.00, 浮动盈亏: 0.00, 持仓盈亏: 0.00, 平仓盈亏: 0.00, 市值: 0.00, 保证金: 0.00, 手续费: 0.00, 风险度: 0.00%
    INFO - 日期: 2021-04-30, 账户权益: 10000000.00, 可用资金: 10000000.00, 浮动盈亏: 0.00, 持仓盈亏: 0.00, 平仓盈亏: 0.00, 市值: 0.00, 保证金: 0.00, 手续费: 0.00, 风险度: 0.00%
    INFO - 日期: 2021-05-06, 账户权益: 10000000.00, 可用资金: 10000000.00, 浮动盈亏: 0.00, 持仓盈亏: 0.00, 平仓盈亏: 0.00, 市值: 0.00, 保证金: 0.00, 手续费: 0.00, 风险度: 0.00%
    INFO - 日期: 2021-05-07, 账户权益: 10000000.00, 可用资金: 10000000.00, 浮动盈亏: 0.00, 持仓盈亏: 0.00, 平仓盈亏: 0.00, 市值: 0.00, 保证金: 0.00, 手续费: 0.00, 风险度: 0.00%
    INFO - 日期: 2021-05-10, 账户权益: 10000000.00, 可用资金: 10000000.00, 浮动盈亏: 0.00, 持仓盈亏: 0.00, 平仓盈亏: 0.00, 市值: 0.00, 保证金: 0.00, 手续费: 0.00, 风险度: 0.00%
    INFO - 日期: 2021-05-11, 账户权益: 10000000.00, 可用资金: 10000000.00, 浮动盈亏: 0.00, 持仓盈亏: 0.00, 平仓盈亏: 0.00, 市值: 0.00, 保证金: 0.00, 手续费: 0.00, 风险度: 0.00%
    INFO - 日期: 2021-05-12, 账户权益: 10000000.00, 可用资金: 10000000.00, 浮动盈亏: 0.00, 持仓盈亏: 0.00, 平仓盈亏: 0.00, 市值: 0.00, 保证金: 0.00, 手续费: 0.00, 风险度: 0.00%
    INFO - 日期: 2021-05-13, 账户权益: 10000000.00, 可用资金: 10000000.00, 浮动盈亏: 0.00, 持仓盈亏: 0.00, 平仓盈亏: 0.00, 市值: 0.00, 保证金: 0.00, 手续费: 0.00, 风险度: 0.00%
    INFO - 日期: 2021-05-14, 账户权益: 10000000.00, 可用资金: 10000000.00, 浮动盈亏: 0.00, 持仓盈亏: 0.00, 平仓盈亏: 0.00, 市值: 0.00, 保证金: 0.00, 手续费: 0.00, 风险度: 0.00%
    INFO - 日期: 2021-05-17, 账户权益: 10000000.00, 可用资金: 10000000.00, 浮动盈亏: 0.00, 持仓盈亏: 0.00, 平仓盈亏: 0.00, 市值: 0.00, 保证金: 0.00, 手续费: 0.00, 风险度: 0.00%
    INFO - 日期: 2021-05-18, 账户权益: 10000000.00, 可用资金: 10000000.00, 浮动盈亏: 0.00, 持仓盈亏: 0.00, 平仓盈亏: 0.00, 市值: 0.00, 保证金: 0.00, 手续费: 0.00, 风险度: 0.00%
    INFO - 日期: 2021-05-19, 账户权益: 10000000.00, 可用资金: 10000000.00, 浮动盈亏: 0.00, 持仓盈亏: 0.00, 平仓盈亏: 0.00, 市值: 0.00, 保证金: 0.00, 手续费: 0.00, 风险度: 0.00%
    INFO - 日期: 2021-05-20, 账户权益: 10000000.00, 可用资金: 10000000.00, 浮动盈亏: 0.00, 持仓盈亏: 0.00, 平仓盈亏: 0.00, 市值: 0.00, 保证金: 0.00, 手续费: 0.00, 风险度: 0.00%
    INFO - 日期: 2021-05-21, 账户权益: 10000000.00, 可用资金: 10000000.00, 浮动盈亏: 0.00, 持仓盈亏: 0.00, 平仓盈亏: 0.00, 市值: 0.00, 保证金: 0.00, 手续费: 0.00, 风险度: 0.00%
    INFO - 日期: 2021-05-24, 账户权益: 10000000.00, 可用资金: 10000000.00, 浮动盈亏: 0.00, 持仓盈亏: 0.00, 平仓盈亏: 0.00, 市值: 0.00, 保证金: 0.00, 手续费: 0.00, 风险度: 0.00%
    INFO - 日期: 2021-05-25, 账户权益: 10000000.00, 可用资金: 10000000.00, 浮动盈亏: 0.00, 持仓盈亏: 0.00, 平仓盈亏: 0.00, 市值: 0.00, 保证金: 0.00, 手续费: 0.00, 风险度: 0.00%
    INFO - 日期: 2021-05-26, 账户权益: 10000000.00, 可用资金: 10000000.00, 浮动盈亏: 0.00, 持仓盈亏: 0.00, 平仓盈亏: 0.00, 市值: 0.00, 保证金: 0.00, 手续费: 0.00, 风险度: 0.00%
    INFO - 日期: 2021-05-27, 账户权益: 10000000.00, 可用资金: 10000000.00, 浮动盈亏: 0.00, 持仓盈亏: 0.00, 平仓盈亏: 0.00, 市值: 0.00, 保证金: 0.00, 手续费: 0.00, 风险度: 0.00%
    INFO - 日期: 2021-05-28, 账户权益: 10000000.00, 可用资金: 10000000.00, 浮动盈亏: 0.00, 持仓盈亏: 0.00, 平仓盈亏: 0.00, 市值: 0.00, 保证金: 0.00, 手续费: 0.00, 风险度: 0.00%
    INFO - 日期: 2021-05-31, 账户权益: 10000000.00, 可用资金: 10000000.00, 浮动盈亏: 0.00, 持仓盈亏: 0.00, 平仓盈亏: 0.00, 市值: 0.00, 保证金: 0.00, 手续费: 0.00, 风险度: 0.00%
    INFO - 日期: 2021-06-01, 账户权益: 10000000.00, 可用资金: 10000000.00, 浮动盈亏: 0.00, 持仓盈亏: 0.00, 平仓盈亏: 0.00, 市值: 0.00, 保证金: 0.00, 手续费: 0.00, 风险度: 0.00%
    INFO - 日期: 2021-06-02, 账户权益: 10000000.00, 可用资金: 10000000.00, 浮动盈亏: 0.00, 持仓盈亏: 0.00, 平仓盈亏: 0.00, 市值: 0.00, 保证金: 0.00, 手续费: 0.00, 风险度: 0.00%
    INFO - 日期: 2021-06-03, 账户权益: 10000000.00, 可用资金: 10000000.00, 浮动盈亏: 0.00, 持仓盈亏: 0.00, 平仓盈亏: 0.00, 市值: 0.00, 保证金: 0.00, 手续费: 0.00, 风险度: 0.00%
    INFO - 日期: 2021-06-04, 账户权益: 10000000.00, 可用资金: 10000000.00, 浮动盈亏: 0.00, 持仓盈亏: 0.00, 平仓盈亏: 0.00, 市值: 0.00, 保证金: 0.00, 手续费: 0.00, 风险度: 0.00%
    INFO - 日期: 2021-06-07, 账户权益: 10000000.00, 可用资金: 10000000.00, 浮动盈亏: 0.00, 持仓盈亏: 0.00, 平仓盈亏: 0.00, 市值: 0.00, 保证金: 0.00, 手续费: 0.00, 风险度: 0.00%
    INFO - 日期: 2021-06-08, 账户权益: 10000000.00, 可用资金: 10000000.00, 浮动盈亏: 0.00, 持仓盈亏: 0.00, 平仓盈亏: 0.00, 市值: 0.00, 保证金: 0.00, 手续费: 0.00, 风险度: 0.00%
    INFO - 日期: 2021-06-09, 账户权益: 10000000.00, 可用资金: 10000000.00, 浮动盈亏: 0.00, 持仓盈亏: 0.00, 平仓盈亏: 0.00, 市值: 0.00, 保证金: 0.00, 手续费: 0.00, 风险度: 0.00%
    INFO - 日期: 2021-06-10, 账户权益: 10000000.00, 可用资金: 10000000.00, 浮动盈亏: 0.00, 持仓盈亏: 0.00, 平仓盈亏: 0.00, 市值: 0.00, 保证金: 0.00, 手续费: 0.00, 风险度: 0.00%
    INFO - 日期: 2021-06-11, 账户权益: 10000000.00, 可用资金: 10000000.00, 浮动盈亏: 0.00, 持仓盈亏: 0.00, 平仓盈亏: 0.00, 市值: 0.00, 保证金: 0.00, 手续费: 0.00, 风险度: 0.00%
    INFO - 日期: 2021-06-15, 账户权益: 10000000.00, 可用资金: 10000000.00, 浮动盈亏: 0.00, 持仓盈亏: 0.00, 平仓盈亏: 0.00, 市值: 0.00, 保证金: 0.00, 手续费: 0.00, 风险度: 0.00%
    INFO - 日期: 2021-06-16, 账户权益: 10000000.00, 可用资金: 10000000.00, 浮动盈亏: 0.00, 持仓盈亏: 0.00, 平仓盈亏: 0.00, 市值: 0.00, 保证金: 0.00, 手续费: 0.00, 风险度: 0.00%
    INFO - 日期: 2021-06-17, 账户权益: 10000000.00, 可用资金: 10000000.00, 浮动盈亏: 0.00, 持仓盈亏: 0.00, 平仓盈亏: 0.00, 市值: 0.00, 保证金: 0.00, 手续费: 0.00, 风险度: 0.00%
    INFO - 日期: 2021-06-18, 账户权益: 10000000.00, 可用资金: 10000000.00, 浮动盈亏: 0.00, 持仓盈亏: 0.00, 平仓盈亏: 0.00, 市值: 0.00, 保证金: 0.00, 手续费: 0.00, 风险度: 0.00%
    INFO - 日期: 2021-06-21, 账户权益: 10000000.00, 可用资金: 10000000.00, 浮动盈亏: 0.00, 持仓盈亏: 0.00, 平仓盈亏: 0.00, 市值: 0.00, 保证金: 0.00, 手续费: 0.00, 风险度: 0.00%
    INFO - 日期: 2021-06-22, 账户权益: 10000000.00, 可用资金: 10000000.00, 浮动盈亏: 0.00, 持仓盈亏: 0.00, 平仓盈亏: 0.00, 市值: 0.00, 保证金: 0.00, 手续费: 0.00, 风险度: 0.00%
    INFO - 日期: 2021-06-23, 账户权益: 10000000.00, 可用资金: 10000000.00, 浮动盈亏: 0.00, 持仓盈亏: 0.00, 平仓盈亏: 0.00, 市值: 0.00, 保证金: 0.00, 手续费: 0.00, 风险度: 0.00%
    INFO - 日期: 2021-06-24, 账户权益: 10000000.00, 可用资金: 10000000.00, 浮动盈亏: 0.00, 持仓盈亏: 0.00, 平仓盈亏: 0.00, 市值: 0.00, 保证金: 0.00, 手续费: 0.00, 风险度: 0.00%
    INFO - 日期: 2021-06-25, 账户权益: 10000000.00, 可用资金: 10000000.00, 浮动盈亏: 0.00, 持仓盈亏: 0.00, 平仓盈亏: 0.00, 市值: 0.00, 保证金: 0.00, 手续费: 0.00, 风险度: 0.00%
    INFO - 日期: 2021-06-28, 账户权益: 10000000.00, 可用资金: 10000000.00, 浮动盈亏: 0.00, 持仓盈亏: 0.00, 平仓盈亏: 0.00, 市值: 0.00, 保证金: 0.00, 手续费: 0.00, 风险度: 0.00%
    INFO - 日期: 2021-06-29, 账户权益: 10000000.00, 可用资金: 10000000.00, 浮动盈亏: 0.00, 持仓盈亏: 0.00, 平仓盈亏: 0.00, 市值: 0.00, 保证金: 0.00, 手续费: 0.00, 风险度: 0.00%
    INFO - 日期: 2021-06-30, 账户权益: 10000000.00, 可用资金: 10000000.00, 浮动盈亏: 0.00, 持仓盈亏: 0.00, 平仓盈亏: 0.00, 市值: 0.00, 保证金: 0.00, 手续费: 0.00, 风险度: 0.00%
    INFO - 日期: 2021-07-01, 账户权益: 10000000.00, 可用资金: 10000000.00, 浮动盈亏: 0.00, 持仓盈亏: 0.00, 平仓盈亏: 0.00, 市值: 0.00, 保证金: 0.00, 手续费: 0.00, 风险度: 0.00%
    INFO - 日期: 2021-07-02, 账户权益: 10000000.00, 可用资金: 10000000.00, 浮动盈亏: 0.00, 持仓盈亏: 0.00, 平仓盈亏: 0.00, 市值: 0.00, 保证金: 0.00, 手续费: 0.00, 风险度: 0.00%
    INFO - 日期: 2021-07-05, 账户权益: 10000000.00, 可用资金: 10000000.00, 浮动盈亏: 0.00, 持仓盈亏: 0.00, 平仓盈亏: 0.00, 市值: 0.00, 保证金: 0.00, 手续费: 0.00, 风险度: 0.00%
    INFO - 日期: 2021-07-06, 账户权益: 10000000.00, 可用资金: 10000000.00, 浮动盈亏: 0.00, 持仓盈亏: 0.00, 平仓盈亏: 0.00, 市值: 0.00, 保证金: 0.00, 手续费: 0.00, 风险度: 0.00%
    INFO - 日期: 2021-07-07, 账户权益: 10000000.00, 可用资金: 10000000.00, 浮动盈亏: 0.00, 持仓盈亏: 0.00, 平仓盈亏: 0.00, 市值: 0.00, 保证金: 0.00, 手续费: 0.00, 风险度: 0.00%
    INFO - 日期: 2021-07-08, 账户权益: 10000000.00, 可用资金: 10000000.00, 浮动盈亏: 0.00, 持仓盈亏: 0.00, 平仓盈亏: 0.00, 市值: 0.00, 保证金: 0.00, 手续费: 0.00, 风险度: 0.00%
    INFO - 日期: 2021-07-09, 账户权益: 10000000.00, 可用资金: 10000000.00, 浮动盈亏: 0.00, 持仓盈亏: 0.00, 平仓盈亏: 0.00, 市值: 0.00, 保证金: 0.00, 手续费: 0.00, 风险度: 0.00%
    INFO - 日期: 2021-07-12, 账户权益: 10000000.00, 可用资金: 10000000.00, 浮动盈亏: 0.00, 持仓盈亏: 0.00, 平仓盈亏: 0.00, 市值: 0.00, 保证金: 0.00, 手续费: 0.00, 风险度: 0.00%
    INFO - 日期: 2021-07-13, 账户权益: 10000000.00, 可用资金: 10000000.00, 浮动盈亏: 0.00, 持仓盈亏: 0.00, 平仓盈亏: 0.00, 市值: 0.00, 保证金: 0.00, 手续费: 0.00, 风险度: 0.00%
    INFO - 日期: 2021-07-14, 账户权益: 10000000.00, 可用资金: 10000000.00, 浮动盈亏: 0.00, 持仓盈亏: 0.00, 平仓盈亏: 0.00, 市值: 0.00, 保证金: 0.00, 手续费: 0.00, 风险度: 0.00%
    INFO - 日期: 2021-07-15, 账户权益: 10000000.00, 可用资金: 10000000.00, 浮动盈亏: 0.00, 持仓盈亏: 0.00, 平仓盈亏: 0.00, 市值: 0.00, 保证金: 0.00, 手续费: 0.00, 风险度: 0.00%
    INFO - 日期: 2021-07-16, 账户权益: 10000000.00, 可用资金: 10000000.00, 浮动盈亏: 0.00, 持仓盈亏: 0.00, 平仓盈亏: 0.00, 市值: 0.00, 保证金: 0.00, 手续费: 0.00, 风险度: 0.00%
    INFO - 日期: 2021-07-19, 账户权益: 10000000.00, 可用资金: 10000000.00, 浮动盈亏: 0.00, 持仓盈亏: 0.00, 平仓盈亏: 0.00, 市值: 0.00, 保证金: 0.00, 手续费: 0.00, 风险度: 0.00%
    INFO - 日期: 2021-07-20, 账户权益: 10000000.00, 可用资金: 10000000.00, 浮动盈亏: 0.00, 持仓盈亏: 0.00, 平仓盈亏: 0.00, 市值: 0.00, 保证金: 0.00, 手续费: 0.00, 风险度: 0.00%
    INFO - 日期: 2021-07-21, 账户权益: 10000000.00, 可用资金: 10000000.00, 浮动盈亏: 0.00, 持仓盈亏: 0.00, 平仓盈亏: 0.00, 市值: 0.00, 保证金: 0.00, 手续费: 0.00, 风险度: 0.00%
    INFO - 胜率: 0.00%, 盈亏额比例: inf, 收益率: 0.00%, 年化收益率: 0.00%, 最大回撤: 0.00%, 年化夏普率: inf,年化索提诺比率: -15.8114
    INFO - 回测结束
extracted rank=20 rb2110.SHFE SHFE.rb2110 rows=23025 elapsed=21.59
    INFO - 模拟交易成交记录, 账户: TQSIM
    INFO - 模拟交易账户资金, 账户: TQSIM
    INFO - 日期: 2021-05-14, 账户权益: 10000000.00, 可用资金: 10000000.00, 浮动盈亏: 0.00, 持仓盈亏: 0.00, 平仓盈亏: 0.00, 市值: 0.00, 保证金: 0.00, 手续费: 0.00, 风险度: 0.00%
    INFO - 日期: 2021-05-17, 账户权益: 10000000.00, 可用资金: 10000000.00, 浮动盈亏: 0.00, 持仓盈亏: 0.00, 平仓盈亏: 0.00, 市值: 0.00, 保证金: 0.00, 手续费: 0.00, 风险度: 0.00%
    INFO - 日期: 2021-05-18, 账户权益: 10000000.00, 可用资金: 10000000.00, 浮动盈亏: 0.00, 持仓盈亏: 0.00, 平仓盈亏: 0.00, 市值: 0.00, 保证金: 0.00, 手续费: 0.00, 风险度: 0.00%
    INFO - 日期: 2021-05-19, 账户权益: 10000000.00, 可用资金: 10000000.00, 浮动盈亏: 0.00, 持仓盈亏: 0.00, 平仓盈亏: 0.00, 市值: 0.00, 保证金: 0.00, 手续费: 0.00, 风险度: 0.00%
    INFO - 日期: 2021-05-20, 账户权益: 10000000.00, 可用资金: 10000000.00, 浮动盈亏: 0.00, 持仓盈亏: 0.00, 平仓盈亏: 0.00, 市值: 0.00, 保证金: 0.00, 手续费: 0.00, 风险度: 0.00%
    INFO - 日期: 2021-05-21, 账户权益: 10000000.00, 可用资金: 10000000.00, 浮动盈亏: 0.00, 持仓盈亏: 0.00, 平仓盈亏: 0.00, 市值: 0.00, 保证金: 0.00, 手续费: 0.00, 风险度: 0.00%
    INFO - 日期: 2021-05-24, 账户权益: 10000000.00, 可用资金: 10000000.00, 浮动盈亏: 0.00, 持仓盈亏: 0.00, 平仓盈亏: 0.00, 市值: 0.00, 保证金: 0.00, 手续费: 0.00, 风险度: 0.00%
    INFO - 日期: 2021-05-25, 账户权益: 10000000.00, 可用资金: 10000000.00, 浮动盈亏: 0.00, 持仓盈亏: 0.00, 平仓盈亏: 0.00, 市值: 0.00, 保证金: 0.00, 手续费: 0.00, 风险度: 0.00%
    INFO - 日期: 2021-05-26, 账户权益: 10000000.00, 可用资金: 10000000.00, 浮动盈亏: 0.00, 持仓盈亏: 0.00, 平仓盈亏: 0.00, 市值: 0.00, 保证金: 0.00, 手续费: 0.00, 风险度: 0.00%
    INFO - 日期: 2021-05-27, 账户权益: 10000000.00, 可用资金: 10000000.00, 浮动盈亏: 0.00, 持仓盈亏: 0.00, 平仓盈亏: 0.00, 市值: 0.00, 保证金: 0.00, 手续费: 0.00, 风险度: 0.00%
    INFO - 日期: 2021-05-28, 账户权益: 10000000.00, 可用资金: 10000000.00, 浮动盈亏: 0.00, 持仓盈亏: 0.00, 平仓盈亏: 0.00, 市值: 0.00, 保证金: 0.00, 手续费: 0.00, 风险度: 0.00%
    INFO - 日期: 2021-05-31, 账户权益: 10000000.00, 可用资金: 10000000.00, 浮动盈亏: 0.00, 持仓盈亏: 0.00, 平仓盈亏: 0.00, 市值: 0.00, 保证金: 0.00, 手续费: 0.00, 风险度: 0.00%
    INFO - 日期: 2021-06-01, 账户权益: 10000000.00, 可用资金: 10000000.00, 浮动盈亏: 0.00, 持仓盈亏: 0.00, 平仓盈亏: 0.00, 市值: 0.00, 保证金: 0.00, 手续费: 0.00, 风险度: 0.00%
    INFO - 日期: 2021-06-02, 账户权益: 10000000.00, 可用资金: 10000000.00, 浮动盈亏: 0.00, 持仓盈亏: 0.00, 平仓盈亏: 0.00, 市值: 0.00, 保证金: 0.00, 手续费: 0.00, 风险度: 0.00%
    INFO - 日期: 2021-06-03, 账户权益: 10000000.00, 可用资金: 10000000.00, 浮动盈亏: 0.00, 持仓盈亏: 0.00, 平仓盈亏: 0.00, 市值: 0.00, 保证金: 0.00, 手续费: 0.00, 风险度: 0.00%
    INFO - 日期: 2021-06-04, 账户权益: 10000000.00, 可用资金: 10000000.00, 浮动盈亏: 0.00, 持仓盈亏: 0.00, 平仓盈亏: 0.00, 市值: 0.00, 保证金: 0.00, 手续费: 0.00, 风险度: 0.00%
    INFO - 日期: 2021-06-07, 账户权益: 10000000.00, 可用资金: 10000000.00, 浮动盈亏: 0.00, 持仓盈亏: 0.00, 平仓盈亏: 0.00, 市值: 0.00, 保证金: 0.00, 手续费: 0.00, 风险度: 0.00%
    INFO - 日期: 2021-06-08, 账户权益: 10000000.00, 可用资金: 10000000.00, 浮动盈亏: 0.00, 持仓盈亏: 0.00, 平仓盈亏: 0.00, 市值: 0.00, 保证金: 0.00, 手续费: 0.00, 风险度: 0.00%
    INFO - 日期: 2021-06-09, 账户权益: 10000000.00, 可用资金: 10000000.00, 浮动盈亏: 0.00, 持仓盈亏: 0.00, 平仓盈亏: 0.00, 市值: 0.00, 保证金: 0.00, 手续费: 0.00, 风险度: 0.00%
    INFO - 日期: 2021-06-10, 账户权益: 10000000.00, 可用资金: 10000000.00, 浮动盈亏: 0.00, 持仓盈亏: 0.00, 平仓盈亏: 0.00, 市值: 0.00, 保证金: 0.00, 手续费: 0.00, 风险度: 0.00%
    INFO - 日期: 2021-06-11, 账户权益: 10000000.00, 可用资金: 10000000.00, 浮动盈亏: 0.00, 持仓盈亏: 0.00, 平仓盈亏: 0.00, 市值: 0.00, 保证金: 0.00, 手续费: 0.00, 风险度: 0.00%
    INFO - 日期: 2021-06-15, 账户权益: 10000000.00, 可用资金: 10000000.00, 浮动盈亏: 0.00, 持仓盈亏: 0.00, 平仓盈亏: 0.00, 市值: 0.00, 保证金: 0.00, 手续费: 0.00, 风险度: 0.00%
    INFO - 日期: 2021-06-16, 账户权益: 10000000.00, 可用资金: 10000000.00, 浮动盈亏: 0.00, 持仓盈亏: 0.00, 平仓盈亏: 0.00, 市值: 0.00, 保证金: 0.00, 手续费: 0.00, 风险度: 0.00%
    INFO - 日期: 2021-06-17, 账户权益: 10000000.00, 可用资金: 10000000.00, 浮动盈亏: 0.00, 持仓盈亏: 0.00, 平仓盈亏: 0.00, 市值: 0.00, 保证金: 0.00, 手续费: 0.00, 风险度: 0.00%
    INFO - 日期: 2021-06-18, 账户权益: 10000000.00, 可用资金: 10000000.00, 浮动盈亏: 0.00, 持仓盈亏: 0.00, 平仓盈亏: 0.00, 市值: 0.00, 保证金: 0.00, 手续费: 0.00, 风险度: 0.00%
    INFO - 日期: 2021-06-21, 账户权益: 10000000.00, 可用资金: 10000000.00, 浮动盈亏: 0.00, 持仓盈亏: 0.00, 平仓盈亏: 0.00, 市值: 0.00, 保证金: 0.00, 手续费: 0.00, 风险度: 0.00%
    INFO - 日期: 2021-06-22, 账户权益: 10000000.00, 可用资金: 10000000.00, 浮动盈亏: 0.00, 持仓盈亏: 0.00, 平仓盈亏: 0.00, 市值: 0.00, 保证金: 0.00, 手续费: 0.00, 风险度: 0.00%
    INFO - 日期: 2021-06-23, 账户权益: 10000000.00, 可用资金: 10000000.00, 浮动盈亏: 0.00, 持仓盈亏: 0.00, 平仓盈亏: 0.00, 市值: 0.00, 保证金: 0.00, 手续费: 0.00, 风险度: 0.00%
    INFO - 日期: 2021-06-24, 账户权益: 10000000.00, 可用资金: 10000000.00, 浮动盈亏: 0.00, 持仓盈亏: 0.00, 平仓盈亏: 0.00, 市值: 0.00, 保证金: 0.00, 手续费: 0.00, 风险度: 0.00%
    INFO - 日期: 2021-06-25, 账户权益: 10000000.00, 可用资金: 10000000.00, 浮动盈亏: 0.00, 持仓盈亏: 0.00, 平仓盈亏: 0.00, 市值: 0.00, 保证金: 0.00, 手续费: 0.00, 风险度: 0.00%
    INFO - 日期: 2021-06-28, 账户权益: 10000000.00, 可用资金: 10000000.00, 浮动盈亏: 0.00, 持仓盈亏: 0.00, 平仓盈亏: 0.00, 市值: 0.00, 保证金: 0.00, 手续费: 0.00, 风险度: 0.00%
    INFO - 日期: 2021-06-29, 账户权益: 10000000.00, 可用资金: 10000000.00, 浮动盈亏: 0.00, 持仓盈亏: 0.00, 平仓盈亏: 0.00, 市值: 0.00, 保证金: 0.00, 手续费: 0.00, 风险度: 0.00%
    INFO - 日期: 2021-06-30, 账户权益: 10000000.00, 可用资金: 10000000.00, 浮动盈亏: 0.00, 持仓盈亏: 0.00, 平仓盈亏: 0.00, 市值: 0.00, 保证金: 0.00, 手续费: 0.00, 风险度: 0.00%
    INFO - 日期: 2021-07-01, 账户权益: 10000000.00, 可用资金: 10000000.00, 浮动盈亏: 0.00, 持仓盈亏: 0.00, 平仓盈亏: 0.00, 市值: 0.00, 保证金: 0.00, 手续费: 0.00, 风险度: 0.00%
    INFO - 日期: 2021-07-02, 账户权益: 10000000.00, 可用资金: 10000000.00, 浮动盈亏: 0.00, 持仓盈亏: 0.00, 平仓盈亏: 0.00, 市值: 0.00, 保证金: 0.00, 手续费: 0.00, 风险度: 0.00%
    INFO - 日期: 2021-07-05, 账户权益: 10000000.00, 可用资金: 10000000.00, 浮动盈亏: 0.00, 持仓盈亏: 0.00, 平仓盈亏: 0.00, 市值: 0.00, 保证金: 0.00, 手续费: 0.00, 风险度: 0.00%
    INFO - 日期: 2021-07-06, 账户权益: 10000000.00, 可用资金: 10000000.00, 浮动盈亏: 0.00, 持仓盈亏: 0.00, 平仓盈亏: 0.00, 市值: 0.00, 保证金: 0.00, 手续费: 0.00, 风险度: 0.00%
    INFO - 日期: 2021-07-07, 账户权益: 10000000.00, 可用资金: 10000000.00, 浮动盈亏: 0.00, 持仓盈亏: 0.00, 平仓盈亏: 0.00, 市值: 0.00, 保证金: 0.00, 手续费: 0.00, 风险度: 0.00%
    INFO - 日期: 2021-07-08, 账户权益: 10000000.00, 可用资金: 10000000.00, 浮动盈亏: 0.00, 持仓盈亏: 0.00, 平仓盈亏: 0.00, 市值: 0.00, 保证金: 0.00, 手续费: 0.00, 风险度: 0.00%
    INFO - 胜率: 0.00%, 盈亏额比例: inf, 收益率: 0.00%, 年化收益率: 0.00%, 最大回撤: 0.00%, 年化夏普率: inf,年化索提诺比率: -15.8114
    INFO - 回测结束
extracted rank=21 SA109.CZCE CZCE.SA109 rows=12795 elapsed=13.86
    INFO - 回测结束
    INFO - 模拟交易成交记录, 账户: TQSIM
    INFO - 模拟交易账户资金, 账户: TQSIM
    INFO - 日期: 2020-01-09, 账户权益: 10000000.00, 可用资金: 10000000.00, 浮动盈亏: 0.00, 持仓盈亏: 0.00, 平仓盈亏: 0.00, 市值: 0.00, 保证金: 0.00, 手续费: 0.00, 风险度: 0.00%
    INFO - 日期: 2020-01-10, 账户权益: 10000000.00, 可用资金: 10000000.00, 浮动盈亏: 0.00, 持仓盈亏: 0.00, 平仓盈亏: 0.00, 市值: 0.00, 保证金: 0.00, 手续费: 0.00, 风险度: 0.00%
    INFO - 日期: 2020-01-13, 账户权益: 10000000.00, 可用资金: 10000000.00, 浮动盈亏: 0.00, 持仓盈亏: 0.00, 平仓盈亏: 0.00, 市值: 0.00, 保证金: 0.00, 手续费: 0.00, 风险度: 0.00%
    INFO - 日期: 2020-01-14, 账户权益: 10000000.00, 可用资金: 10000000.00, 浮动盈亏: 0.00, 持仓盈亏: 0.00, 平仓盈亏: 0.00, 市值: 0.00, 保证金: 0.00, 手续费: 0.00, 风险度: 0.00%
    INFO - 日期: 2020-01-15, 账户权益: 10000000.00, 可用资金: 10000000.00, 浮动盈亏: 0.00, 持仓盈亏: 0.00, 平仓盈亏: 0.00, 市值: 0.00, 保证金: 0.00, 手续费: 0.00, 风险度: 0.00%
    INFO - 日期: 2020-01-16, 账户权益: 10000000.00, 可用资金: 10000000.00, 浮动盈亏: 0.00, 持仓盈亏: 0.00, 平仓盈亏: 0.00, 市值: 0.00, 保证金: 0.00, 手续费: 0.00, 风险度: 0.00%
    INFO - 日期: 2020-01-17, 账户权益: 10000000.00, 可用资金: 10000000.00, 浮动盈亏: 0.00, 持仓盈亏: 0.00, 平仓盈亏: 0.00, 市值: 0.00, 保证金: 0.00, 手续费: 0.00, 风险度: 0.00%
    INFO - 日期: 2020-01-20, 账户权益: 10000000.00, 可用资金: 10000000.00, 浮动盈亏: 0.00, 持仓盈亏: 0.00, 平仓盈亏: 0.00, 市值: 0.00, 保证金: 0.00, 手续费: 0.00, 风险度: 0.00%
    INFO - 日期: 2020-01-21, 账户权益: 10000000.00, 可用资金: 10000000.00, 浮动盈亏: 0.00, 持仓盈亏: 0.00, 平仓盈亏: 0.00, 市值: 0.00, 保证金: 0.00, 手续费: 0.00, 风险度: 0.00%
    INFO - 日期: 2020-01-22, 账户权益: 10000000.00, 可用资金: 10000000.00, 浮动盈亏: 0.00, 持仓盈亏: 0.00, 平仓盈亏: 0.00, 市值: 0.00, 保证金: 0.00, 手续费: 0.00, 风险度: 0.00%
    INFO - 日期: 2020-01-23, 账户权益: 10000000.00, 可用资金: 10000000.00, 浮动盈亏: 0.00, 持仓盈亏: 0.00, 平仓盈亏: 0.00, 市值: 0.00, 保证金: 0.00, 手续费: 0.00, 风险度: 0.00%
    INFO - 日期: 2020-02-03, 账户权益: 10000000.00, 可用资金: 10000000.00, 浮动盈亏: 0.00, 持仓盈亏: 0.00, 平仓盈亏: 0.00, 市值: 0.00, 保证金: 0.00, 手续费: 0.00, 风险度: 0.00%
    INFO - 日期: 2020-02-04, 账户权益: 10000000.00, 可用资金: 10000000.00, 浮动盈亏: 0.00, 持仓盈亏: 0.00, 平仓盈亏: 0.00, 市值: 0.00, 保证金: 0.00, 手续费: 0.00, 风险度: 0.00%
    INFO - 日期: 2020-02-05, 账户权益: 10000000.00, 可用资金: 10000000.00, 浮动盈亏: 0.00, 持仓盈亏: 0.00, 平仓盈亏: 0.00, 市值: 0.00, 保证金: 0.00, 手续费: 0.00, 风险度: 0.00%
    INFO - 日期: 2020-02-06, 账户权益: 10000000.00, 可用资金: 10000000.00, 浮动盈亏: 0.00, 持仓盈亏: 0.00, 平仓盈亏: 0.00, 市值: 0.00, 保证金: 0.00, 手续费: 0.00, 风险度: 0.00%
    INFO - 日期: 2020-02-07, 账户权益: 10000000.00, 可用资金: 10000000.00, 浮动盈亏: 0.00, 持仓盈亏: 0.00, 平仓盈亏: 0.00, 市值: 0.00, 保证金: 0.00, 手续费: 0.00, 风险度: 0.00%
    INFO - 日期: 2020-02-10, 账户权益: 10000000.00, 可用资金: 10000000.00, 浮动盈亏: 0.00, 持仓盈亏: 0.00, 平仓盈亏: 0.00, 市值: 0.00, 保证金: 0.00, 手续费: 0.00, 风险度: 0.00%
    INFO - 日期: 2020-02-11, 账户权益: 10000000.00, 可用资金: 10000000.00, 浮动盈亏: 0.00, 持仓盈亏: 0.00, 平仓盈亏: 0.00, 市值: 0.00, 保证金: 0.00, 手续费: 0.00, 风险度: 0.00%
    INFO - 日期: 2020-02-12, 账户权益: 10000000.00, 可用资金: 10000000.00, 浮动盈亏: 0.00, 持仓盈亏: 0.00, 平仓盈亏: 0.00, 市值: 0.00, 保证金: 0.00, 手续费: 0.00, 风险度: 0.00%
    INFO - 日期: 2020-02-13, 账户权益: 10000000.00, 可用资金: 10000000.00, 浮动盈亏: 0.00, 持仓盈亏: 0.00, 平仓盈亏: 0.00, 市值: 0.00, 保证金: 0.00, 手续费: 0.00, 风险度: 0.00%
    INFO - 日期: 2020-02-14, 账户权益: 10000000.00, 可用资金: 10000000.00, 浮动盈亏: 0.00, 持仓盈亏: 0.00, 平仓盈亏: 0.00, 市值: 0.00, 保证金: 0.00, 手续费: 0.00, 风险度: 0.00%
    INFO - 日期: 2020-02-17, 账户权益: 10000000.00, 可用资金: 10000000.00, 浮动盈亏: 0.00, 持仓盈亏: 0.00, 平仓盈亏: 0.00, 市值: 0.00, 保证金: 0.00, 手续费: 0.00, 风险度: 0.00%
    INFO - 日期: 2020-02-18, 账户权益: 10000000.00, 可用资金: 10000000.00, 浮动盈亏: 0.00, 持仓盈亏: 0.00, 平仓盈亏: 0.00, 市值: 0.00, 保证金: 0.00, 手续费: 0.00, 风险度: 0.00%
    INFO - 日期: 2020-02-19, 账户权益: 10000000.00, 可用资金: 10000000.00, 浮动盈亏: 0.00, 持仓盈亏: 0.00, 平仓盈亏: 0.00, 市值: 0.00, 保证金: 0.00, 手续费: 0.00, 风险度: 0.00%
    INFO - 日期: 2020-02-20, 账户权益: 10000000.00, 可用资金: 10000000.00, 浮动盈亏: 0.00, 持仓盈亏: 0.00, 平仓盈亏: 0.00, 市值: 0.00, 保证金: 0.00, 手续费: 0.00, 风险度: 0.00%
    INFO - 日期: 2020-02-21, 账户权益: 10000000.00, 可用资金: 10000000.00, 浮动盈亏: 0.00, 持仓盈亏: 0.00, 平仓盈亏: 0.00, 市值: 0.00, 保证金: 0.00, 手续费: 0.00, 风险度: 0.00%
    INFO - 日期: 2020-02-24, 账户权益: 10000000.00, 可用资金: 10000000.00, 浮动盈亏: 0.00, 持仓盈亏: 0.00, 平仓盈亏: 0.00, 市值: 0.00, 保证金: 0.00, 手续费: 0.00, 风险度: 0.00%
    INFO - 日期: 2020-02-25, 账户权益: 10000000.00, 可用资金: 10000000.00, 浮动盈亏: 0.00, 持仓盈亏: 0.00, 平仓盈亏: 0.00, 市值: 0.00, 保证金: 0.00, 手续费: 0.00, 风险度: 0.00%
    INFO - 日期: 2020-02-26, 账户权益: 10000000.00, 可用资金: 10000000.00, 浮动盈亏: 0.00, 持仓盈亏: 0.00, 平仓盈亏: 0.00, 市值: 0.00, 保证金: 0.00, 手续费: 0.00, 风险度: 0.00%
    INFO - 日期: 2020-02-27, 账户权益: 10000000.00, 可用资金: 10000000.00, 浮动盈亏: 0.00, 持仓盈亏: 0.00, 平仓盈亏: 0.00, 市值: 0.00, 保证金: 0.00, 手续费: 0.00, 风险度: 0.00%
    INFO - 日期: 2020-02-28, 账户权益: 10000000.00, 可用资金: 10000000.00, 浮动盈亏: 0.00, 持仓盈亏: 0.00, 平仓盈亏: 0.00, 市值: 0.00, 保证金: 0.00, 手续费: 0.00, 风险度: 0.00%
    INFO - 胜率: 0.00%, 盈亏额比例: inf, 收益率: 0.00%, 年化收益率: 0.00%, 最大回撤: 0.00%, 年化夏普率: inf,年化索提诺比率: -15.8114
extracted rank=22 jm2005.DCE DCE.jm2005 rows=7964 elapsed=10.11
    INFO - 回测结束
    INFO - 模拟交易成交记录, 账户: TQSIM
    INFO - 模拟交易账户资金, 账户: TQSIM
    INFO - 日期: 2020-12-14, 账户权益: 10000000.00, 可用资金: 10000000.00, 浮动盈亏: 0.00, 持仓盈亏: 0.00, 平仓盈亏: 0.00, 市值: 0.00, 保证金: 0.00, 手续费: 0.00, 风险度: 0.00%
    INFO - 日期: 2020-12-15, 账户权益: 10000000.00, 可用资金: 10000000.00, 浮动盈亏: 0.00, 持仓盈亏: 0.00, 平仓盈亏: 0.00, 市值: 0.00, 保证金: 0.00, 手续费: 0.00, 风险度: 0.00%
    INFO - 日期: 2020-12-16, 账户权益: 10000000.00, 可用资金: 10000000.00, 浮动盈亏: 0.00, 持仓盈亏: 0.00, 平仓盈亏: 0.00, 市值: 0.00, 保证金: 0.00, 手续费: 0.00, 风险度: 0.00%
    INFO - 日期: 2020-12-17, 账户权益: 10000000.00, 可用资金: 10000000.00, 浮动盈亏: 0.00, 持仓盈亏: 0.00, 平仓盈亏: 0.00, 市值: 0.00, 保证金: 0.00, 手续费: 0.00, 风险度: 0.00%
    INFO - 日期: 2020-12-18, 账户权益: 10000000.00, 可用资金: 10000000.00, 浮动盈亏: 0.00, 持仓盈亏: 0.00, 平仓盈亏: 0.00, 市值: 0.00, 保证金: 0.00, 手续费: 0.00, 风险度: 0.00%
    INFO - 日期: 2020-12-21, 账户权益: 10000000.00, 可用资金: 10000000.00, 浮动盈亏: 0.00, 持仓盈亏: 0.00, 平仓盈亏: 0.00, 市值: 0.00, 保证金: 0.00, 手续费: 0.00, 风险度: 0.00%
    INFO - 日期: 2020-12-22, 账户权益: 10000000.00, 可用资金: 10000000.00, 浮动盈亏: 0.00, 持仓盈亏: 0.00, 平仓盈亏: 0.00, 市值: 0.00, 保证金: 0.00, 手续费: 0.00, 风险度: 0.00%
    INFO - 日期: 2020-12-23, 账户权益: 10000000.00, 可用资金: 10000000.00, 浮动盈亏: 0.00, 持仓盈亏: 0.00, 平仓盈亏: 0.00, 市值: 0.00, 保证金: 0.00, 手续费: 0.00, 风险度: 0.00%
    INFO - 日期: 2020-12-24, 账户权益: 10000000.00, 可用资金: 10000000.00, 浮动盈亏: 0.00, 持仓盈亏: 0.00, 平仓盈亏: 0.00, 市值: 0.00, 保证金: 0.00, 手续费: 0.00, 风险度: 0.00%
    INFO - 日期: 2020-12-25, 账户权益: 10000000.00, 可用资金: 10000000.00, 浮动盈亏: 0.00, 持仓盈亏: 0.00, 平仓盈亏: 0.00, 市值: 0.00, 保证金: 0.00, 手续费: 0.00, 风险度: 0.00%
    INFO - 日期: 2020-12-28, 账户权益: 10000000.00, 可用资金: 10000000.00, 浮动盈亏: 0.00, 持仓盈亏: 0.00, 平仓盈亏: 0.00, 市值: 0.00, 保证金: 0.00, 手续费: 0.00, 风险度: 0.00%
    INFO - 日期: 2020-12-29, 账户权益: 10000000.00, 可用资金: 10000000.00, 浮动盈亏: 0.00, 持仓盈亏: 0.00, 平仓盈亏: 0.00, 市值: 0.00, 保证金: 0.00, 手续费: 0.00, 风险度: 0.00%
    INFO - 日期: 2020-12-30, 账户权益: 10000000.00, 可用资金: 10000000.00, 浮动盈亏: 0.00, 持仓盈亏: 0.00, 平仓盈亏: 0.00, 市值: 0.00, 保证金: 0.00, 手续费: 0.00, 风险度: 0.00%
    INFO - 日期: 2020-12-31, 账户权益: 10000000.00, 可用资金: 10000000.00, 浮动盈亏: 0.00, 持仓盈亏: 0.00, 平仓盈亏: 0.00, 市值: 0.00, 保证金: 0.00, 手续费: 0.00, 风险度: 0.00%
    INFO - 日期: 2021-01-04, 账户权益: 10000000.00, 可用资金: 10000000.00, 浮动盈亏: 0.00, 持仓盈亏: 0.00, 平仓盈亏: 0.00, 市值: 0.00, 保证金: 0.00, 手续费: 0.00, 风险度: 0.00%
    INFO - 日期: 2021-01-05, 账户权益: 10000000.00, 可用资金: 10000000.00, 浮动盈亏: 0.00, 持仓盈亏: 0.00, 平仓盈亏: 0.00, 市值: 0.00, 保证金: 0.00, 手续费: 0.00, 风险度: 0.00%
    INFO - 日期: 2021-01-06, 账户权益: 10000000.00, 可用资金: 10000000.00, 浮动盈亏: 0.00, 持仓盈亏: 0.00, 平仓盈亏: 0.00, 市值: 0.00, 保证金: 0.00, 手续费: 0.00, 风险度: 0.00%
    INFO - 日期: 2021-01-07, 账户权益: 10000000.00, 可用资金: 10000000.00, 浮动盈亏: 0.00, 持仓盈亏: 0.00, 平仓盈亏: 0.00, 市值: 0.00, 保证金: 0.00, 手续费: 0.00, 风险度: 0.00%
    INFO - 日期: 2021-01-08, 账户权益: 10000000.00, 可用资金: 10000000.00, 浮动盈亏: 0.00, 持仓盈亏: 0.00, 平仓盈亏: 0.00, 市值: 0.00, 保证金: 0.00, 手续费: 0.00, 风险度: 0.00%
    INFO - 日期: 2021-01-11, 账户权益: 10000000.00, 可用资金: 10000000.00, 浮动盈亏: 0.00, 持仓盈亏: 0.00, 平仓盈亏: 0.00, 市值: 0.00, 保证金: 0.00, 手续费: 0.00, 风险度: 0.00%
    INFO - 日期: 2021-01-12, 账户权益: 10000000.00, 可用资金: 10000000.00, 浮动盈亏: 0.00, 持仓盈亏: 0.00, 平仓盈亏: 0.00, 市值: 0.00, 保证金: 0.00, 手续费: 0.00, 风险度: 0.00%
    INFO - 日期: 2021-01-13, 账户权益: 10000000.00, 可用资金: 10000000.00, 浮动盈亏: 0.00, 持仓盈亏: 0.00, 平仓盈亏: 0.00, 市值: 0.00, 保证金: 0.00, 手续费: 0.00, 风险度: 0.00%
    INFO - 日期: 2021-01-14, 账户权益: 10000000.00, 可用资金: 10000000.00, 浮动盈亏: 0.00, 持仓盈亏: 0.00, 平仓盈亏: 0.00, 市值: 0.00, 保证金: 0.00, 手续费: 0.00, 风险度: 0.00%
    INFO - 日期: 2021-01-15, 账户权益: 10000000.00, 可用资金: 10000000.00, 浮动盈亏: 0.00, 持仓盈亏: 0.00, 平仓盈亏: 0.00, 市值: 0.00, 保证金: 0.00, 手续费: 0.00, 风险度: 0.00%
    INFO - 日期: 2021-01-18, 账户权益: 10000000.00, 可用资金: 10000000.00, 浮动盈亏: 0.00, 持仓盈亏: 0.00, 平仓盈亏: 0.00, 市值: 0.00, 保证金: 0.00, 手续费: 0.00, 风险度: 0.00%
    INFO - 日期: 2021-01-19, 账户权益: 10000000.00, 可用资金: 10000000.00, 浮动盈亏: 0.00, 持仓盈亏: 0.00, 平仓盈亏: 0.00, 市值: 0.00, 保证金: 0.00, 手续费: 0.00, 风险度: 0.00%
    INFO - 日期: 2021-01-20, 账户权益: 10000000.00, 可用资金: 10000000.00, 浮动盈亏: 0.00, 持仓盈亏: 0.00, 平仓盈亏: 0.00, 市值: 0.00, 保证金: 0.00, 手续费: 0.00, 风险度: 0.00%
    INFO - 日期: 2021-01-21, 账户权益: 10000000.00, 可用资金: 10000000.00, 浮动盈亏: 0.00, 持仓盈亏: 0.00, 平仓盈亏: 0.00, 市值: 0.00, 保证金: 0.00, 手续费: 0.00, 风险度: 0.00%
    INFO - 日期: 2021-01-22, 账户权益: 10000000.00, 可用资金: 10000000.00, 浮动盈亏: 0.00, 持仓盈亏: 0.00, 平仓盈亏: 0.00, 市值: 0.00, 保证金: 0.00, 手续费: 0.00, 风险度: 0.00%
    INFO - 日期: 2021-01-25, 账户权益: 10000000.00, 可用资金: 10000000.00, 浮动盈亏: 0.00, 持仓盈亏: 0.00, 平仓盈亏: 0.00, 市值: 0.00, 保证金: 0.00, 手续费: 0.00, 风险度: 0.00%
    INFO - 日期: 2021-01-26, 账户权益: 10000000.00, 可用资金: 10000000.00, 浮动盈亏: 0.00, 持仓盈亏: 0.00, 平仓盈亏: 0.00, 市值: 0.00, 保证金: 0.00, 手续费: 0.00, 风险度: 0.00%
    INFO - 日期: 2021-01-27, 账户权益: 10000000.00, 可用资金: 10000000.00, 浮动盈亏: 0.00, 持仓盈亏: 0.00, 平仓盈亏: 0.00, 市值: 0.00, 保证金: 0.00, 手续费: 0.00, 风险度: 0.00%
    INFO - 日期: 2021-01-28, 账户权益: 10000000.00, 可用资金: 10000000.00, 浮动盈亏: 0.00, 持仓盈亏: 0.00, 平仓盈亏: 0.00, 市值: 0.00, 保证金: 0.00, 手续费: 0.00, 风险度: 0.00%
    INFO - 日期: 2021-01-29, 账户权益: 10000000.00, 可用资金: 10000000.00, 浮动盈亏: 0.00, 持仓盈亏: 0.00, 平仓盈亏: 0.00, 市值: 0.00, 保证金: 0.00, 手续费: 0.00, 风险度: 0.00%
    INFO - 日期: 2021-02-01, 账户权益: 10000000.00, 可用资金: 10000000.00, 浮动盈亏: 0.00, 持仓盈亏: 0.00, 平仓盈亏: 0.00, 市值: 0.00, 保证金: 0.00, 手续费: 0.00, 风险度: 0.00%
    INFO - 日期: 2021-02-02, 账户权益: 10000000.00, 可用资金: 10000000.00, 浮动盈亏: 0.00, 持仓盈亏: 0.00, 平仓盈亏: 0.00, 市值: 0.00, 保证金: 0.00, 手续费: 0.00, 风险度: 0.00%
    INFO - 日期: 2021-02-03, 账户权益: 10000000.00, 可用资金: 10000000.00, 浮动盈亏: 0.00, 持仓盈亏: 0.00, 平仓盈亏: 0.00, 市值: 0.00, 保证金: 0.00, 手续费: 0.00, 风险度: 0.00%
    INFO - 日期: 2021-02-04, 账户权益: 10000000.00, 可用资金: 10000000.00, 浮动盈亏: 0.00, 持仓盈亏: 0.00, 平仓盈亏: 0.00, 市值: 0.00, 保证金: 0.00, 手续费: 0.00, 风险度: 0.00%
    INFO - 日期: 2021-02-05, 账户权益: 10000000.00, 可用资金: 10000000.00, 浮动盈亏: 0.00, 持仓盈亏: 0.00, 平仓盈亏: 0.00, 市值: 0.00, 保证金: 0.00, 手续费: 0.00, 风险度: 0.00%
    INFO - 日期: 2021-02-08, 账户权益: 10000000.00, 可用资金: 10000000.00, 浮动盈亏: 0.00, 持仓盈亏: 0.00, 平仓盈亏: 0.00, 市值: 0.00, 保证金: 0.00, 手续费: 0.00, 风险度: 0.00%
    INFO - 日期: 2021-02-09, 账户权益: 10000000.00, 可用资金: 10000000.00, 浮动盈亏: 0.00, 持仓盈亏: 0.00, 平仓盈亏: 0.00, 市值: 0.00, 保证金: 0.00, 手续费: 0.00, 风险度: 0.00%
    INFO - 日期: 2021-02-10, 账户权益: 10000000.00, 可用资金: 10000000.00, 浮动盈亏: 0.00, 持仓盈亏: 0.00, 平仓盈亏: 0.00, 市值: 0.00, 保证金: 0.00, 手续费: 0.00, 风险度: 0.00%
    INFO - 日期: 2021-02-18, 账户权益: 10000000.00, 可用资金: 10000000.00, 浮动盈亏: 0.00, 持仓盈亏: 0.00, 平仓盈亏: 0.00, 市值: 0.00, 保证金: 0.00, 手续费: 0.00, 风险度: 0.00%
    INFO - 日期: 2021-02-19, 账户权益: 10000000.00, 可用资金: 10000000.00, 浮动盈亏: 0.00, 持仓盈亏: 0.00, 平仓盈亏: 0.00, 市值: 0.00, 保证金: 0.00, 手续费: 0.00, 风险度: 0.00%
    INFO - 日期: 2021-02-22, 账户权益: 10000000.00, 可用资金: 10000000.00, 浮动盈亏: 0.00, 持仓盈亏: 0.00, 平仓盈亏: 0.00, 市值: 0.00, 保证金: 0.00, 手续费: 0.00, 风险度: 0.00%
    INFO - 日期: 2021-02-23, 账户权益: 10000000.00, 可用资金: 10000000.00, 浮动盈亏: 0.00, 持仓盈亏: 0.00, 平仓盈亏: 0.00, 市值: 0.00, 保证金: 0.00, 手续费: 0.00, 风险度: 0.00%
    INFO - 日期: 2021-02-24, 账户权益: 10000000.00, 可用资金: 10000000.00, 浮动盈亏: 0.00, 持仓盈亏: 0.00, 平仓盈亏: 0.00, 市值: 0.00, 保证金: 0.00, 手续费: 0.00, 风险度: 0.00%
    INFO - 日期: 2021-02-25, 账户权益: 10000000.00, 可用资金: 10000000.00, 浮动盈亏: 0.00, 持仓盈亏: 0.00, 平仓盈亏: 0.00, 市值: 0.00, 保证金: 0.00, 手续费: 0.00, 风险度: 0.00%
    INFO - 日期: 2021-02-26, 账户权益: 10000000.00, 可用资金: 10000000.00, 浮动盈亏: 0.00, 持仓盈亏: 0.00, 平仓盈亏: 0.00, 市值: 0.00, 保证金: 0.00, 手续费: 0.00, 风险度: 0.00%
    INFO - 日期: 2021-03-01, 账户权益: 10000000.00, 可用资金: 10000000.00, 浮动盈亏: 0.00, 持仓盈亏: 0.00, 平仓盈亏: 0.00, 市值: 0.00, 保证金: 0.00, 手续费: 0.00, 风险度: 0.00%
    INFO - 日期: 2021-03-02, 账户权益: 10000000.00, 可用资金: 10000000.00, 浮动盈亏: 0.00, 持仓盈亏: 0.00, 平仓盈亏: 0.00, 市值: 0.00, 保证金: 0.00, 手续费: 0.00, 风险度: 0.00%
    INFO - 日期: 2021-03-03, 账户权益: 10000000.00, 可用资金: 10000000.00, 浮动盈亏: 0.00, 持仓盈亏: 0.00, 平仓盈亏: 0.00, 市值: 0.00, 保证金: 0.00, 手续费: 0.00, 风险度: 0.00%
    INFO - 日期: 2021-03-04, 账户权益: 10000000.00, 可用资金: 10000000.00, 浮动盈亏: 0.00, 持仓盈亏: 0.00, 平仓盈亏: 0.00, 市值: 0.00, 保证金: 0.00, 手续费: 0.00, 风险度: 0.00%
    INFO - 日期: 2021-03-05, 账户权益: 10000000.00, 可用资金: 10000000.00, 浮动盈亏: 0.00, 持仓盈亏: 0.00, 平仓盈亏: 0.00, 市值: 0.00, 保证金: 0.00, 手续费: 0.00, 风险度: 0.00%
    INFO - 日期: 2021-03-08, 账户权益: 10000000.00, 可用资金: 10000000.00, 浮动盈亏: 0.00, 持仓盈亏: 0.00, 平仓盈亏: 0.00, 市值: 0.00, 保证金: 0.00, 手续费: 0.00, 风险度: 0.00%
    INFO - 胜率: 0.00%, 盈亏额比例: inf, 收益率: 0.00%, 年化收益率: 0.00%, 最大回撤: 0.00%, 年化夏普率: inf,年化索提诺比率: -15.8114
extracted rank=23 CF105.CZCE CZCE.CF105 rows=18179 elapsed=18.37
    INFO - 回测结束
    INFO - 模拟交易成交记录, 账户: TQSIM
    INFO - 模拟交易账户资金, 账户: TQSIM
    INFO - 日期: 2021-04-21, 账户权益: 10000000.00, 可用资金: 10000000.00, 浮动盈亏: 0.00, 持仓盈亏: 0.00, 平仓盈亏: 0.00, 市值: 0.00, 保证金: 0.00, 手续费: 0.00, 风险度: 0.00%
    INFO - 日期: 2021-04-22, 账户权益: 10000000.00, 可用资金: 10000000.00, 浮动盈亏: 0.00, 持仓盈亏: 0.00, 平仓盈亏: 0.00, 市值: 0.00, 保证金: 0.00, 手续费: 0.00, 风险度: 0.00%
    INFO - 日期: 2021-04-23, 账户权益: 10000000.00, 可用资金: 10000000.00, 浮动盈亏: 0.00, 持仓盈亏: 0.00, 平仓盈亏: 0.00, 市值: 0.00, 保证金: 0.00, 手续费: 0.00, 风险度: 0.00%
    INFO - 日期: 2021-04-26, 账户权益: 10000000.00, 可用资金: 10000000.00, 浮动盈亏: 0.00, 持仓盈亏: 0.00, 平仓盈亏: 0.00, 市值: 0.00, 保证金: 0.00, 手续费: 0.00, 风险度: 0.00%
    INFO - 日期: 2021-04-27, 账户权益: 10000000.00, 可用资金: 10000000.00, 浮动盈亏: 0.00, 持仓盈亏: 0.00, 平仓盈亏: 0.00, 市值: 0.00, 保证金: 0.00, 手续费: 0.00, 风险度: 0.00%
    INFO - 日期: 2021-04-28, 账户权益: 10000000.00, 可用资金: 10000000.00, 浮动盈亏: 0.00, 持仓盈亏: 0.00, 平仓盈亏: 0.00, 市值: 0.00, 保证金: 0.00, 手续费: 0.00, 风险度: 0.00%
    INFO - 日期: 2021-04-29, 账户权益: 10000000.00, 可用资金: 10000000.00, 浮动盈亏: 0.00, 持仓盈亏: 0.00, 平仓盈亏: 0.00, 市值: 0.00, 保证金: 0.00, 手续费: 0.00, 风险度: 0.00%
    INFO - 日期: 2021-04-30, 账户权益: 10000000.00, 可用资金: 10000000.00, 浮动盈亏: 0.00, 持仓盈亏: 0.00, 平仓盈亏: 0.00, 市值: 0.00, 保证金: 0.00, 手续费: 0.00, 风险度: 0.00%
    INFO - 日期: 2021-05-06, 账户权益: 10000000.00, 可用资金: 10000000.00, 浮动盈亏: 0.00, 持仓盈亏: 0.00, 平仓盈亏: 0.00, 市值: 0.00, 保证金: 0.00, 手续费: 0.00, 风险度: 0.00%
    INFO - 日期: 2021-05-07, 账户权益: 10000000.00, 可用资金: 10000000.00, 浮动盈亏: 0.00, 持仓盈亏: 0.00, 平仓盈亏: 0.00, 市值: 0.00, 保证金: 0.00, 手续费: 0.00, 风险度: 0.00%
    INFO - 日期: 2021-05-10, 账户权益: 10000000.00, 可用资金: 10000000.00, 浮动盈亏: 0.00, 持仓盈亏: 0.00, 平仓盈亏: 0.00, 市值: 0.00, 保证金: 0.00, 手续费: 0.00, 风险度: 0.00%
    INFO - 日期: 2021-05-11, 账户权益: 10000000.00, 可用资金: 10000000.00, 浮动盈亏: 0.00, 持仓盈亏: 0.00, 平仓盈亏: 0.00, 市值: 0.00, 保证金: 0.00, 手续费: 0.00, 风险度: 0.00%
    INFO - 日期: 2021-05-12, 账户权益: 10000000.00, 可用资金: 10000000.00, 浮动盈亏: 0.00, 持仓盈亏: 0.00, 平仓盈亏: 0.00, 市值: 0.00, 保证金: 0.00, 手续费: 0.00, 风险度: 0.00%
    INFO - 日期: 2021-05-13, 账户权益: 10000000.00, 可用资金: 10000000.00, 浮动盈亏: 0.00, 持仓盈亏: 0.00, 平仓盈亏: 0.00, 市值: 0.00, 保证金: 0.00, 手续费: 0.00, 风险度: 0.00%
    INFO - 日期: 2021-05-14, 账户权益: 10000000.00, 可用资金: 10000000.00, 浮动盈亏: 0.00, 持仓盈亏: 0.00, 平仓盈亏: 0.00, 市值: 0.00, 保证金: 0.00, 手续费: 0.00, 风险度: 0.00%
    INFO - 日期: 2021-05-17, 账户权益: 10000000.00, 可用资金: 10000000.00, 浮动盈亏: 0.00, 持仓盈亏: 0.00, 平仓盈亏: 0.00, 市值: 0.00, 保证金: 0.00, 手续费: 0.00, 风险度: 0.00%
    INFO - 日期: 2021-05-18, 账户权益: 10000000.00, 可用资金: 10000000.00, 浮动盈亏: 0.00, 持仓盈亏: 0.00, 平仓盈亏: 0.00, 市值: 0.00, 保证金: 0.00, 手续费: 0.00, 风险度: 0.00%
    INFO - 日期: 2021-05-19, 账户权益: 10000000.00, 可用资金: 10000000.00, 浮动盈亏: 0.00, 持仓盈亏: 0.00, 平仓盈亏: 0.00, 市值: 0.00, 保证金: 0.00, 手续费: 0.00, 风险度: 0.00%
    INFO - 日期: 2021-05-20, 账户权益: 10000000.00, 可用资金: 10000000.00, 浮动盈亏: 0.00, 持仓盈亏: 0.00, 平仓盈亏: 0.00, 市值: 0.00, 保证金: 0.00, 手续费: 0.00, 风险度: 0.00%
    INFO - 日期: 2021-05-21, 账户权益: 10000000.00, 可用资金: 10000000.00, 浮动盈亏: 0.00, 持仓盈亏: 0.00, 平仓盈亏: 0.00, 市值: 0.00, 保证金: 0.00, 手续费: 0.00, 风险度: 0.00%
    INFO - 日期: 2021-05-24, 账户权益: 10000000.00, 可用资金: 10000000.00, 浮动盈亏: 0.00, 持仓盈亏: 0.00, 平仓盈亏: 0.00, 市值: 0.00, 保证金: 0.00, 手续费: 0.00, 风险度: 0.00%
    INFO - 日期: 2021-05-25, 账户权益: 10000000.00, 可用资金: 10000000.00, 浮动盈亏: 0.00, 持仓盈亏: 0.00, 平仓盈亏: 0.00, 市值: 0.00, 保证金: 0.00, 手续费: 0.00, 风险度: 0.00%
    INFO - 日期: 2021-05-26, 账户权益: 10000000.00, 可用资金: 10000000.00, 浮动盈亏: 0.00, 持仓盈亏: 0.00, 平仓盈亏: 0.00, 市值: 0.00, 保证金: 0.00, 手续费: 0.00, 风险度: 0.00%
    INFO - 日期: 2021-05-27, 账户权益: 10000000.00, 可用资金: 10000000.00, 浮动盈亏: 0.00, 持仓盈亏: 0.00, 平仓盈亏: 0.00, 市值: 0.00, 保证金: 0.00, 手续费: 0.00, 风险度: 0.00%
    INFO - 日期: 2021-05-28, 账户权益: 10000000.00, 可用资金: 10000000.00, 浮动盈亏: 0.00, 持仓盈亏: 0.00, 平仓盈亏: 0.00, 市值: 0.00, 保证金: 0.00, 手续费: 0.00, 风险度: 0.00%
    INFO - 日期: 2021-05-31, 账户权益: 10000000.00, 可用资金: 10000000.00, 浮动盈亏: 0.00, 持仓盈亏: 0.00, 平仓盈亏: 0.00, 市值: 0.00, 保证金: 0.00, 手续费: 0.00, 风险度: 0.00%
    INFO - 日期: 2021-06-01, 账户权益: 10000000.00, 可用资金: 10000000.00, 浮动盈亏: 0.00, 持仓盈亏: 0.00, 平仓盈亏: 0.00, 市值: 0.00, 保证金: 0.00, 手续费: 0.00, 风险度: 0.00%
    INFO - 日期: 2021-06-02, 账户权益: 10000000.00, 可用资金: 10000000.00, 浮动盈亏: 0.00, 持仓盈亏: 0.00, 平仓盈亏: 0.00, 市值: 0.00, 保证金: 0.00, 手续费: 0.00, 风险度: 0.00%
    INFO - 日期: 2021-06-03, 账户权益: 10000000.00, 可用资金: 10000000.00, 浮动盈亏: 0.00, 持仓盈亏: 0.00, 平仓盈亏: 0.00, 市值: 0.00, 保证金: 0.00, 手续费: 0.00, 风险度: 0.00%
    INFO - 日期: 2021-06-04, 账户权益: 10000000.00, 可用资金: 10000000.00, 浮动盈亏: 0.00, 持仓盈亏: 0.00, 平仓盈亏: 0.00, 市值: 0.00, 保证金: 0.00, 手续费: 0.00, 风险度: 0.00%
    INFO - 日期: 2021-06-07, 账户权益: 10000000.00, 可用资金: 10000000.00, 浮动盈亏: 0.00, 持仓盈亏: 0.00, 平仓盈亏: 0.00, 市值: 0.00, 保证金: 0.00, 手续费: 0.00, 风险度: 0.00%
    INFO - 日期: 2021-06-08, 账户权益: 10000000.00, 可用资金: 10000000.00, 浮动盈亏: 0.00, 持仓盈亏: 0.00, 平仓盈亏: 0.00, 市值: 0.00, 保证金: 0.00, 手续费: 0.00, 风险度: 0.00%
    INFO - 日期: 2021-06-09, 账户权益: 10000000.00, 可用资金: 10000000.00, 浮动盈亏: 0.00, 持仓盈亏: 0.00, 平仓盈亏: 0.00, 市值: 0.00, 保证金: 0.00, 手续费: 0.00, 风险度: 0.00%
    INFO - 日期: 2021-06-10, 账户权益: 10000000.00, 可用资金: 10000000.00, 浮动盈亏: 0.00, 持仓盈亏: 0.00, 平仓盈亏: 0.00, 市值: 0.00, 保证金: 0.00, 手续费: 0.00, 风险度: 0.00%
    INFO - 日期: 2021-06-11, 账户权益: 10000000.00, 可用资金: 10000000.00, 浮动盈亏: 0.00, 持仓盈亏: 0.00, 平仓盈亏: 0.00, 市值: 0.00, 保证金: 0.00, 手续费: 0.00, 风险度: 0.00%
    INFO - 日期: 2021-06-15, 账户权益: 10000000.00, 可用资金: 10000000.00, 浮动盈亏: 0.00, 持仓盈亏: 0.00, 平仓盈亏: 0.00, 市值: 0.00, 保证金: 0.00, 手续费: 0.00, 风险度: 0.00%
    INFO - 日期: 2021-06-16, 账户权益: 10000000.00, 可用资金: 10000000.00, 浮动盈亏: 0.00, 持仓盈亏: 0.00, 平仓盈亏: 0.00, 市值: 0.00, 保证金: 0.00, 手续费: 0.00, 风险度: 0.00%
    INFO - 日期: 2021-06-17, 账户权益: 10000000.00, 可用资金: 10000000.00, 浮动盈亏: 0.00, 持仓盈亏: 0.00, 平仓盈亏: 0.00, 市值: 0.00, 保证金: 0.00, 手续费: 0.00, 风险度: 0.00%
    INFO - 日期: 2021-06-18, 账户权益: 10000000.00, 可用资金: 10000000.00, 浮动盈亏: 0.00, 持仓盈亏: 0.00, 平仓盈亏: 0.00, 市值: 0.00, 保证金: 0.00, 手续费: 0.00, 风险度: 0.00%
    INFO - 日期: 2021-06-21, 账户权益: 10000000.00, 可用资金: 10000000.00, 浮动盈亏: 0.00, 持仓盈亏: 0.00, 平仓盈亏: 0.00, 市值: 0.00, 保证金: 0.00, 手续费: 0.00, 风险度: 0.00%
    INFO - 日期: 2021-06-22, 账户权益: 10000000.00, 可用资金: 10000000.00, 浮动盈亏: 0.00, 持仓盈亏: 0.00, 平仓盈亏: 0.00, 市值: 0.00, 保证金: 0.00, 手续费: 0.00, 风险度: 0.00%
    INFO - 日期: 2021-06-23, 账户权益: 10000000.00, 可用资金: 10000000.00, 浮动盈亏: 0.00, 持仓盈亏: 0.00, 平仓盈亏: 0.00, 市值: 0.00, 保证金: 0.00, 手续费: 0.00, 风险度: 0.00%
    INFO - 日期: 2021-06-24, 账户权益: 10000000.00, 可用资金: 10000000.00, 浮动盈亏: 0.00, 持仓盈亏: 0.00, 平仓盈亏: 0.00, 市值: 0.00, 保证金: 0.00, 手续费: 0.00, 风险度: 0.00%
    INFO - 日期: 2021-06-25, 账户权益: 10000000.00, 可用资金: 10000000.00, 浮动盈亏: 0.00, 持仓盈亏: 0.00, 平仓盈亏: 0.00, 市值: 0.00, 保证金: 0.00, 手续费: 0.00, 风险度: 0.00%
    INFO - 日期: 2021-06-28, 账户权益: 10000000.00, 可用资金: 10000000.00, 浮动盈亏: 0.00, 持仓盈亏: 0.00, 平仓盈亏: 0.00, 市值: 0.00, 保证金: 0.00, 手续费: 0.00, 风险度: 0.00%
    INFO - 日期: 2021-06-29, 账户权益: 10000000.00, 可用资金: 10000000.00, 浮动盈亏: 0.00, 持仓盈亏: 0.00, 平仓盈亏: 0.00, 市值: 0.00, 保证金: 0.00, 手续费: 0.00, 风险度: 0.00%
    INFO - 日期: 2021-06-30, 账户权益: 10000000.00, 可用资金: 10000000.00, 浮动盈亏: 0.00, 持仓盈亏: 0.00, 平仓盈亏: 0.00, 市值: 0.00, 保证金: 0.00, 手续费: 0.00, 风险度: 0.00%
    INFO - 日期: 2021-07-01, 账户权益: 10000000.00, 可用资金: 10000000.00, 浮动盈亏: 0.00, 持仓盈亏: 0.00, 平仓盈亏: 0.00, 市值: 0.00, 保证金: 0.00, 手续费: 0.00, 风险度: 0.00%
    INFO - 日期: 2021-07-02, 账户权益: 10000000.00, 可用资金: 10000000.00, 浮动盈亏: 0.00, 持仓盈亏: 0.00, 平仓盈亏: 0.00, 市值: 0.00, 保证金: 0.00, 手续费: 0.00, 风险度: 0.00%
    INFO - 日期: 2021-07-05, 账户权益: 10000000.00, 可用资金: 10000000.00, 浮动盈亏: 0.00, 持仓盈亏: 0.00, 平仓盈亏: 0.00, 市值: 0.00, 保证金: 0.00, 手续费: 0.00, 风险度: 0.00%
    INFO - 日期: 2021-07-06, 账户权益: 10000000.00, 可用资金: 10000000.00, 浮动盈亏: 0.00, 持仓盈亏: 0.00, 平仓盈亏: 0.00, 市值: 0.00, 保证金: 0.00, 手续费: 0.00, 风险度: 0.00%
    INFO - 日期: 2021-07-07, 账户权益: 10000000.00, 可用资金: 10000000.00, 浮动盈亏: 0.00, 持仓盈亏: 0.00, 平仓盈亏: 0.00, 市值: 0.00, 保证金: 0.00, 手续费: 0.00, 风险度: 0.00%
    INFO - 日期: 2021-07-08, 账户权益: 10000000.00, 可用资金: 10000000.00, 浮动盈亏: 0.00, 持仓盈亏: 0.00, 平仓盈亏: 0.00, 市值: 0.00, 保证金: 0.00, 手续费: 0.00, 风险度: 0.00%
    INFO - 日期: 2021-07-09, 账户权益: 10000000.00, 可用资金: 10000000.00, 浮动盈亏: 0.00, 持仓盈亏: 0.00, 平仓盈亏: 0.00, 市值: 0.00, 保证金: 0.00, 手续费: 0.00, 风险度: 0.00%
    INFO - 日期: 2021-07-12, 账户权益: 10000000.00, 可用资金: 10000000.00, 浮动盈亏: 0.00, 持仓盈亏: 0.00, 平仓盈亏: 0.00, 市值: 0.00, 保证金: 0.00, 手续费: 0.00, 风险度: 0.00%
    INFO - 日期: 2021-07-13, 账户权益: 10000000.00, 可用资金: 10000000.00, 浮动盈亏: 0.00, 持仓盈亏: 0.00, 平仓盈亏: 0.00, 市值: 0.00, 保证金: 0.00, 手续费: 0.00, 风险度: 0.00%
    INFO - 日期: 2021-07-14, 账户权益: 10000000.00, 可用资金: 10000000.00, 浮动盈亏: 0.00, 持仓盈亏: 0.00, 平仓盈亏: 0.00, 市值: 0.00, 保证金: 0.00, 手续费: 0.00, 风险度: 0.00%
    INFO - 日期: 2021-07-15, 账户权益: 10000000.00, 可用资金: 10000000.00, 浮动盈亏: 0.00, 持仓盈亏: 0.00, 平仓盈亏: 0.00, 市值: 0.00, 保证金: 0.00, 手续费: 0.00, 风险度: 0.00%
    INFO - 日期: 2021-07-16, 账户权益: 10000000.00, 可用资金: 10000000.00, 浮动盈亏: 0.00, 持仓盈亏: 0.00, 平仓盈亏: 0.00, 市值: 0.00, 保证金: 0.00, 手续费: 0.00, 风险度: 0.00%
    INFO - 日期: 2021-07-19, 账户权益: 10000000.00, 可用资金: 10000000.00, 浮动盈亏: 0.00, 持仓盈亏: 0.00, 平仓盈亏: 0.00, 市值: 0.00, 保证金: 0.00, 手续费: 0.00, 风险度: 0.00%
    INFO - 日期: 2021-07-20, 账户权益: 10000000.00, 可用资金: 10000000.00, 浮动盈亏: 0.00, 持仓盈亏: 0.00, 平仓盈亏: 0.00, 市值: 0.00, 保证金: 0.00, 手续费: 0.00, 风险度: 0.00%
    INFO - 日期: 2021-07-21, 账户权益: 10000000.00, 可用资金: 10000000.00, 浮动盈亏: 0.00, 持仓盈亏: 0.00, 平仓盈亏: 0.00, 市值: 0.00, 保证金: 0.00, 手续费: 0.00, 风险度: 0.00%
    INFO - 日期: 2021-07-22, 账户权益: 10000000.00, 可用资金: 10000000.00, 浮动盈亏: 0.00, 持仓盈亏: 0.00, 平仓盈亏: 0.00, 市值: 0.00, 保证金: 0.00, 手续费: 0.00, 风险度: 0.00%
    INFO - 日期: 2021-07-23, 账户权益: 10000000.00, 可用资金: 10000000.00, 浮动盈亏: 0.00, 持仓盈亏: 0.00, 平仓盈亏: 0.00, 市值: 0.00, 保证金: 0.00, 手续费: 0.00, 风险度: 0.00%
    INFO - 日期: 2021-07-26, 账户权益: 10000000.00, 可用资金: 10000000.00, 浮动盈亏: 0.00, 持仓盈亏: 0.00, 平仓盈亏: 0.00, 市值: 0.00, 保证金: 0.00, 手续费: 0.00, 风险度: 0.00%
    INFO - 胜率: 0.00%, 盈亏额比例: inf, 收益率: 0.00%, 年化收益率: 0.00%, 最大回撤: 0.00%, 年化夏普率: inf,年化索提诺比率: -15.8114
extracted rank=24 jm2109.DCE DCE.jm2109 rows=21629 elapsed=20.26
    INFO - 回测结束
    INFO - 模拟交易成交记录, 账户: TQSIM
    INFO - 模拟交易账户资金, 账户: TQSIM
    INFO - 日期: 2020-09-07, 账户权益: 10000000.00, 可用资金: 10000000.00, 浮动盈亏: 0.00, 持仓盈亏: 0.00, 平仓盈亏: 0.00, 市值: 0.00, 保证金: 0.00, 手续费: 0.00, 风险度: 0.00%
    INFO - 日期: 2020-09-08, 账户权益: 10000000.00, 可用资金: 10000000.00, 浮动盈亏: 0.00, 持仓盈亏: 0.00, 平仓盈亏: 0.00, 市值: 0.00, 保证金: 0.00, 手续费: 0.00, 风险度: 0.00%
    INFO - 日期: 2020-09-09, 账户权益: 10000000.00, 可用资金: 10000000.00, 浮动盈亏: 0.00, 持仓盈亏: 0.00, 平仓盈亏: 0.00, 市值: 0.00, 保证金: 0.00, 手续费: 0.00, 风险度: 0.00%
    INFO - 日期: 2020-09-10, 账户权益: 10000000.00, 可用资金: 10000000.00, 浮动盈亏: 0.00, 持仓盈亏: 0.00, 平仓盈亏: 0.00, 市值: 0.00, 保证金: 0.00, 手续费: 0.00, 风险度: 0.00%
    INFO - 日期: 2020-09-11, 账户权益: 10000000.00, 可用资金: 10000000.00, 浮动盈亏: 0.00, 持仓盈亏: 0.00, 平仓盈亏: 0.00, 市值: 0.00, 保证金: 0.00, 手续费: 0.00, 风险度: 0.00%
    INFO - 日期: 2020-09-14, 账户权益: 10000000.00, 可用资金: 10000000.00, 浮动盈亏: 0.00, 持仓盈亏: 0.00, 平仓盈亏: 0.00, 市值: 0.00, 保证金: 0.00, 手续费: 0.00, 风险度: 0.00%
    INFO - 日期: 2020-09-15, 账户权益: 10000000.00, 可用资金: 10000000.00, 浮动盈亏: 0.00, 持仓盈亏: 0.00, 平仓盈亏: 0.00, 市值: 0.00, 保证金: 0.00, 手续费: 0.00, 风险度: 0.00%
    INFO - 日期: 2020-09-16, 账户权益: 10000000.00, 可用资金: 10000000.00, 浮动盈亏: 0.00, 持仓盈亏: 0.00, 平仓盈亏: 0.00, 市值: 0.00, 保证金: 0.00, 手续费: 0.00, 风险度: 0.00%
    INFO - 日期: 2020-09-17, 账户权益: 10000000.00, 可用资金: 10000000.00, 浮动盈亏: 0.00, 持仓盈亏: 0.00, 平仓盈亏: 0.00, 市值: 0.00, 保证金: 0.00, 手续费: 0.00, 风险度: 0.00%
    INFO - 日期: 2020-09-18, 账户权益: 10000000.00, 可用资金: 10000000.00, 浮动盈亏: 0.00, 持仓盈亏: 0.00, 平仓盈亏: 0.00, 市值: 0.00, 保证金: 0.00, 手续费: 0.00, 风险度: 0.00%
    INFO - 日期: 2020-09-21, 账户权益: 10000000.00, 可用资金: 10000000.00, 浮动盈亏: 0.00, 持仓盈亏: 0.00, 平仓盈亏: 0.00, 市值: 0.00, 保证金: 0.00, 手续费: 0.00, 风险度: 0.00%
    INFO - 日期: 2020-09-22, 账户权益: 10000000.00, 可用资金: 10000000.00, 浮动盈亏: 0.00, 持仓盈亏: 0.00, 平仓盈亏: 0.00, 市值: 0.00, 保证金: 0.00, 手续费: 0.00, 风险度: 0.00%
    INFO - 日期: 2020-09-23, 账户权益: 10000000.00, 可用资金: 10000000.00, 浮动盈亏: 0.00, 持仓盈亏: 0.00, 平仓盈亏: 0.00, 市值: 0.00, 保证金: 0.00, 手续费: 0.00, 风险度: 0.00%
    INFO - 日期: 2020-09-24, 账户权益: 10000000.00, 可用资金: 10000000.00, 浮动盈亏: 0.00, 持仓盈亏: 0.00, 平仓盈亏: 0.00, 市值: 0.00, 保证金: 0.00, 手续费: 0.00, 风险度: 0.00%
    INFO - 日期: 2020-09-25, 账户权益: 10000000.00, 可用资金: 10000000.00, 浮动盈亏: 0.00, 持仓盈亏: 0.00, 平仓盈亏: 0.00, 市值: 0.00, 保证金: 0.00, 手续费: 0.00, 风险度: 0.00%
    INFO - 日期: 2020-09-28, 账户权益: 10000000.00, 可用资金: 10000000.00, 浮动盈亏: 0.00, 持仓盈亏: 0.00, 平仓盈亏: 0.00, 市值: 0.00, 保证金: 0.00, 手续费: 0.00, 风险度: 0.00%
    INFO - 日期: 2020-09-29, 账户权益: 10000000.00, 可用资金: 10000000.00, 浮动盈亏: 0.00, 持仓盈亏: 0.00, 平仓盈亏: 0.00, 市值: 0.00, 保证金: 0.00, 手续费: 0.00, 风险度: 0.00%
    INFO - 日期: 2020-09-30, 账户权益: 10000000.00, 可用资金: 10000000.00, 浮动盈亏: 0.00, 持仓盈亏: 0.00, 平仓盈亏: 0.00, 市值: 0.00, 保证金: 0.00, 手续费: 0.00, 风险度: 0.00%
    INFO - 日期: 2020-10-09, 账户权益: 10000000.00, 可用资金: 10000000.00, 浮动盈亏: 0.00, 持仓盈亏: 0.00, 平仓盈亏: 0.00, 市值: 0.00, 保证金: 0.00, 手续费: 0.00, 风险度: 0.00%
    INFO - 日期: 2020-10-12, 账户权益: 10000000.00, 可用资金: 10000000.00, 浮动盈亏: 0.00, 持仓盈亏: 0.00, 平仓盈亏: 0.00, 市值: 0.00, 保证金: 0.00, 手续费: 0.00, 风险度: 0.00%
    INFO - 日期: 2020-10-13, 账户权益: 10000000.00, 可用资金: 10000000.00, 浮动盈亏: 0.00, 持仓盈亏: 0.00, 平仓盈亏: 0.00, 市值: 0.00, 保证金: 0.00, 手续费: 0.00, 风险度: 0.00%
    INFO - 日期: 2020-10-14, 账户权益: 10000000.00, 可用资金: 10000000.00, 浮动盈亏: 0.00, 持仓盈亏: 0.00, 平仓盈亏: 0.00, 市值: 0.00, 保证金: 0.00, 手续费: 0.00, 风险度: 0.00%
    INFO - 日期: 2020-10-15, 账户权益: 10000000.00, 可用资金: 10000000.00, 浮动盈亏: 0.00, 持仓盈亏: 0.00, 平仓盈亏: 0.00, 市值: 0.00, 保证金: 0.00, 手续费: 0.00, 风险度: 0.00%
    INFO - 日期: 2020-10-16, 账户权益: 10000000.00, 可用资金: 10000000.00, 浮动盈亏: 0.00, 持仓盈亏: 0.00, 平仓盈亏: 0.00, 市值: 0.00, 保证金: 0.00, 手续费: 0.00, 风险度: 0.00%
    INFO - 日期: 2020-10-19, 账户权益: 10000000.00, 可用资金: 10000000.00, 浮动盈亏: 0.00, 持仓盈亏: 0.00, 平仓盈亏: 0.00, 市值: 0.00, 保证金: 0.00, 手续费: 0.00, 风险度: 0.00%
    INFO - 日期: 2020-10-20, 账户权益: 10000000.00, 可用资金: 10000000.00, 浮动盈亏: 0.00, 持仓盈亏: 0.00, 平仓盈亏: 0.00, 市值: 0.00, 保证金: 0.00, 手续费: 0.00, 风险度: 0.00%
    INFO - 日期: 2020-10-21, 账户权益: 10000000.00, 可用资金: 10000000.00, 浮动盈亏: 0.00, 持仓盈亏: 0.00, 平仓盈亏: 0.00, 市值: 0.00, 保证金: 0.00, 手续费: 0.00, 风险度: 0.00%
    INFO - 日期: 2020-10-22, 账户权益: 10000000.00, 可用资金: 10000000.00, 浮动盈亏: 0.00, 持仓盈亏: 0.00, 平仓盈亏: 0.00, 市值: 0.00, 保证金: 0.00, 手续费: 0.00, 风险度: 0.00%
    INFO - 日期: 2020-10-23, 账户权益: 10000000.00, 可用资金: 10000000.00, 浮动盈亏: 0.00, 持仓盈亏: 0.00, 平仓盈亏: 0.00, 市值: 0.00, 保证金: 0.00, 手续费: 0.00, 风险度: 0.00%
    INFO - 日期: 2020-10-26, 账户权益: 10000000.00, 可用资金: 10000000.00, 浮动盈亏: 0.00, 持仓盈亏: 0.00, 平仓盈亏: 0.00, 市值: 0.00, 保证金: 0.00, 手续费: 0.00, 风险度: 0.00%
    INFO - 日期: 2020-10-27, 账户权益: 10000000.00, 可用资金: 10000000.00, 浮动盈亏: 0.00, 持仓盈亏: 0.00, 平仓盈亏: 0.00, 市值: 0.00, 保证金: 0.00, 手续费: 0.00, 风险度: 0.00%
    INFO - 日期: 2020-10-28, 账户权益: 10000000.00, 可用资金: 10000000.00, 浮动盈亏: 0.00, 持仓盈亏: 0.00, 平仓盈亏: 0.00, 市值: 0.00, 保证金: 0.00, 手续费: 0.00, 风险度: 0.00%
    INFO - 日期: 2020-10-29, 账户权益: 10000000.00, 可用资金: 10000000.00, 浮动盈亏: 0.00, 持仓盈亏: 0.00, 平仓盈亏: 0.00, 市值: 0.00, 保证金: 0.00, 手续费: 0.00, 风险度: 0.00%
    INFO - 日期: 2020-10-30, 账户权益: 10000000.00, 可用资金: 10000000.00, 浮动盈亏: 0.00, 持仓盈亏: 0.00, 平仓盈亏: 0.00, 市值: 0.00, 保证金: 0.00, 手续费: 0.00, 风险度: 0.00%
    INFO - 日期: 2020-11-02, 账户权益: 10000000.00, 可用资金: 10000000.00, 浮动盈亏: 0.00, 持仓盈亏: 0.00, 平仓盈亏: 0.00, 市值: 0.00, 保证金: 0.00, 手续费: 0.00, 风险度: 0.00%
    INFO - 日期: 2020-11-03, 账户权益: 10000000.00, 可用资金: 10000000.00, 浮动盈亏: 0.00, 持仓盈亏: 0.00, 平仓盈亏: 0.00, 市值: 0.00, 保证金: 0.00, 手续费: 0.00, 风险度: 0.00%
    INFO - 日期: 2020-11-04, 账户权益: 10000000.00, 可用资金: 10000000.00, 浮动盈亏: 0.00, 持仓盈亏: 0.00, 平仓盈亏: 0.00, 市值: 0.00, 保证金: 0.00, 手续费: 0.00, 风险度: 0.00%
    INFO - 日期: 2020-11-05, 账户权益: 10000000.00, 可用资金: 10000000.00, 浮动盈亏: 0.00, 持仓盈亏: 0.00, 平仓盈亏: 0.00, 市值: 0.00, 保证金: 0.00, 手续费: 0.00, 风险度: 0.00%
    INFO - 日期: 2020-11-06, 账户权益: 10000000.00, 可用资金: 10000000.00, 浮动盈亏: 0.00, 持仓盈亏: 0.00, 平仓盈亏: 0.00, 市值: 0.00, 保证金: 0.00, 手续费: 0.00, 风险度: 0.00%
    INFO - 日期: 2020-11-09, 账户权益: 10000000.00, 可用资金: 10000000.00, 浮动盈亏: 0.00, 持仓盈亏: 0.00, 平仓盈亏: 0.00, 市值: 0.00, 保证金: 0.00, 手续费: 0.00, 风险度: 0.00%
    INFO - 日期: 2020-11-10, 账户权益: 10000000.00, 可用资金: 10000000.00, 浮动盈亏: 0.00, 持仓盈亏: 0.00, 平仓盈亏: 0.00, 市值: 0.00, 保证金: 0.00, 手续费: 0.00, 风险度: 0.00%
    INFO - 日期: 2020-11-11, 账户权益: 10000000.00, 可用资金: 10000000.00, 浮动盈亏: 0.00, 持仓盈亏: 0.00, 平仓盈亏: 0.00, 市值: 0.00, 保证金: 0.00, 手续费: 0.00, 风险度: 0.00%
    INFO - 日期: 2020-11-12, 账户权益: 10000000.00, 可用资金: 10000000.00, 浮动盈亏: 0.00, 持仓盈亏: 0.00, 平仓盈亏: 0.00, 市值: 0.00, 保证金: 0.00, 手续费: 0.00, 风险度: 0.00%
    INFO - 日期: 2020-11-13, 账户权益: 10000000.00, 可用资金: 10000000.00, 浮动盈亏: 0.00, 持仓盈亏: 0.00, 平仓盈亏: 0.00, 市值: 0.00, 保证金: 0.00, 手续费: 0.00, 风险度: 0.00%
    INFO - 日期: 2020-11-16, 账户权益: 10000000.00, 可用资金: 10000000.00, 浮动盈亏: 0.00, 持仓盈亏: 0.00, 平仓盈亏: 0.00, 市值: 0.00, 保证金: 0.00, 手续费: 0.00, 风险度: 0.00%
    INFO - 日期: 2020-11-17, 账户权益: 10000000.00, 可用资金: 10000000.00, 浮动盈亏: 0.00, 持仓盈亏: 0.00, 平仓盈亏: 0.00, 市值: 0.00, 保证金: 0.00, 手续费: 0.00, 风险度: 0.00%
    INFO - 日期: 2020-11-18, 账户权益: 10000000.00, 可用资金: 10000000.00, 浮动盈亏: 0.00, 持仓盈亏: 0.00, 平仓盈亏: 0.00, 市值: 0.00, 保证金: 0.00, 手续费: 0.00, 风险度: 0.00%
    INFO - 日期: 2020-11-19, 账户权益: 10000000.00, 可用资金: 10000000.00, 浮动盈亏: 0.00, 持仓盈亏: 0.00, 平仓盈亏: 0.00, 市值: 0.00, 保证金: 0.00, 手续费: 0.00, 风险度: 0.00%
    INFO - 日期: 2020-11-20, 账户权益: 10000000.00, 可用资金: 10000000.00, 浮动盈亏: 0.00, 持仓盈亏: 0.00, 平仓盈亏: 0.00, 市值: 0.00, 保证金: 0.00, 手续费: 0.00, 风险度: 0.00%
    INFO - 日期: 2020-11-23, 账户权益: 10000000.00, 可用资金: 10000000.00, 浮动盈亏: 0.00, 持仓盈亏: 0.00, 平仓盈亏: 0.00, 市值: 0.00, 保证金: 0.00, 手续费: 0.00, 风险度: 0.00%
    INFO - 日期: 2020-11-24, 账户权益: 10000000.00, 可用资金: 10000000.00, 浮动盈亏: 0.00, 持仓盈亏: 0.00, 平仓盈亏: 0.00, 市值: 0.00, 保证金: 0.00, 手续费: 0.00, 风险度: 0.00%
    INFO - 日期: 2020-11-25, 账户权益: 10000000.00, 可用资金: 10000000.00, 浮动盈亏: 0.00, 持仓盈亏: 0.00, 平仓盈亏: 0.00, 市值: 0.00, 保证金: 0.00, 手续费: 0.00, 风险度: 0.00%
    INFO - 日期: 2020-11-26, 账户权益: 10000000.00, 可用资金: 10000000.00, 浮动盈亏: 0.00, 持仓盈亏: 0.00, 平仓盈亏: 0.00, 市值: 0.00, 保证金: 0.00, 手续费: 0.00, 风险度: 0.00%
    INFO - 日期: 2020-11-27, 账户权益: 10000000.00, 可用资金: 10000000.00, 浮动盈亏: 0.00, 持仓盈亏: 0.00, 平仓盈亏: 0.00, 市值: 0.00, 保证金: 0.00, 手续费: 0.00, 风险度: 0.00%
    INFO - 日期: 2020-11-30, 账户权益: 10000000.00, 可用资金: 10000000.00, 浮动盈亏: 0.00, 持仓盈亏: 0.00, 平仓盈亏: 0.00, 市值: 0.00, 保证金: 0.00, 手续费: 0.00, 风险度: 0.00%
    INFO - 日期: 2020-12-01, 账户权益: 10000000.00, 可用资金: 10000000.00, 浮动盈亏: 0.00, 持仓盈亏: 0.00, 平仓盈亏: 0.00, 市值: 0.00, 保证金: 0.00, 手续费: 0.00, 风险度: 0.00%
    INFO - 日期: 2020-12-02, 账户权益: 10000000.00, 可用资金: 10000000.00, 浮动盈亏: 0.00, 持仓盈亏: 0.00, 平仓盈亏: 0.00, 市值: 0.00, 保证金: 0.00, 手续费: 0.00, 风险度: 0.00%
    INFO - 日期: 2020-12-03, 账户权益: 10000000.00, 可用资金: 10000000.00, 浮动盈亏: 0.00, 持仓盈亏: 0.00, 平仓盈亏: 0.00, 市值: 0.00, 保证金: 0.00, 手续费: 0.00, 风险度: 0.00%
    INFO - 日期: 2020-12-04, 账户权益: 10000000.00, 可用资金: 10000000.00, 浮动盈亏: 0.00, 持仓盈亏: 0.00, 平仓盈亏: 0.00, 市值: 0.00, 保证金: 0.00, 手续费: 0.00, 风险度: 0.00%
    INFO - 日期: 2020-12-07, 账户权益: 10000000.00, 可用资金: 10000000.00, 浮动盈亏: 0.00, 持仓盈亏: 0.00, 平仓盈亏: 0.00, 市值: 0.00, 保证金: 0.00, 手续费: 0.00, 风险度: 0.00%
    INFO - 日期: 2020-12-08, 账户权益: 10000000.00, 可用资金: 10000000.00, 浮动盈亏: 0.00, 持仓盈亏: 0.00, 平仓盈亏: 0.00, 市值: 0.00, 保证金: 0.00, 手续费: 0.00, 风险度: 0.00%
    INFO - 日期: 2020-12-09, 账户权益: 10000000.00, 可用资金: 10000000.00, 浮动盈亏: 0.00, 持仓盈亏: 0.00, 平仓盈亏: 0.00, 市值: 0.00, 保证金: 0.00, 手续费: 0.00, 风险度: 0.00%
    INFO - 日期: 2020-12-10, 账户权益: 10000000.00, 可用资金: 10000000.00, 浮动盈亏: 0.00, 持仓盈亏: 0.00, 平仓盈亏: 0.00, 市值: 0.00, 保证金: 0.00, 手续费: 0.00, 风险度: 0.00%
    INFO - 日期: 2020-12-11, 账户权益: 10000000.00, 可用资金: 10000000.00, 浮动盈亏: 0.00, 持仓盈亏: 0.00, 平仓盈亏: 0.00, 市值: 0.00, 保证金: 0.00, 手续费: 0.00, 风险度: 0.00%
    INFO - 日期: 2020-12-14, 账户权益: 10000000.00, 可用资金: 10000000.00, 浮动盈亏: 0.00, 持仓盈亏: 0.00, 平仓盈亏: 0.00, 市值: 0.00, 保证金: 0.00, 手续费: 0.00, 风险度: 0.00%
    INFO - 日期: 2020-12-15, 账户权益: 10000000.00, 可用资金: 10000000.00, 浮动盈亏: 0.00, 持仓盈亏: 0.00, 平仓盈亏: 0.00, 市值: 0.00, 保证金: 0.00, 手续费: 0.00, 风险度: 0.00%
    INFO - 日期: 2020-12-16, 账户权益: 10000000.00, 可用资金: 10000000.00, 浮动盈亏: 0.00, 持仓盈亏: 0.00, 平仓盈亏: 0.00, 市值: 0.00, 保证金: 0.00, 手续费: 0.00, 风险度: 0.00%
    INFO - 日期: 2020-12-17, 账户权益: 10000000.00, 可用资金: 10000000.00, 浮动盈亏: 0.00, 持仓盈亏: 0.00, 平仓盈亏: 0.00, 市值: 0.00, 保证金: 0.00, 手续费: 0.00, 风险度: 0.00%
    INFO - 日期: 2020-12-18, 账户权益: 10000000.00, 可用资金: 10000000.00, 浮动盈亏: 0.00, 持仓盈亏: 0.00, 平仓盈亏: 0.00, 市值: 0.00, 保证金: 0.00, 手续费: 0.00, 风险度: 0.00%
    INFO - 胜率: 0.00%, 盈亏额比例: inf, 收益率: 0.00%, 年化收益率: 0.00%, 最大回撤: 0.00%, 年化夏普率: inf,年化索提诺比率: -15.8114
extracted rank=25 SM101.CZCE CZCE.SM101 rows=15314 elapsed=15.48
    INFO - 回测结束
    INFO - 模拟交易成交记录, 账户: TQSIM
    INFO - 模拟交易账户资金, 账户: TQSIM
    INFO - 日期: 2020-06-23, 账户权益: 10000000.00, 可用资金: 10000000.00, 浮动盈亏: 0.00, 持仓盈亏: 0.00, 平仓盈亏: 0.00, 市值: 0.00, 保证金: 0.00, 手续费: 0.00, 风险度: 0.00%
    INFO - 日期: 2020-06-24, 账户权益: 10000000.00, 可用资金: 10000000.00, 浮动盈亏: 0.00, 持仓盈亏: 0.00, 平仓盈亏: 0.00, 市值: 0.00, 保证金: 0.00, 手续费: 0.00, 风险度: 0.00%
    INFO - 日期: 2020-06-29, 账户权益: 10000000.00, 可用资金: 10000000.00, 浮动盈亏: 0.00, 持仓盈亏: 0.00, 平仓盈亏: 0.00, 市值: 0.00, 保证金: 0.00, 手续费: 0.00, 风险度: 0.00%
    INFO - 日期: 2020-06-30, 账户权益: 10000000.00, 可用资金: 10000000.00, 浮动盈亏: 0.00, 持仓盈亏: 0.00, 平仓盈亏: 0.00, 市值: 0.00, 保证金: 0.00, 手续费: 0.00, 风险度: 0.00%
    INFO - 日期: 2020-07-01, 账户权益: 10000000.00, 可用资金: 10000000.00, 浮动盈亏: 0.00, 持仓盈亏: 0.00, 平仓盈亏: 0.00, 市值: 0.00, 保证金: 0.00, 手续费: 0.00, 风险度: 0.00%
    INFO - 日期: 2020-07-02, 账户权益: 10000000.00, 可用资金: 10000000.00, 浮动盈亏: 0.00, 持仓盈亏: 0.00, 平仓盈亏: 0.00, 市值: 0.00, 保证金: 0.00, 手续费: 0.00, 风险度: 0.00%
    INFO - 日期: 2020-07-03, 账户权益: 10000000.00, 可用资金: 10000000.00, 浮动盈亏: 0.00, 持仓盈亏: 0.00, 平仓盈亏: 0.00, 市值: 0.00, 保证金: 0.00, 手续费: 0.00, 风险度: 0.00%
    INFO - 日期: 2020-07-06, 账户权益: 10000000.00, 可用资金: 10000000.00, 浮动盈亏: 0.00, 持仓盈亏: 0.00, 平仓盈亏: 0.00, 市值: 0.00, 保证金: 0.00, 手续费: 0.00, 风险度: 0.00%
    INFO - 日期: 2020-07-07, 账户权益: 10000000.00, 可用资金: 10000000.00, 浮动盈亏: 0.00, 持仓盈亏: 0.00, 平仓盈亏: 0.00, 市值: 0.00, 保证金: 0.00, 手续费: 0.00, 风险度: 0.00%
    INFO - 日期: 2020-07-08, 账户权益: 10000000.00, 可用资金: 10000000.00, 浮动盈亏: 0.00, 持仓盈亏: 0.00, 平仓盈亏: 0.00, 市值: 0.00, 保证金: 0.00, 手续费: 0.00, 风险度: 0.00%
    INFO - 日期: 2020-07-09, 账户权益: 10000000.00, 可用资金: 10000000.00, 浮动盈亏: 0.00, 持仓盈亏: 0.00, 平仓盈亏: 0.00, 市值: 0.00, 保证金: 0.00, 手续费: 0.00, 风险度: 0.00%
    INFO - 日期: 2020-07-10, 账户权益: 10000000.00, 可用资金: 10000000.00, 浮动盈亏: 0.00, 持仓盈亏: 0.00, 平仓盈亏: 0.00, 市值: 0.00, 保证金: 0.00, 手续费: 0.00, 风险度: 0.00%
    INFO - 日期: 2020-07-13, 账户权益: 10000000.00, 可用资金: 10000000.00, 浮动盈亏: 0.00, 持仓盈亏: 0.00, 平仓盈亏: 0.00, 市值: 0.00, 保证金: 0.00, 手续费: 0.00, 风险度: 0.00%
    INFO - 日期: 2020-07-14, 账户权益: 10000000.00, 可用资金: 10000000.00, 浮动盈亏: 0.00, 持仓盈亏: 0.00, 平仓盈亏: 0.00, 市值: 0.00, 保证金: 0.00, 手续费: 0.00, 风险度: 0.00%
    INFO - 日期: 2020-07-15, 账户权益: 10000000.00, 可用资金: 10000000.00, 浮动盈亏: 0.00, 持仓盈亏: 0.00, 平仓盈亏: 0.00, 市值: 0.00, 保证金: 0.00, 手续费: 0.00, 风险度: 0.00%
    INFO - 日期: 2020-07-16, 账户权益: 10000000.00, 可用资金: 10000000.00, 浮动盈亏: 0.00, 持仓盈亏: 0.00, 平仓盈亏: 0.00, 市值: 0.00, 保证金: 0.00, 手续费: 0.00, 风险度: 0.00%
    INFO - 日期: 2020-07-17, 账户权益: 10000000.00, 可用资金: 10000000.00, 浮动盈亏: 0.00, 持仓盈亏: 0.00, 平仓盈亏: 0.00, 市值: 0.00, 保证金: 0.00, 手续费: 0.00, 风险度: 0.00%
    INFO - 日期: 2020-07-20, 账户权益: 10000000.00, 可用资金: 10000000.00, 浮动盈亏: 0.00, 持仓盈亏: 0.00, 平仓盈亏: 0.00, 市值: 0.00, 保证金: 0.00, 手续费: 0.00, 风险度: 0.00%
    INFO - 日期: 2020-07-21, 账户权益: 10000000.00, 可用资金: 10000000.00, 浮动盈亏: 0.00, 持仓盈亏: 0.00, 平仓盈亏: 0.00, 市值: 0.00, 保证金: 0.00, 手续费: 0.00, 风险度: 0.00%
    INFO - 日期: 2020-07-22, 账户权益: 10000000.00, 可用资金: 10000000.00, 浮动盈亏: 0.00, 持仓盈亏: 0.00, 平仓盈亏: 0.00, 市值: 0.00, 保证金: 0.00, 手续费: 0.00, 风险度: 0.00%
    INFO - 日期: 2020-07-23, 账户权益: 10000000.00, 可用资金: 10000000.00, 浮动盈亏: 0.00, 持仓盈亏: 0.00, 平仓盈亏: 0.00, 市值: 0.00, 保证金: 0.00, 手续费: 0.00, 风险度: 0.00%
    INFO - 日期: 2020-07-24, 账户权益: 10000000.00, 可用资金: 10000000.00, 浮动盈亏: 0.00, 持仓盈亏: 0.00, 平仓盈亏: 0.00, 市值: 0.00, 保证金: 0.00, 手续费: 0.00, 风险度: 0.00%
    INFO - 日期: 2020-07-27, 账户权益: 10000000.00, 可用资金: 10000000.00, 浮动盈亏: 0.00, 持仓盈亏: 0.00, 平仓盈亏: 0.00, 市值: 0.00, 保证金: 0.00, 手续费: 0.00, 风险度: 0.00%
    INFO - 日期: 2020-07-28, 账户权益: 10000000.00, 可用资金: 10000000.00, 浮动盈亏: 0.00, 持仓盈亏: 0.00, 平仓盈亏: 0.00, 市值: 0.00, 保证金: 0.00, 手续费: 0.00, 风险度: 0.00%
    INFO - 日期: 2020-07-29, 账户权益: 10000000.00, 可用资金: 10000000.00, 浮动盈亏: 0.00, 持仓盈亏: 0.00, 平仓盈亏: 0.00, 市值: 0.00, 保证金: 0.00, 手续费: 0.00, 风险度: 0.00%
    INFO - 日期: 2020-07-30, 账户权益: 10000000.00, 可用资金: 10000000.00, 浮动盈亏: 0.00, 持仓盈亏: 0.00, 平仓盈亏: 0.00, 市值: 0.00, 保证金: 0.00, 手续费: 0.00, 风险度: 0.00%
    INFO - 日期: 2020-07-31, 账户权益: 10000000.00, 可用资金: 10000000.00, 浮动盈亏: 0.00, 持仓盈亏: 0.00, 平仓盈亏: 0.00, 市值: 0.00, 保证金: 0.00, 手续费: 0.00, 风险度: 0.00%
    INFO - 日期: 2020-08-03, 账户权益: 10000000.00, 可用资金: 10000000.00, 浮动盈亏: 0.00, 持仓盈亏: 0.00, 平仓盈亏: 0.00, 市值: 0.00, 保证金: 0.00, 手续费: 0.00, 风险度: 0.00%
    INFO - 日期: 2020-08-04, 账户权益: 10000000.00, 可用资金: 10000000.00, 浮动盈亏: 0.00, 持仓盈亏: 0.00, 平仓盈亏: 0.00, 市值: 0.00, 保证金: 0.00, 手续费: 0.00, 风险度: 0.00%
    INFO - 日期: 2020-08-05, 账户权益: 10000000.00, 可用资金: 10000000.00, 浮动盈亏: 0.00, 持仓盈亏: 0.00, 平仓盈亏: 0.00, 市值: 0.00, 保证金: 0.00, 手续费: 0.00, 风险度: 0.00%
    INFO - 日期: 2020-08-06, 账户权益: 10000000.00, 可用资金: 10000000.00, 浮动盈亏: 0.00, 持仓盈亏: 0.00, 平仓盈亏: 0.00, 市值: 0.00, 保证金: 0.00, 手续费: 0.00, 风险度: 0.00%
    INFO - 日期: 2020-08-07, 账户权益: 10000000.00, 可用资金: 10000000.00, 浮动盈亏: 0.00, 持仓盈亏: 0.00, 平仓盈亏: 0.00, 市值: 0.00, 保证金: 0.00, 手续费: 0.00, 风险度: 0.00%
    INFO - 日期: 2020-08-10, 账户权益: 10000000.00, 可用资金: 10000000.00, 浮动盈亏: 0.00, 持仓盈亏: 0.00, 平仓盈亏: 0.00, 市值: 0.00, 保证金: 0.00, 手续费: 0.00, 风险度: 0.00%
    INFO - 日期: 2020-08-11, 账户权益: 10000000.00, 可用资金: 10000000.00, 浮动盈亏: 0.00, 持仓盈亏: 0.00, 平仓盈亏: 0.00, 市值: 0.00, 保证金: 0.00, 手续费: 0.00, 风险度: 0.00%
    INFO - 日期: 2020-08-12, 账户权益: 10000000.00, 可用资金: 10000000.00, 浮动盈亏: 0.00, 持仓盈亏: 0.00, 平仓盈亏: 0.00, 市值: 0.00, 保证金: 0.00, 手续费: 0.00, 风险度: 0.00%
    INFO - 日期: 2020-08-13, 账户权益: 10000000.00, 可用资金: 10000000.00, 浮动盈亏: 0.00, 持仓盈亏: 0.00, 平仓盈亏: 0.00, 市值: 0.00, 保证金: 0.00, 手续费: 0.00, 风险度: 0.00%
    INFO - 日期: 2020-08-14, 账户权益: 10000000.00, 可用资金: 10000000.00, 浮动盈亏: 0.00, 持仓盈亏: 0.00, 平仓盈亏: 0.00, 市值: 0.00, 保证金: 0.00, 手续费: 0.00, 风险度: 0.00%
    INFO - 日期: 2020-08-17, 账户权益: 10000000.00, 可用资金: 10000000.00, 浮动盈亏: 0.00, 持仓盈亏: 0.00, 平仓盈亏: 0.00, 市值: 0.00, 保证金: 0.00, 手续费: 0.00, 风险度: 0.00%
    INFO - 日期: 2020-08-18, 账户权益: 10000000.00, 可用资金: 10000000.00, 浮动盈亏: 0.00, 持仓盈亏: 0.00, 平仓盈亏: 0.00, 市值: 0.00, 保证金: 0.00, 手续费: 0.00, 风险度: 0.00%
    INFO - 日期: 2020-08-19, 账户权益: 10000000.00, 可用资金: 10000000.00, 浮动盈亏: 0.00, 持仓盈亏: 0.00, 平仓盈亏: 0.00, 市值: 0.00, 保证金: 0.00, 手续费: 0.00, 风险度: 0.00%
    INFO - 日期: 2020-08-20, 账户权益: 10000000.00, 可用资金: 10000000.00, 浮动盈亏: 0.00, 持仓盈亏: 0.00, 平仓盈亏: 0.00, 市值: 0.00, 保证金: 0.00, 手续费: 0.00, 风险度: 0.00%
    INFO - 日期: 2020-08-21, 账户权益: 10000000.00, 可用资金: 10000000.00, 浮动盈亏: 0.00, 持仓盈亏: 0.00, 平仓盈亏: 0.00, 市值: 0.00, 保证金: 0.00, 手续费: 0.00, 风险度: 0.00%
    INFO - 日期: 2020-08-24, 账户权益: 10000000.00, 可用资金: 10000000.00, 浮动盈亏: 0.00, 持仓盈亏: 0.00, 平仓盈亏: 0.00, 市值: 0.00, 保证金: 0.00, 手续费: 0.00, 风险度: 0.00%
    INFO - 日期: 2020-08-25, 账户权益: 10000000.00, 可用资金: 10000000.00, 浮动盈亏: 0.00, 持仓盈亏: 0.00, 平仓盈亏: 0.00, 市值: 0.00, 保证金: 0.00, 手续费: 0.00, 风险度: 0.00%
    INFO - 日期: 2020-08-26, 账户权益: 10000000.00, 可用资金: 10000000.00, 浮动盈亏: 0.00, 持仓盈亏: 0.00, 平仓盈亏: 0.00, 市值: 0.00, 保证金: 0.00, 手续费: 0.00, 风险度: 0.00%
    INFO - 日期: 2020-08-27, 账户权益: 10000000.00, 可用资金: 10000000.00, 浮动盈亏: 0.00, 持仓盈亏: 0.00, 平仓盈亏: 0.00, 市值: 0.00, 保证金: 0.00, 手续费: 0.00, 风险度: 0.00%
    INFO - 日期: 2020-08-28, 账户权益: 10000000.00, 可用资金: 10000000.00, 浮动盈亏: 0.00, 持仓盈亏: 0.00, 平仓盈亏: 0.00, 市值: 0.00, 保证金: 0.00, 手续费: 0.00, 风险度: 0.00%
    INFO - 日期: 2020-08-31, 账户权益: 10000000.00, 可用资金: 10000000.00, 浮动盈亏: 0.00, 持仓盈亏: 0.00, 平仓盈亏: 0.00, 市值: 0.00, 保证金: 0.00, 手续费: 0.00, 风险度: 0.00%
    INFO - 日期: 2020-09-01, 账户权益: 10000000.00, 可用资金: 10000000.00, 浮动盈亏: 0.00, 持仓盈亏: 0.00, 平仓盈亏: 0.00, 市值: 0.00, 保证金: 0.00, 手续费: 0.00, 风险度: 0.00%
    INFO - 日期: 2020-09-02, 账户权益: 10000000.00, 可用资金: 10000000.00, 浮动盈亏: 0.00, 持仓盈亏: 0.00, 平仓盈亏: 0.00, 市值: 0.00, 保证金: 0.00, 手续费: 0.00, 风险度: 0.00%
    INFO - 日期: 2020-09-03, 账户权益: 10000000.00, 可用资金: 10000000.00, 浮动盈亏: 0.00, 持仓盈亏: 0.00, 平仓盈亏: 0.00, 市值: 0.00, 保证金: 0.00, 手续费: 0.00, 风险度: 0.00%
    INFO - 日期: 2020-09-04, 账户权益: 10000000.00, 可用资金: 10000000.00, 浮动盈亏: 0.00, 持仓盈亏: 0.00, 平仓盈亏: 0.00, 市值: 0.00, 保证金: 0.00, 手续费: 0.00, 风险度: 0.00%
    INFO - 日期: 2020-09-07, 账户权益: 10000000.00, 可用资金: 10000000.00, 浮动盈亏: 0.00, 持仓盈亏: 0.00, 平仓盈亏: 0.00, 市值: 0.00, 保证金: 0.00, 手续费: 0.00, 风险度: 0.00%
    INFO - 日期: 2020-09-08, 账户权益: 10000000.00, 可用资金: 10000000.00, 浮动盈亏: 0.00, 持仓盈亏: 0.00, 平仓盈亏: 0.00, 市值: 0.00, 保证金: 0.00, 手续费: 0.00, 风险度: 0.00%
    INFO - 日期: 2020-09-09, 账户权益: 10000000.00, 可用资金: 10000000.00, 浮动盈亏: 0.00, 持仓盈亏: 0.00, 平仓盈亏: 0.00, 市值: 0.00, 保证金: 0.00, 手续费: 0.00, 风险度: 0.00%
    INFO - 日期: 2020-09-10, 账户权益: 10000000.00, 可用资金: 10000000.00, 浮动盈亏: 0.00, 持仓盈亏: 0.00, 平仓盈亏: 0.00, 市值: 0.00, 保证金: 0.00, 手续费: 0.00, 风险度: 0.00%
    INFO - 日期: 2020-09-11, 账户权益: 10000000.00, 可用资金: 10000000.00, 浮动盈亏: 0.00, 持仓盈亏: 0.00, 平仓盈亏: 0.00, 市值: 0.00, 保证金: 0.00, 手续费: 0.00, 风险度: 0.00%
    INFO - 日期: 2020-09-14, 账户权益: 10000000.00, 可用资金: 10000000.00, 浮动盈亏: 0.00, 持仓盈亏: 0.00, 平仓盈亏: 0.00, 市值: 0.00, 保证金: 0.00, 手续费: 0.00, 风险度: 0.00%
    INFO - 日期: 2020-09-15, 账户权益: 10000000.00, 可用资金: 10000000.00, 浮动盈亏: 0.00, 持仓盈亏: 0.00, 平仓盈亏: 0.00, 市值: 0.00, 保证金: 0.00, 手续费: 0.00, 风险度: 0.00%
    INFO - 日期: 2020-09-16, 账户权益: 10000000.00, 可用资金: 10000000.00, 浮动盈亏: 0.00, 持仓盈亏: 0.00, 平仓盈亏: 0.00, 市值: 0.00, 保证金: 0.00, 手续费: 0.00, 风险度: 0.00%
    INFO - 日期: 2020-09-17, 账户权益: 10000000.00, 可用资金: 10000000.00, 浮动盈亏: 0.00, 持仓盈亏: 0.00, 平仓盈亏: 0.00, 市值: 0.00, 保证金: 0.00, 手续费: 0.00, 风险度: 0.00%
    INFO - 日期: 2020-09-18, 账户权益: 10000000.00, 可用资金: 10000000.00, 浮动盈亏: 0.00, 持仓盈亏: 0.00, 平仓盈亏: 0.00, 市值: 0.00, 保证金: 0.00, 手续费: 0.00, 风险度: 0.00%
    INFO - 日期: 2020-09-21, 账户权益: 10000000.00, 可用资金: 10000000.00, 浮动盈亏: 0.00, 持仓盈亏: 0.00, 平仓盈亏: 0.00, 市值: 0.00, 保证金: 0.00, 手续费: 0.00, 风险度: 0.00%
    INFO - 日期: 2020-09-22, 账户权益: 10000000.00, 可用资金: 10000000.00, 浮动盈亏: 0.00, 持仓盈亏: 0.00, 平仓盈亏: 0.00, 市值: 0.00, 保证金: 0.00, 手续费: 0.00, 风险度: 0.00%
    INFO - 日期: 2020-09-23, 账户权益: 10000000.00, 可用资金: 10000000.00, 浮动盈亏: 0.00, 持仓盈亏: 0.00, 平仓盈亏: 0.00, 市值: 0.00, 保证金: 0.00, 手续费: 0.00, 风险度: 0.00%
    INFO - 日期: 2020-09-24, 账户权益: 10000000.00, 可用资金: 10000000.00, 浮动盈亏: 0.00, 持仓盈亏: 0.00, 平仓盈亏: 0.00, 市值: 0.00, 保证金: 0.00, 手续费: 0.00, 风险度: 0.00%
    INFO - 日期: 2020-09-25, 账户权益: 10000000.00, 可用资金: 10000000.00, 浮动盈亏: 0.00, 持仓盈亏: 0.00, 平仓盈亏: 0.00, 市值: 0.00, 保证金: 0.00, 手续费: 0.00, 风险度: 0.00%
    INFO - 日期: 2020-09-28, 账户权益: 10000000.00, 可用资金: 10000000.00, 浮动盈亏: 0.00, 持仓盈亏: 0.00, 平仓盈亏: 0.00, 市值: 0.00, 保证金: 0.00, 手续费: 0.00, 风险度: 0.00%
    INFO - 日期: 2020-09-29, 账户权益: 10000000.00, 可用资金: 10000000.00, 浮动盈亏: 0.00, 持仓盈亏: 0.00, 平仓盈亏: 0.00, 市值: 0.00, 保证金: 0.00, 手续费: 0.00, 风险度: 0.00%
    INFO - 日期: 2020-09-30, 账户权益: 10000000.00, 可用资金: 10000000.00, 浮动盈亏: 0.00, 持仓盈亏: 0.00, 平仓盈亏: 0.00, 市值: 0.00, 保证金: 0.00, 手续费: 0.00, 风险度: 0.00%
    INFO - 日期: 2020-10-09, 账户权益: 10000000.00, 可用资金: 10000000.00, 浮动盈亏: 0.00, 持仓盈亏: 0.00, 平仓盈亏: 0.00, 市值: 0.00, 保证金: 0.00, 手续费: 0.00, 风险度: 0.00%
    INFO - 日期: 2020-10-12, 账户权益: 10000000.00, 可用资金: 10000000.00, 浮动盈亏: 0.00, 持仓盈亏: 0.00, 平仓盈亏: 0.00, 市值: 0.00, 保证金: 0.00, 手续费: 0.00, 风险度: 0.00%
    INFO - 日期: 2020-10-13, 账户权益: 10000000.00, 可用资金: 10000000.00, 浮动盈亏: 0.00, 持仓盈亏: 0.00, 平仓盈亏: 0.00, 市值: 0.00, 保证金: 0.00, 手续费: 0.00, 风险度: 0.00%
    INFO - 日期: 2020-10-14, 账户权益: 10000000.00, 可用资金: 10000000.00, 浮动盈亏: 0.00, 持仓盈亏: 0.00, 平仓盈亏: 0.00, 市值: 0.00, 保证金: 0.00, 手续费: 0.00, 风险度: 0.00%
    INFO - 日期: 2020-10-15, 账户权益: 10000000.00, 可用资金: 10000000.00, 浮动盈亏: 0.00, 持仓盈亏: 0.00, 平仓盈亏: 0.00, 市值: 0.00, 保证金: 0.00, 手续费: 0.00, 风险度: 0.00%
    INFO - 日期: 2020-10-16, 账户权益: 10000000.00, 可用资金: 10000000.00, 浮动盈亏: 0.00, 持仓盈亏: 0.00, 平仓盈亏: 0.00, 市值: 0.00, 保证金: 0.00, 手续费: 0.00, 风险度: 0.00%
    INFO - 日期: 2020-10-19, 账户权益: 10000000.00, 可用资金: 10000000.00, 浮动盈亏: 0.00, 持仓盈亏: 0.00, 平仓盈亏: 0.00, 市值: 0.00, 保证金: 0.00, 手续费: 0.00, 风险度: 0.00%
    INFO - 日期: 2020-10-20, 账户权益: 10000000.00, 可用资金: 10000000.00, 浮动盈亏: 0.00, 持仓盈亏: 0.00, 平仓盈亏: 0.00, 市值: 0.00, 保证金: 0.00, 手续费: 0.00, 风险度: 0.00%
    INFO - 日期: 2020-10-21, 账户权益: 10000000.00, 可用资金: 10000000.00, 浮动盈亏: 0.00, 持仓盈亏: 0.00, 平仓盈亏: 0.00, 市值: 0.00, 保证金: 0.00, 手续费: 0.00, 风险度: 0.00%
    INFO - 日期: 2020-10-22, 账户权益: 10000000.00, 可用资金: 10000000.00, 浮动盈亏: 0.00, 持仓盈亏: 0.00, 平仓盈亏: 0.00, 市值: 0.00, 保证金: 0.00, 手续费: 0.00, 风险度: 0.00%
    INFO - 日期: 2020-10-23, 账户权益: 10000000.00, 可用资金: 10000000.00, 浮动盈亏: 0.00, 持仓盈亏: 0.00, 平仓盈亏: 0.00, 市值: 0.00, 保证金: 0.00, 手续费: 0.00, 风险度: 0.00%
    INFO - 日期: 2020-10-26, 账户权益: 10000000.00, 可用资金: 10000000.00, 浮动盈亏: 0.00, 持仓盈亏: 0.00, 平仓盈亏: 0.00, 市值: 0.00, 保证金: 0.00, 手续费: 0.00, 风险度: 0.00%
    INFO - 日期: 2020-10-27, 账户权益: 10000000.00, 可用资金: 10000000.00, 浮动盈亏: 0.00, 持仓盈亏: 0.00, 平仓盈亏: 0.00, 市值: 0.00, 保证金: 0.00, 手续费: 0.00, 风险度: 0.00%
    INFO - 日期: 2020-10-28, 账户权益: 10000000.00, 可用资金: 10000000.00, 浮动盈亏: 0.00, 持仓盈亏: 0.00, 平仓盈亏: 0.00, 市值: 0.00, 保证金: 0.00, 手续费: 0.00, 风险度: 0.00%
    INFO - 日期: 2020-10-29, 账户权益: 10000000.00, 可用资金: 10000000.00, 浮动盈亏: 0.00, 持仓盈亏: 0.00, 平仓盈亏: 0.00, 市值: 0.00, 保证金: 0.00, 手续费: 0.00, 风险度: 0.00%
    INFO - 日期: 2020-10-30, 账户权益: 10000000.00, 可用资金: 10000000.00, 浮动盈亏: 0.00, 持仓盈亏: 0.00, 平仓盈亏: 0.00, 市值: 0.00, 保证金: 0.00, 手续费: 0.00, 风险度: 0.00%
    INFO - 日期: 2020-11-02, 账户权益: 10000000.00, 可用资金: 10000000.00, 浮动盈亏: 0.00, 持仓盈亏: 0.00, 平仓盈亏: 0.00, 市值: 0.00, 保证金: 0.00, 手续费: 0.00, 风险度: 0.00%
    INFO - 日期: 2020-11-03, 账户权益: 10000000.00, 可用资金: 10000000.00, 浮动盈亏: 0.00, 持仓盈亏: 0.00, 平仓盈亏: 0.00, 市值: 0.00, 保证金: 0.00, 手续费: 0.00, 风险度: 0.00%
    INFO - 日期: 2020-11-04, 账户权益: 10000000.00, 可用资金: 10000000.00, 浮动盈亏: 0.00, 持仓盈亏: 0.00, 平仓盈亏: 0.00, 市值: 0.00, 保证金: 0.00, 手续费: 0.00, 风险度: 0.00%
    INFO - 日期: 2020-11-05, 账户权益: 10000000.00, 可用资金: 10000000.00, 浮动盈亏: 0.00, 持仓盈亏: 0.00, 平仓盈亏: 0.00, 市值: 0.00, 保证金: 0.00, 手续费: 0.00, 风险度: 0.00%
    INFO - 日期: 2020-11-06, 账户权益: 10000000.00, 可用资金: 10000000.00, 浮动盈亏: 0.00, 持仓盈亏: 0.00, 平仓盈亏: 0.00, 市值: 0.00, 保证金: 0.00, 手续费: 0.00, 风险度: 0.00%
    INFO - 日期: 2020-11-09, 账户权益: 10000000.00, 可用资金: 10000000.00, 浮动盈亏: 0.00, 持仓盈亏: 0.00, 平仓盈亏: 0.00, 市值: 0.00, 保证金: 0.00, 手续费: 0.00, 风险度: 0.00%
    INFO - 日期: 2020-11-10, 账户权益: 10000000.00, 可用资金: 10000000.00, 浮动盈亏: 0.00, 持仓盈亏: 0.00, 平仓盈亏: 0.00, 市值: 0.00, 保证金: 0.00, 手续费: 0.00, 风险度: 0.00%
    INFO - 日期: 2020-11-11, 账户权益: 10000000.00, 可用资金: 10000000.00, 浮动盈亏: 0.00, 持仓盈亏: 0.00, 平仓盈亏: 0.00, 市值: 0.00, 保证金: 0.00, 手续费: 0.00, 风险度: 0.00%
    INFO - 日期: 2020-11-12, 账户权益: 10000000.00, 可用资金: 10000000.00, 浮动盈亏: 0.00, 持仓盈亏: 0.00, 平仓盈亏: 0.00, 市值: 0.00, 保证金: 0.00, 手续费: 0.00, 风险度: 0.00%
    INFO - 日期: 2020-11-13, 账户权益: 10000000.00, 可用资金: 10000000.00, 浮动盈亏: 0.00, 持仓盈亏: 0.00, 平仓盈亏: 0.00, 市值: 0.00, 保证金: 0.00, 手续费: 0.00, 风险度: 0.00%
    INFO - 日期: 2020-11-16, 账户权益: 10000000.00, 可用资金: 10000000.00, 浮动盈亏: 0.00, 持仓盈亏: 0.00, 平仓盈亏: 0.00, 市值: 0.00, 保证金: 0.00, 手续费: 0.00, 风险度: 0.00%
    INFO - 胜率: 0.00%, 盈亏额比例: inf, 收益率: 0.00%, 年化收益率: 0.00%, 最大回撤: 0.00%, 年化夏普率: inf,年化索提诺比率: -15.8114
extracted rank=26 au2012.SHFE SHFE.au2012 rows=52409 elapsed=45.36
