在使用天勤量化之前，默认您已经知晓并同意以下免责条款，如果不同意请立即停止使用：https://www.shinnytech.com/blog/disclaimer/
cached_raw rank=1 hc2010.SHFE SHFE.hc2010 rows=24509 elapsed=0.0
cached_raw rank=2 rb2305.SHFE SHFE.rb2305 rows=23699 elapsed=0.0
cached_raw rank=3 SM109.CZCE CZCE.SM109 rows=13755 elapsed=0.0
cached_raw rank=4 MA101.CZCE CZCE.MA101 rows=22800 elapsed=0.0
cached_raw rank=5 MA605.CZCE CZCE.MA605 rows=6930 elapsed=0.0
cached_raw rank=6 ru2605.SHFE SHFE.ru2605 rows=150 elapsed=0.0
cached_raw rank=7 fu2209.SHFE SHFE.fu2209 rows=6705 elapsed=0.0
cached_raw rank=8 ru2201.SHFE SHFE.ru2201 rows=24060 elapsed=0.0
cached_raw rank=9 hc2110.SHFE SHFE.hc2110 rows=23025 elapsed=0.0
cached_raw rank=10 SM005.CZCE CZCE.SM005 rows=13080 elapsed=0.0
cached_raw rank=11 CF009.CZCE CZCE.CF009 rows=21765 elapsed=0.0
cached_raw rank=12 rb2010.SHFE SHFE.rb2010 rows=20385 elapsed=0.0
cached_raw rank=13 FG109.CZCE CZCE.FG109 rows=19559 elapsed=0.0
cached_raw rank=14 fu2509.SHFE SHFE.fu2509 rows=17400 elapsed=0.0
cached_raw rank=15 FG305.CZCE CZCE.FG305 rows=20939 elapsed=0.0
cached_raw rank=16 fu2501.SHFE SHFE.fu2501 rows=150 elapsed=0.0
cached_raw rank=17 FG205.CZCE CZCE.FG205 rows=14175 elapsed=0.0
cached_raw rank=18 jm2205.DCE DCE.jm2205 rows=20955 elapsed=0.0
cached_raw rank=19 MA205.CZCE CZCE.MA205 rows=17834 elapsed=0.0
cached_raw rank=20 rb2110.SHFE SHFE.rb2110 rows=23025 elapsed=0.0
cached_raw rank=21 SA109.CZCE CZCE.SA109 rows=12795 elapsed=0.0
cached_raw rank=22 jm2005.DCE DCE.jm2005 rows=7964 elapsed=0.0
cached_raw rank=23 CF105.CZCE CZCE.CF105 rows=18179 elapsed=0.0
cached_raw rank=24 jm2109.DCE DCE.jm2109 rows=21629 elapsed=0.0
cached_raw rank=25 SM101.CZCE CZCE.SM101 rows=15314 elapsed=0.0
cached_raw rank=26 au2012.SHFE SHFE.au2012 rows=52409 elapsed=0.0
    INFO - 模拟交易成交记录, 账户: TQSIM
    INFO - 模拟交易账户资金, 账户: TQSIM
    INFO - 日期: 2021-01-08, 账户权益: 10000000.00, 可用资金: 10000000.00, 浮动盈亏: 0.00, 持仓盈亏: 0.00, 平仓盈亏: 0.00, 市值: 0.00, 保证金: 0.00, 手续费: 0.00, 风险度: 0.00%
    INFO - 日期: 2021-01-11, 账户权益: 10000000.00, 可用资金: 10000000.00, 浮动盈亏: 0.00, 持仓盈亏: 0.00, 平仓盈亏: 0.00, 市值: 0.00, 保证金: 0.00, 手续费: 0.00, 风险度: 0.00%
    INFO - 日期: 2021-01-12, 账户权益: 10000000.00, 可用资金: 10000000.00, 浮动盈亏: 0.00, 持仓盈亏: 0.00, 平仓盈亏: 0.00, 市值: 0.00, 保证金: 0.00, 手续费: 0.00, 风险度: 0.00%
    INFO - 日期: 2021-01-13, 账户权益: 10000000.00, 可用资金: 10000000.00, 浮动盈亏: 0.00, 持仓盈亏: 0.00, 平仓盈亏: 0.00, 市值: 0.00, 保证金: 0.00, 手续费: 0.00, 风险度: 0.00%
    INFO - 日期: 2021-01-14, 账户权益: 10000000.00, 可用资金: 10000000.00, 浮动盈亏: 0.00, 持仓盈亏: 0.00, 平仓盈亏: 0.00, 市值: 0.00, 保证金: 0.00, 手续费: 0.00, 风险度: 0.00%
    INFO - 日期: 2021-01-15, 账户权益: 10000000.00, 可用资金: 10000000.00, 浮动盈亏: 0.00, 持仓盈亏: 0.00, 平仓盈亏: 0.00, 市值: 0.00, 保证金: 0.00, 手续费: 0.00, 风险度: 0.00%
    INFO - 日期: 2021-01-18, 账户权益: 10000000.00, 可用资金: 10000000.00, 浮动盈亏: 0.00, 持仓盈亏: 0.00, 平仓盈亏: 0.00, 市值: 0.00, 保证金: 0.00, 手续费: 0.00, 风险度: 0.00%
    INFO - 日期: 2021-01-19, 账户权益: 10000000.00, 可用资金: 10000000.00, 浮动盈亏: 0.00, 持仓盈亏: 0.00, 平仓盈亏: 0.00, 市值: 0.00, 保证金: 0.00, 手续费: 0.00, 风险度: 0.00%
    INFO - 日期: 2021-01-20, 账户权益: 10000000.00, 可用资金: 10000000.00, 浮动盈亏: 0.00, 持仓盈亏: 0.00, 平仓盈亏: 0.00, 市值: 0.00, 保证金: 0.00, 手续费: 0.00, 风险度: 0.00%
    INFO - 日期: 2021-01-21, 账户权益: 10000000.00, 可用资金: 10000000.00, 浮动盈亏: 0.00, 持仓盈亏: 0.00, 平仓盈亏: 0.00, 市值: 0.00, 保证金: 0.00, 手续费: 0.00, 风险度: 0.00%
    INFO - 日期: 2021-01-22, 账户权益: 10000000.00, 可用资金: 10000000.00, 浮动盈亏: 0.00, 持仓盈亏: 0.00, 平仓盈亏: 0.00, 市值: 0.00, 保证金: 0.00, 手续费: 0.00, 风险度: 0.00%
    INFO - 日期: 2021-01-25, 账户权益: 10000000.00, 可用资金: 10000000.00, 浮动盈亏: 0.00, 持仓盈亏: 0.00, 平仓盈亏: 0.00, 市值: 0.00, 保证金: 0.00, 手续费: 0.00, 风险度: 0.00%
    INFO - 日期: 2021-01-26, 账户权益: 10000000.00, 可用资金: 10000000.00, 浮动盈亏: 0.00, 持仓盈亏: 0.00, 平仓盈亏: 0.00, 市值: 0.00, 保证金: 0.00, 手续费: 0.00, 风险度: 0.00%
    INFO - 日期: 2021-01-27, 账户权益: 10000000.00, 可用资金: 10000000.00, 浮动盈亏: 0.00, 持仓盈亏: 0.00, 平仓盈亏: 0.00, 市值: 0.00, 保证金: 0.00, 手续费: 0.00, 风险度: 0.00%
    INFO - 日期: 2021-01-28, 账户权益: 10000000.00, 可用资金: 10000000.00, 浮动盈亏: 0.00, 持仓盈亏: 0.00, 平仓盈亏: 0.00, 市值: 0.00, 保证金: 0.00, 手续费: 0.00, 风险度: 0.00%
    INFO - 日期: 2021-01-29, 账户权益: 10000000.00, 可用资金: 10000000.00, 浮动盈亏: 0.00, 持仓盈亏: 0.00, 平仓盈亏: 0.00, 市值: 0.00, 保证金: 0.00, 手续费: 0.00, 风险度: 0.00%
    INFO - 日期: 2021-02-01, 账户权益: 10000000.00, 可用资金: 10000000.00, 浮动盈亏: 0.00, 持仓盈亏: 0.00, 平仓盈亏: 0.00, 市值: 0.00, 保证金: 0.00, 手续费: 0.00, 风险度: 0.00%
    INFO - 日期: 2021-02-02, 账户权益: 10000000.00, 可用资金: 10000000.00, 浮动盈亏: 0.00, 持仓盈亏: 0.00, 平仓盈亏: 0.00, 市值: 0.00, 保证金: 0.00, 手续费: 0.00, 风险度: 0.00%
    INFO - 日期: 2021-02-03, 账户权益: 10000000.00, 可用资金: 10000000.00, 浮动盈亏: 0.00, 持仓盈亏: 0.00, 平仓盈亏: 0.00, 市值: 0.00, 保证金: 0.00, 手续费: 0.00, 风险度: 0.00%
    INFO - 日期: 2021-02-04, 账户权益: 10000000.00, 可用资金: 10000000.00, 浮动盈亏: 0.00, 持仓盈亏: 0.00, 平仓盈亏: 0.00, 市值: 0.00, 保证金: 0.00, 手续费: 0.00, 风险度: 0.00%
    INFO - 日期: 2021-02-05, 账户权益: 10000000.00, 可用资金: 10000000.00, 浮动盈亏: 0.00, 持仓盈亏: 0.00, 平仓盈亏: 0.00, 市值: 0.00, 保证金: 0.00, 手续费: 0.00, 风险度: 0.00%
    INFO - 日期: 2021-02-08, 账户权益: 10000000.00, 可用资金: 10000000.00, 浮动盈亏: 0.00, 持仓盈亏: 0.00, 平仓盈亏: 0.00, 市值: 0.00, 保证金: 0.00, 手续费: 0.00, 风险度: 0.00%
    INFO - 日期: 2021-02-09, 账户权益: 10000000.00, 可用资金: 10000000.00, 浮动盈亏: 0.00, 持仓盈亏: 0.00, 平仓盈亏: 0.00, 市值: 0.00, 保证金: 0.00, 手续费: 0.00, 风险度: 0.00%
    INFO - 日期: 2021-02-10, 账户权益: 10000000.00, 可用资金: 10000000.00, 浮动盈亏: 0.00, 持仓盈亏: 0.00, 平仓盈亏: 0.00, 市值: 0.00, 保证金: 0.00, 手续费: 0.00, 风险度: 0.00%
    INFO - 日期: 2021-02-18, 账户权益: 10000000.00, 可用资金: 10000000.00, 浮动盈亏: 0.00, 持仓盈亏: 0.00, 平仓盈亏: 0.00, 市值: 0.00, 保证金: 0.00, 手续费: 0.00, 风险度: 0.00%
    INFO - 日期: 2021-02-19, 账户权益: 10000000.00, 可用资金: 10000000.00, 浮动盈亏: 0.00, 持仓盈亏: 0.00, 平仓盈亏: 0.00, 市值: 0.00, 保证金: 0.00, 手续费: 0.00, 风险度: 0.00%
    INFO - 日期: 2021-02-22, 账户权益: 10000000.00, 可用资金: 10000000.00, 浮动盈亏: 0.00, 持仓盈亏: 0.00, 平仓盈亏: 0.00, 市值: 0.00, 保证金: 0.00, 手续费: 0.00, 风险度: 0.00%
    INFO - 日期: 2021-02-23, 账户权益: 10000000.00, 可用资金: 10000000.00, 浮动盈亏: 0.00, 持仓盈亏: 0.00, 平仓盈亏: 0.00, 市值: 0.00, 保证金: 0.00, 手续费: 0.00, 风险度: 0.00%
    INFO - 日期: 2021-02-24, 账户权益: 10000000.00, 可用资金: 10000000.00, 浮动盈亏: 0.00, 持仓盈亏: 0.00, 平仓盈亏: 0.00, 市值: 0.00, 保证金: 0.00, 手续费: 0.00, 风险度: 0.00%
    INFO - 日期: 2021-02-25, 账户权益: 10000000.00, 可用资金: 10000000.00, 浮动盈亏: 0.00, 持仓盈亏: 0.00, 平仓盈亏: 0.00, 市值: 0.00, 保证金: 0.00, 手续费: 0.00, 风险度: 0.00%
    INFO - 日期: 2021-02-26, 账户权益: 10000000.00, 可用资金: 10000000.00, 浮动盈亏: 0.00, 持仓盈亏: 0.00, 平仓盈亏: 0.00, 市值: 0.00, 保证金: 0.00, 手续费: 0.00, 风险度: 0.00%
    INFO - 日期: 2021-03-01, 账户权益: 10000000.00, 可用资金: 10000000.00, 浮动盈亏: 0.00, 持仓盈亏: 0.00, 平仓盈亏: 0.00, 市值: 0.00, 保证金: 0.00, 手续费: 0.00, 风险度: 0.00%
    INFO - 日期: 2021-03-02, 账户权益: 10000000.00, 可用资金: 10000000.00, 浮动盈亏: 0.00, 持仓盈亏: 0.00, 平仓盈亏: 0.00, 市值: 0.00, 保证金: 0.00, 手续费: 0.00, 风险度: 0.00%
    INFO - 日期: 2021-03-03, 账户权益: 10000000.00, 可用资金: 10000000.00, 浮动盈亏: 0.00, 持仓盈亏: 0.00, 平仓盈亏: 0.00, 市值: 0.00, 保证金: 0.00, 手续费: 0.00, 风险度: 0.00%
    INFO - 日期: 2021-03-04, 账户权益: 10000000.00, 可用资金: 10000000.00, 浮动盈亏: 0.00, 持仓盈亏: 0.00, 平仓盈亏: 0.00, 市值: 0.00, 保证金: 0.00, 手续费: 0.00, 风险度: 0.00%
    INFO - 日期: 2021-03-05, 账户权益: 10000000.00, 可用资金: 10000000.00, 浮动盈亏: 0.00, 持仓盈亏: 0.00, 平仓盈亏: 0.00, 市值: 0.00, 保证金: 0.00, 手续费: 0.00, 风险度: 0.00%
    INFO - 日期: 2021-03-08, 账户权益: 10000000.00, 可用资金: 10000000.00, 浮动盈亏: 0.00, 持仓盈亏: 0.00, 平仓盈亏: 0.00, 市值: 0.00, 保证金: 0.00, 手续费: 0.00, 风险度: 0.00%
    INFO - 日期: 2021-03-09, 账户权益: 10000000.00, 可用资金: 10000000.00, 浮动盈亏: 0.00, 持仓盈亏: 0.00, 平仓盈亏: 0.00, 市值: 0.00, 保证金: 0.00, 手续费: 0.00, 风险度: 0.00%
    INFO - 日期: 2021-03-10, 账户权益: 10000000.00, 可用资金: 10000000.00, 浮动盈亏: 0.00, 持仓盈亏: 0.00, 平仓盈亏: 0.00, 市值: 0.00, 保证金: 0.00, 手续费: 0.00, 风险度: 0.00%
    INFO - 日期: 2021-03-11, 账户权益: 10000000.00, 可用资金: 10000000.00, 浮动盈亏: 0.00, 持仓盈亏: 0.00, 平仓盈亏: 0.00, 市值: 0.00, 保证金: 0.00, 手续费: 0.00, 风险度: 0.00%
    INFO - 日期: 2021-03-12, 账户权益: 10000000.00, 可用资金: 10000000.00, 浮动盈亏: 0.00, 持仓盈亏: 0.00, 平仓盈亏: 0.00, 市值: 0.00, 保证金: 0.00, 手续费: 0.00, 风险度: 0.00%
    INFO - 日期: 2021-03-15, 账户权益: 10000000.00, 可用资金: 10000000.00, 浮动盈亏: 0.00, 持仓盈亏: 0.00, 平仓盈亏: 0.00, 市值: 0.00, 保证金: 0.00, 手续费: 0.00, 风险度: 0.00%
    INFO - 日期: 2021-03-16, 账户权益: 10000000.00, 可用资金: 10000000.00, 浮动盈亏: 0.00, 持仓盈亏: 0.00, 平仓盈亏: 0.00, 市值: 0.00, 保证金: 0.00, 手续费: 0.00, 风险度: 0.00%
    INFO - 日期: 2021-03-17, 账户权益: 10000000.00, 可用资金: 10000000.00, 浮动盈亏: 0.00, 持仓盈亏: 0.00, 平仓盈亏: 0.00, 市值: 0.00, 保证金: 0.00, 手续费: 0.00, 风险度: 0.00%
    INFO - 日期: 2021-03-18, 账户权益: 10000000.00, 可用资金: 10000000.00, 浮动盈亏: 0.00, 持仓盈亏: 0.00, 平仓盈亏: 0.00, 市值: 0.00, 保证金: 0.00, 手续费: 0.00, 风险度: 0.00%
    INFO - 日期: 2021-03-19, 账户权益: 10000000.00, 可用资金: 10000000.00, 浮动盈亏: 0.00, 持仓盈亏: 0.00, 平仓盈亏: 0.00, 市值: 0.00, 保证金: 0.00, 手续费: 0.00, 风险度: 0.00%
    INFO - 日期: 2021-03-22, 账户权益: 10000000.00, 可用资金: 10000000.00, 浮动盈亏: 0.00, 持仓盈亏: 0.00, 平仓盈亏: 0.00, 市值: 0.00, 保证金: 0.00, 手续费: 0.00, 风险度: 0.00%
    INFO - 日期: 2021-03-23, 账户权益: 10000000.00, 可用资金: 10000000.00, 浮动盈亏: 0.00, 持仓盈亏: 0.00, 平仓盈亏: 0.00, 市值: 0.00, 保证金: 0.00, 手续费: 0.00, 风险度: 0.00%
    INFO - 胜率: 0.00%, 盈亏额比例: inf, 收益率: 0.00%, 年化收益率: 0.00%, 最大回撤: 0.00%, 年化夏普率: inf,年化索提诺比率: -15.8114
    INFO - 回测结束
extracted rank=27 SA105.CZCE CZCE.SA105 rows=15900 elapsed=17.95
    INFO - 模拟交易成交记录, 账户: TQSIM
    INFO - 模拟交易账户资金, 账户: TQSIM
    INFO - 日期: 2021-01-08, 账户权益: 10000000.00, 可用资金: 10000000.00, 浮动盈亏: 0.00, 持仓盈亏: 0.00, 平仓盈亏: 0.00, 市值: 0.00, 保证金: 0.00, 手续费: 0.00, 风险度: 0.00%
    INFO - 日期: 2021-01-11, 账户权益: 10000000.00, 可用资金: 10000000.00, 浮动盈亏: 0.00, 持仓盈亏: 0.00, 平仓盈亏: 0.00, 市值: 0.00, 保证金: 0.00, 手续费: 0.00, 风险度: 0.00%
    INFO - 日期: 2021-01-12, 账户权益: 10000000.00, 可用资金: 10000000.00, 浮动盈亏: 0.00, 持仓盈亏: 0.00, 平仓盈亏: 0.00, 市值: 0.00, 保证金: 0.00, 手续费: 0.00, 风险度: 0.00%
    INFO - 日期: 2021-01-13, 账户权益: 10000000.00, 可用资金: 10000000.00, 浮动盈亏: 0.00, 持仓盈亏: 0.00, 平仓盈亏: 0.00, 市值: 0.00, 保证金: 0.00, 手续费: 0.00, 风险度: 0.00%
    INFO - 日期: 2021-01-14, 账户权益: 10000000.00, 可用资金: 10000000.00, 浮动盈亏: 0.00, 持仓盈亏: 0.00, 平仓盈亏: 0.00, 市值: 0.00, 保证金: 0.00, 手续费: 0.00, 风险度: 0.00%
    INFO - 日期: 2021-01-15, 账户权益: 10000000.00, 可用资金: 10000000.00, 浮动盈亏: 0.00, 持仓盈亏: 0.00, 平仓盈亏: 0.00, 市值: 0.00, 保证金: 0.00, 手续费: 0.00, 风险度: 0.00%
    INFO - 日期: 2021-01-18, 账户权益: 10000000.00, 可用资金: 10000000.00, 浮动盈亏: 0.00, 持仓盈亏: 0.00, 平仓盈亏: 0.00, 市值: 0.00, 保证金: 0.00, 手续费: 0.00, 风险度: 0.00%
    INFO - 日期: 2021-01-19, 账户权益: 10000000.00, 可用资金: 10000000.00, 浮动盈亏: 0.00, 持仓盈亏: 0.00, 平仓盈亏: 0.00, 市值: 0.00, 保证金: 0.00, 手续费: 0.00, 风险度: 0.00%
    INFO - 日期: 2021-01-20, 账户权益: 10000000.00, 可用资金: 10000000.00, 浮动盈亏: 0.00, 持仓盈亏: 0.00, 平仓盈亏: 0.00, 市值: 0.00, 保证金: 0.00, 手续费: 0.00, 风险度: 0.00%
    INFO - 日期: 2021-01-21, 账户权益: 10000000.00, 可用资金: 10000000.00, 浮动盈亏: 0.00, 持仓盈亏: 0.00, 平仓盈亏: 0.00, 市值: 0.00, 保证金: 0.00, 手续费: 0.00, 风险度: 0.00%
    INFO - 日期: 2021-01-22, 账户权益: 10000000.00, 可用资金: 10000000.00, 浮动盈亏: 0.00, 持仓盈亏: 0.00, 平仓盈亏: 0.00, 市值: 0.00, 保证金: 0.00, 手续费: 0.00, 风险度: 0.00%
    INFO - 日期: 2021-01-25, 账户权益: 10000000.00, 可用资金: 10000000.00, 浮动盈亏: 0.00, 持仓盈亏: 0.00, 平仓盈亏: 0.00, 市值: 0.00, 保证金: 0.00, 手续费: 0.00, 风险度: 0.00%
    INFO - 日期: 2021-01-26, 账户权益: 10000000.00, 可用资金: 10000000.00, 浮动盈亏: 0.00, 持仓盈亏: 0.00, 平仓盈亏: 0.00, 市值: 0.00, 保证金: 0.00, 手续费: 0.00, 风险度: 0.00%
    INFO - 日期: 2021-01-27, 账户权益: 10000000.00, 可用资金: 10000000.00, 浮动盈亏: 0.00, 持仓盈亏: 0.00, 平仓盈亏: 0.00, 市值: 0.00, 保证金: 0.00, 手续费: 0.00, 风险度: 0.00%
    INFO - 日期: 2021-01-28, 账户权益: 10000000.00, 可用资金: 10000000.00, 浮动盈亏: 0.00, 持仓盈亏: 0.00, 平仓盈亏: 0.00, 市值: 0.00, 保证金: 0.00, 手续费: 0.00, 风险度: 0.00%
    INFO - 日期: 2021-01-29, 账户权益: 10000000.00, 可用资金: 10000000.00, 浮动盈亏: 0.00, 持仓盈亏: 0.00, 平仓盈亏: 0.00, 市值: 0.00, 保证金: 0.00, 手续费: 0.00, 风险度: 0.00%
    INFO - 日期: 2021-02-01, 账户权益: 10000000.00, 可用资金: 10000000.00, 浮动盈亏: 0.00, 持仓盈亏: 0.00, 平仓盈亏: 0.00, 市值: 0.00, 保证金: 0.00, 手续费: 0.00, 风险度: 0.00%
    INFO - 日期: 2021-02-02, 账户权益: 10000000.00, 可用资金: 10000000.00, 浮动盈亏: 0.00, 持仓盈亏: 0.00, 平仓盈亏: 0.00, 市值: 0.00, 保证金: 0.00, 手续费: 0.00, 风险度: 0.00%
    INFO - 日期: 2021-02-03, 账户权益: 10000000.00, 可用资金: 10000000.00, 浮动盈亏: 0.00, 持仓盈亏: 0.00, 平仓盈亏: 0.00, 市值: 0.00, 保证金: 0.00, 手续费: 0.00, 风险度: 0.00%
    INFO - 日期: 2021-02-04, 账户权益: 10000000.00, 可用资金: 10000000.00, 浮动盈亏: 0.00, 持仓盈亏: 0.00, 平仓盈亏: 0.00, 市值: 0.00, 保证金: 0.00, 手续费: 0.00, 风险度: 0.00%
    INFO - 日期: 2021-02-05, 账户权益: 10000000.00, 可用资金: 10000000.00, 浮动盈亏: 0.00, 持仓盈亏: 0.00, 平仓盈亏: 0.00, 市值: 0.00, 保证金: 0.00, 手续费: 0.00, 风险度: 0.00%
    INFO - 日期: 2021-02-08, 账户权益: 10000000.00, 可用资金: 10000000.00, 浮动盈亏: 0.00, 持仓盈亏: 0.00, 平仓盈亏: 0.00, 市值: 0.00, 保证金: 0.00, 手续费: 0.00, 风险度: 0.00%
    INFO - 日期: 2021-02-09, 账户权益: 10000000.00, 可用资金: 10000000.00, 浮动盈亏: 0.00, 持仓盈亏: 0.00, 平仓盈亏: 0.00, 市值: 0.00, 保证金: 0.00, 手续费: 0.00, 风险度: 0.00%
    INFO - 日期: 2021-02-10, 账户权益: 10000000.00, 可用资金: 10000000.00, 浮动盈亏: 0.00, 持仓盈亏: 0.00, 平仓盈亏: 0.00, 市值: 0.00, 保证金: 0.00, 手续费: 0.00, 风险度: 0.00%
    INFO - 日期: 2021-02-18, 账户权益: 10000000.00, 可用资金: 10000000.00, 浮动盈亏: 0.00, 持仓盈亏: 0.00, 平仓盈亏: 0.00, 市值: 0.00, 保证金: 0.00, 手续费: 0.00, 风险度: 0.00%
    INFO - 日期: 2021-02-19, 账户权益: 10000000.00, 可用资金: 10000000.00, 浮动盈亏: 0.00, 持仓盈亏: 0.00, 平仓盈亏: 0.00, 市值: 0.00, 保证金: 0.00, 手续费: 0.00, 风险度: 0.00%
    INFO - 日期: 2021-02-22, 账户权益: 10000000.00, 可用资金: 10000000.00, 浮动盈亏: 0.00, 持仓盈亏: 0.00, 平仓盈亏: 0.00, 市值: 0.00, 保证金: 0.00, 手续费: 0.00, 风险度: 0.00%
    INFO - 日期: 2021-02-23, 账户权益: 10000000.00, 可用资金: 10000000.00, 浮动盈亏: 0.00, 持仓盈亏: 0.00, 平仓盈亏: 0.00, 市值: 0.00, 保证金: 0.00, 手续费: 0.00, 风险度: 0.00%
    INFO - 日期: 2021-02-24, 账户权益: 10000000.00, 可用资金: 10000000.00, 浮动盈亏: 0.00, 持仓盈亏: 0.00, 平仓盈亏: 0.00, 市值: 0.00, 保证金: 0.00, 手续费: 0.00, 风险度: 0.00%
    INFO - 日期: 2021-02-25, 账户权益: 10000000.00, 可用资金: 10000000.00, 浮动盈亏: 0.00, 持仓盈亏: 0.00, 平仓盈亏: 0.00, 市值: 0.00, 保证金: 0.00, 手续费: 0.00, 风险度: 0.00%
    INFO - 日期: 2021-02-26, 账户权益: 10000000.00, 可用资金: 10000000.00, 浮动盈亏: 0.00, 持仓盈亏: 0.00, 平仓盈亏: 0.00, 市值: 0.00, 保证金: 0.00, 手续费: 0.00, 风险度: 0.00%
    INFO - 日期: 2021-03-01, 账户权益: 10000000.00, 可用资金: 10000000.00, 浮动盈亏: 0.00, 持仓盈亏: 0.00, 平仓盈亏: 0.00, 市值: 0.00, 保证金: 0.00, 手续费: 0.00, 风险度: 0.00%
    INFO - 日期: 2021-03-02, 账户权益: 10000000.00, 可用资金: 10000000.00, 浮动盈亏: 0.00, 持仓盈亏: 0.00, 平仓盈亏: 0.00, 市值: 0.00, 保证金: 0.00, 手续费: 0.00, 风险度: 0.00%
    INFO - 日期: 2021-03-03, 账户权益: 10000000.00, 可用资金: 10000000.00, 浮动盈亏: 0.00, 持仓盈亏: 0.00, 平仓盈亏: 0.00, 市值: 0.00, 保证金: 0.00, 手续费: 0.00, 风险度: 0.00%
    INFO - 日期: 2021-03-04, 账户权益: 10000000.00, 可用资金: 10000000.00, 浮动盈亏: 0.00, 持仓盈亏: 0.00, 平仓盈亏: 0.00, 市值: 0.00, 保证金: 0.00, 手续费: 0.00, 风险度: 0.00%
    INFO - 日期: 2021-03-05, 账户权益: 10000000.00, 可用资金: 10000000.00, 浮动盈亏: 0.00, 持仓盈亏: 0.00, 平仓盈亏: 0.00, 市值: 0.00, 保证金: 0.00, 手续费: 0.00, 风险度: 0.00%
    INFO - 日期: 2021-03-08, 账户权益: 10000000.00, 可用资金: 10000000.00, 浮动盈亏: 0.00, 持仓盈亏: 0.00, 平仓盈亏: 0.00, 市值: 0.00, 保证金: 0.00, 手续费: 0.00, 风险度: 0.00%
    INFO - 日期: 2021-03-09, 账户权益: 10000000.00, 可用资金: 10000000.00, 浮动盈亏: 0.00, 持仓盈亏: 0.00, 平仓盈亏: 0.00, 市值: 0.00, 保证金: 0.00, 手续费: 0.00, 风险度: 0.00%
    INFO - 日期: 2021-03-10, 账户权益: 10000000.00, 可用资金: 10000000.00, 浮动盈亏: 0.00, 持仓盈亏: 0.00, 平仓盈亏: 0.00, 市值: 0.00, 保证金: 0.00, 手续费: 0.00, 风险度: 0.00%
    INFO - 日期: 2021-03-11, 账户权益: 10000000.00, 可用资金: 10000000.00, 浮动盈亏: 0.00, 持仓盈亏: 0.00, 平仓盈亏: 0.00, 市值: 0.00, 保证金: 0.00, 手续费: 0.00, 风险度: 0.00%
    INFO - 日期: 2021-03-12, 账户权益: 10000000.00, 可用资金: 10000000.00, 浮动盈亏: 0.00, 持仓盈亏: 0.00, 平仓盈亏: 0.00, 市值: 0.00, 保证金: 0.00, 手续费: 0.00, 风险度: 0.00%
    INFO - 日期: 2021-03-15, 账户权益: 10000000.00, 可用资金: 10000000.00, 浮动盈亏: 0.00, 持仓盈亏: 0.00, 平仓盈亏: 0.00, 市值: 0.00, 保证金: 0.00, 手续费: 0.00, 风险度: 0.00%
    INFO - 日期: 2021-03-16, 账户权益: 10000000.00, 可用资金: 10000000.00, 浮动盈亏: 0.00, 持仓盈亏: 0.00, 平仓盈亏: 0.00, 市值: 0.00, 保证金: 0.00, 手续费: 0.00, 风险度: 0.00%
    INFO - 日期: 2021-03-17, 账户权益: 10000000.00, 可用资金: 10000000.00, 浮动盈亏: 0.00, 持仓盈亏: 0.00, 平仓盈亏: 0.00, 市值: 0.00, 保证金: 0.00, 手续费: 0.00, 风险度: 0.00%
    INFO - 日期: 2021-03-18, 账户权益: 10000000.00, 可用资金: 10000000.00, 浮动盈亏: 0.00, 持仓盈亏: 0.00, 平仓盈亏: 0.00, 市值: 0.00, 保证金: 0.00, 手续费: 0.00, 风险度: 0.00%
    INFO - 日期: 2021-03-19, 账户权益: 10000000.00, 可用资金: 10000000.00, 浮动盈亏: 0.00, 持仓盈亏: 0.00, 平仓盈亏: 0.00, 市值: 0.00, 保证金: 0.00, 手续费: 0.00, 风险度: 0.00%
    INFO - 日期: 2021-03-22, 账户权益: 10000000.00, 可用资金: 10000000.00, 浮动盈亏: 0.00, 持仓盈亏: 0.00, 平仓盈亏: 0.00, 市值: 0.00, 保证金: 0.00, 手续费: 0.00, 风险度: 0.00%
    INFO - 日期: 2021-03-23, 账户权益: 10000000.00, 可用资金: 10000000.00, 浮动盈亏: 0.00, 持仓盈亏: 0.00, 平仓盈亏: 0.00, 市值: 0.00, 保证金: 0.00, 手续费: 0.00, 风险度: 0.00%
    INFO - 日期: 2021-03-24, 账户权益: 10000000.00, 可用资金: 10000000.00, 浮动盈亏: 0.00, 持仓盈亏: 0.00, 平仓盈亏: 0.00, 市值: 0.00, 保证金: 0.00, 手续费: 0.00, 风险度: 0.00%
    INFO - 日期: 2021-03-25, 账户权益: 10000000.00, 可用资金: 10000000.00, 浮动盈亏: 0.00, 持仓盈亏: 0.00, 平仓盈亏: 0.00, 市值: 0.00, 保证金: 0.00, 手续费: 0.00, 风险度: 0.00%
    INFO - 日期: 2021-03-26, 账户权益: 10000000.00, 可用资金: 10000000.00, 浮动盈亏: 0.00, 持仓盈亏: 0.00, 平仓盈亏: 0.00, 市值: 0.00, 保证金: 0.00, 手续费: 0.00, 风险度: 0.00%
    INFO - 日期: 2021-03-29, 账户权益: 10000000.00, 可用资金: 10000000.00, 浮动盈亏: 0.00, 持仓盈亏: 0.00, 平仓盈亏: 0.00, 市值: 0.00, 保证金: 0.00, 手续费: 0.00, 风险度: 0.00%
    INFO - 日期: 2021-03-30, 账户权益: 10000000.00, 可用资金: 10000000.00, 浮动盈亏: 0.00, 持仓盈亏: 0.00, 平仓盈亏: 0.00, 市值: 0.00, 保证金: 0.00, 手续费: 0.00, 风险度: 0.00%
    INFO - 日期: 2021-03-31, 账户权益: 10000000.00, 可用资金: 10000000.00, 浮动盈亏: 0.00, 持仓盈亏: 0.00, 平仓盈亏: 0.00, 市值: 0.00, 保证金: 0.00, 手续费: 0.00, 风险度: 0.00%
    INFO - 日期: 2021-04-01, 账户权益: 10000000.00, 可用资金: 10000000.00, 浮动盈亏: 0.00, 持仓盈亏: 0.00, 平仓盈亏: 0.00, 市值: 0.00, 保证金: 0.00, 手续费: 0.00, 风险度: 0.00%
    INFO - 日期: 2021-04-02, 账户权益: 10000000.00, 可用资金: 10000000.00, 浮动盈亏: 0.00, 持仓盈亏: 0.00, 平仓盈亏: 0.00, 市值: 0.00, 保证金: 0.00, 手续费: 0.00, 风险度: 0.00%
    INFO - 日期: 2021-04-06, 账户权益: 10000000.00, 可用资金: 10000000.00, 浮动盈亏: 0.00, 持仓盈亏: 0.00, 平仓盈亏: 0.00, 市值: 0.00, 保证金: 0.00, 手续费: 0.00, 风险度: 0.00%
    INFO - 日期: 2021-04-07, 账户权益: 10000000.00, 可用资金: 10000000.00, 浮动盈亏: 0.00, 持仓盈亏: 0.00, 平仓盈亏: 0.00, 市值: 0.00, 保证金: 0.00, 手续费: 0.00, 风险度: 0.00%
    INFO - 日期: 2021-04-08, 账户权益: 10000000.00, 可用资金: 10000000.00, 浮动盈亏: 0.00, 持仓盈亏: 0.00, 平仓盈亏: 0.00, 市值: 0.00, 保证金: 0.00, 手续费: 0.00, 风险度: 0.00%
    INFO - 日期: 2021-04-09, 账户权益: 10000000.00, 可用资金: 10000000.00, 浮动盈亏: 0.00, 持仓盈亏: 0.00, 平仓盈亏: 0.00, 市值: 0.00, 保证金: 0.00, 手续费: 0.00, 风险度: 0.00%
    INFO - 日期: 2021-04-12, 账户权益: 10000000.00, 可用资金: 10000000.00, 浮动盈亏: 0.00, 持仓盈亏: 0.00, 平仓盈亏: 0.00, 市值: 0.00, 保证金: 0.00, 手续费: 0.00, 风险度: 0.00%
    INFO - 日期: 2021-04-13, 账户权益: 10000000.00, 可用资金: 10000000.00, 浮动盈亏: 0.00, 持仓盈亏: 0.00, 平仓盈亏: 0.00, 市值: 0.00, 保证金: 0.00, 手续费: 0.00, 风险度: 0.00%
    INFO - 日期: 2021-04-14, 账户权益: 10000000.00, 可用资金: 10000000.00, 浮动盈亏: 0.00, 持仓盈亏: 0.00, 平仓盈亏: 0.00, 市值: 0.00, 保证金: 0.00, 手续费: 0.00, 风险度: 0.00%
    INFO - 日期: 2021-04-15, 账户权益: 10000000.00, 可用资金: 10000000.00, 浮动盈亏: 0.00, 持仓盈亏: 0.00, 平仓盈亏: 0.00, 市值: 0.00, 保证金: 0.00, 手续费: 0.00, 风险度: 0.00%
    INFO - 日期: 2021-04-16, 账户权益: 10000000.00, 可用资金: 10000000.00, 浮动盈亏: 0.00, 持仓盈亏: 0.00, 平仓盈亏: 0.00, 市值: 0.00, 保证金: 0.00, 手续费: 0.00, 风险度: 0.00%
    INFO - 日期: 2021-04-19, 账户权益: 10000000.00, 可用资金: 10000000.00, 浮动盈亏: 0.00, 持仓盈亏: 0.00, 平仓盈亏: 0.00, 市值: 0.00, 保证金: 0.00, 手续费: 0.00, 风险度: 0.00%
    INFO - 日期: 2021-04-20, 账户权益: 10000000.00, 可用资金: 10000000.00, 浮动盈亏: 0.00, 持仓盈亏: 0.00, 平仓盈亏: 0.00, 市值: 0.00, 保证金: 0.00, 手续费: 0.00, 风险度: 0.00%
    INFO - 日期: 2021-04-21, 账户权益: 10000000.00, 可用资金: 10000000.00, 浮动盈亏: 0.00, 持仓盈亏: 0.00, 平仓盈亏: 0.00, 市值: 0.00, 保证金: 0.00, 手续费: 0.00, 风险度: 0.00%
    INFO - 日期: 2021-04-22, 账户权益: 10000000.00, 可用资金: 10000000.00, 浮动盈亏: 0.00, 持仓盈亏: 0.00, 平仓盈亏: 0.00, 市值: 0.00, 保证金: 0.00, 手续费: 0.00, 风险度: 0.00%
    INFO - 胜率: 0.00%, 盈亏额比例: inf, 收益率: 0.00%, 年化收益率: 0.00%, 最大回撤: 0.00%, 年化夏普率: inf,年化索提诺比率: -15.8114
    INFO - 回测结束
extracted rank=28 jm2105.DCE DCE.jm2105 rows=23025 elapsed=23.15
    INFO - 回测结束
    INFO - 模拟交易成交记录, 账户: TQSIM
    INFO - 模拟交易账户资金, 账户: TQSIM
    INFO - 日期: 2021-12-15, 账户权益: 10000000.00, 可用资金: 10000000.00, 浮动盈亏: 0.00, 持仓盈亏: 0.00, 平仓盈亏: 0.00, 市值: 0.00, 保证金: 0.00, 手续费: 0.00, 风险度: 0.00%
    INFO - 日期: 2021-12-16, 账户权益: 10000000.00, 可用资金: 10000000.00, 浮动盈亏: 0.00, 持仓盈亏: 0.00, 平仓盈亏: 0.00, 市值: 0.00, 保证金: 0.00, 手续费: 0.00, 风险度: 0.00%
    INFO - 日期: 2021-12-17, 账户权益: 10000000.00, 可用资金: 10000000.00, 浮动盈亏: 0.00, 持仓盈亏: 0.00, 平仓盈亏: 0.00, 市值: 0.00, 保证金: 0.00, 手续费: 0.00, 风险度: 0.00%
    INFO - 日期: 2021-12-20, 账户权益: 10000000.00, 可用资金: 10000000.00, 浮动盈亏: 0.00, 持仓盈亏: 0.00, 平仓盈亏: 0.00, 市值: 0.00, 保证金: 0.00, 手续费: 0.00, 风险度: 0.00%
    INFO - 日期: 2021-12-21, 账户权益: 10000000.00, 可用资金: 10000000.00, 浮动盈亏: 0.00, 持仓盈亏: 0.00, 平仓盈亏: 0.00, 市值: 0.00, 保证金: 0.00, 手续费: 0.00, 风险度: 0.00%
    INFO - 日期: 2021-12-22, 账户权益: 10000000.00, 可用资金: 10000000.00, 浮动盈亏: 0.00, 持仓盈亏: 0.00, 平仓盈亏: 0.00, 市值: 0.00, 保证金: 0.00, 手续费: 0.00, 风险度: 0.00%
    INFO - 日期: 2021-12-23, 账户权益: 10000000.00, 可用资金: 10000000.00, 浮动盈亏: 0.00, 持仓盈亏: 0.00, 平仓盈亏: 0.00, 市值: 0.00, 保证金: 0.00, 手续费: 0.00, 风险度: 0.00%
    INFO - 日期: 2021-12-24, 账户权益: 10000000.00, 可用资金: 10000000.00, 浮动盈亏: 0.00, 持仓盈亏: 0.00, 平仓盈亏: 0.00, 市值: 0.00, 保证金: 0.00, 手续费: 0.00, 风险度: 0.00%
    INFO - 日期: 2021-12-27, 账户权益: 10000000.00, 可用资金: 10000000.00, 浮动盈亏: 0.00, 持仓盈亏: 0.00, 平仓盈亏: 0.00, 市值: 0.00, 保证金: 0.00, 手续费: 0.00, 风险度: 0.00%
    INFO - 日期: 2021-12-28, 账户权益: 10000000.00, 可用资金: 10000000.00, 浮动盈亏: 0.00, 持仓盈亏: 0.00, 平仓盈亏: 0.00, 市值: 0.00, 保证金: 0.00, 手续费: 0.00, 风险度: 0.00%
    INFO - 日期: 2021-12-29, 账户权益: 10000000.00, 可用资金: 10000000.00, 浮动盈亏: 0.00, 持仓盈亏: 0.00, 平仓盈亏: 0.00, 市值: 0.00, 保证金: 0.00, 手续费: 0.00, 风险度: 0.00%
    INFO - 日期: 2021-12-30, 账户权益: 10000000.00, 可用资金: 10000000.00, 浮动盈亏: 0.00, 持仓盈亏: 0.00, 平仓盈亏: 0.00, 市值: 0.00, 保证金: 0.00, 手续费: 0.00, 风险度: 0.00%
    INFO - 日期: 2021-12-31, 账户权益: 10000000.00, 可用资金: 10000000.00, 浮动盈亏: 0.00, 持仓盈亏: 0.00, 平仓盈亏: 0.00, 市值: 0.00, 保证金: 0.00, 手续费: 0.00, 风险度: 0.00%
    INFO - 日期: 2022-01-04, 账户权益: 10000000.00, 可用资金: 10000000.00, 浮动盈亏: 0.00, 持仓盈亏: 0.00, 平仓盈亏: 0.00, 市值: 0.00, 保证金: 0.00, 手续费: 0.00, 风险度: 0.00%
    INFO - 日期: 2022-01-05, 账户权益: 10000000.00, 可用资金: 10000000.00, 浮动盈亏: 0.00, 持仓盈亏: 0.00, 平仓盈亏: 0.00, 市值: 0.00, 保证金: 0.00, 手续费: 0.00, 风险度: 0.00%
    INFO - 日期: 2022-01-06, 账户权益: 10000000.00, 可用资金: 10000000.00, 浮动盈亏: 0.00, 持仓盈亏: 0.00, 平仓盈亏: 0.00, 市值: 0.00, 保证金: 0.00, 手续费: 0.00, 风险度: 0.00%
    INFO - 日期: 2022-01-07, 账户权益: 10000000.00, 可用资金: 10000000.00, 浮动盈亏: 0.00, 持仓盈亏: 0.00, 平仓盈亏: 0.00, 市值: 0.00, 保证金: 0.00, 手续费: 0.00, 风险度: 0.00%
    INFO - 日期: 2022-01-10, 账户权益: 10000000.00, 可用资金: 10000000.00, 浮动盈亏: 0.00, 持仓盈亏: 0.00, 平仓盈亏: 0.00, 市值: 0.00, 保证金: 0.00, 手续费: 0.00, 风险度: 0.00%
    INFO - 日期: 2022-01-11, 账户权益: 10000000.00, 可用资金: 10000000.00, 浮动盈亏: 0.00, 持仓盈亏: 0.00, 平仓盈亏: 0.00, 市值: 0.00, 保证金: 0.00, 手续费: 0.00, 风险度: 0.00%
    INFO - 日期: 2022-01-12, 账户权益: 10000000.00, 可用资金: 10000000.00, 浮动盈亏: 0.00, 持仓盈亏: 0.00, 平仓盈亏: 0.00, 市值: 0.00, 保证金: 0.00, 手续费: 0.00, 风险度: 0.00%
    INFO - 日期: 2022-01-13, 账户权益: 10000000.00, 可用资金: 10000000.00, 浮动盈亏: 0.00, 持仓盈亏: 0.00, 平仓盈亏: 0.00, 市值: 0.00, 保证金: 0.00, 手续费: 0.00, 风险度: 0.00%
    INFO - 日期: 2022-01-14, 账户权益: 10000000.00, 可用资金: 10000000.00, 浮动盈亏: 0.00, 持仓盈亏: 0.00, 平仓盈亏: 0.00, 市值: 0.00, 保证金: 0.00, 手续费: 0.00, 风险度: 0.00%
    INFO - 日期: 2022-01-17, 账户权益: 10000000.00, 可用资金: 10000000.00, 浮动盈亏: 0.00, 持仓盈亏: 0.00, 平仓盈亏: 0.00, 市值: 0.00, 保证金: 0.00, 手续费: 0.00, 风险度: 0.00%
    INFO - 日期: 2022-01-18, 账户权益: 10000000.00, 可用资金: 10000000.00, 浮动盈亏: 0.00, 持仓盈亏: 0.00, 平仓盈亏: 0.00, 市值: 0.00, 保证金: 0.00, 手续费: 0.00, 风险度: 0.00%
    INFO - 日期: 2022-01-19, 账户权益: 10000000.00, 可用资金: 10000000.00, 浮动盈亏: 0.00, 持仓盈亏: 0.00, 平仓盈亏: 0.00, 市值: 0.00, 保证金: 0.00, 手续费: 0.00, 风险度: 0.00%
    INFO - 日期: 2022-01-20, 账户权益: 10000000.00, 可用资金: 10000000.00, 浮动盈亏: 0.00, 持仓盈亏: 0.00, 平仓盈亏: 0.00, 市值: 0.00, 保证金: 0.00, 手续费: 0.00, 风险度: 0.00%
    INFO - 日期: 2022-01-21, 账户权益: 10000000.00, 可用资金: 10000000.00, 浮动盈亏: 0.00, 持仓盈亏: 0.00, 平仓盈亏: 0.00, 市值: 0.00, 保证金: 0.00, 手续费: 0.00, 风险度: 0.00%
    INFO - 日期: 2022-01-24, 账户权益: 10000000.00, 可用资金: 10000000.00, 浮动盈亏: 0.00, 持仓盈亏: 0.00, 平仓盈亏: 0.00, 市值: 0.00, 保证金: 0.00, 手续费: 0.00, 风险度: 0.00%
    INFO - 日期: 2022-01-25, 账户权益: 10000000.00, 可用资金: 10000000.00, 浮动盈亏: 0.00, 持仓盈亏: 0.00, 平仓盈亏: 0.00, 市值: 0.00, 保证金: 0.00, 手续费: 0.00, 风险度: 0.00%
    INFO - 日期: 2022-01-26, 账户权益: 10000000.00, 可用资金: 10000000.00, 浮动盈亏: 0.00, 持仓盈亏: 0.00, 平仓盈亏: 0.00, 市值: 0.00, 保证金: 0.00, 手续费: 0.00, 风险度: 0.00%
    INFO - 日期: 2022-01-27, 账户权益: 10000000.00, 可用资金: 10000000.00, 浮动盈亏: 0.00, 持仓盈亏: 0.00, 平仓盈亏: 0.00, 市值: 0.00, 保证金: 0.00, 手续费: 0.00, 风险度: 0.00%
    INFO - 日期: 2022-01-28, 账户权益: 10000000.00, 可用资金: 10000000.00, 浮动盈亏: 0.00, 持仓盈亏: 0.00, 平仓盈亏: 0.00, 市值: 0.00, 保证金: 0.00, 手续费: 0.00, 风险度: 0.00%
    INFO - 日期: 2022-02-07, 账户权益: 10000000.00, 可用资金: 10000000.00, 浮动盈亏: 0.00, 持仓盈亏: 0.00, 平仓盈亏: 0.00, 市值: 0.00, 保证金: 0.00, 手续费: 0.00, 风险度: 0.00%
    INFO - 日期: 2022-02-08, 账户权益: 10000000.00, 可用资金: 10000000.00, 浮动盈亏: 0.00, 持仓盈亏: 0.00, 平仓盈亏: 0.00, 市值: 0.00, 保证金: 0.00, 手续费: 0.00, 风险度: 0.00%
    INFO - 日期: 2022-02-09, 账户权益: 10000000.00, 可用资金: 10000000.00, 浮动盈亏: 0.00, 持仓盈亏: 0.00, 平仓盈亏: 0.00, 市值: 0.00, 保证金: 0.00, 手续费: 0.00, 风险度: 0.00%
    INFO - 日期: 2022-02-10, 账户权益: 10000000.00, 可用资金: 10000000.00, 浮动盈亏: 0.00, 持仓盈亏: 0.00, 平仓盈亏: 0.00, 市值: 0.00, 保证金: 0.00, 手续费: 0.00, 风险度: 0.00%
    INFO - 日期: 2022-02-11, 账户权益: 10000000.00, 可用资金: 10000000.00, 浮动盈亏: 0.00, 持仓盈亏: 0.00, 平仓盈亏: 0.00, 市值: 0.00, 保证金: 0.00, 手续费: 0.00, 风险度: 0.00%
    INFO - 日期: 2022-02-14, 账户权益: 10000000.00, 可用资金: 10000000.00, 浮动盈亏: 0.00, 持仓盈亏: 0.00, 平仓盈亏: 0.00, 市值: 0.00, 保证金: 0.00, 手续费: 0.00, 风险度: 0.00%
    INFO - 日期: 2022-02-15, 账户权益: 10000000.00, 可用资金: 10000000.00, 浮动盈亏: 0.00, 持仓盈亏: 0.00, 平仓盈亏: 0.00, 市值: 0.00, 保证金: 0.00, 手续费: 0.00, 风险度: 0.00%
    INFO - 日期: 2022-02-16, 账户权益: 10000000.00, 可用资金: 10000000.00, 浮动盈亏: 0.00, 持仓盈亏: 0.00, 平仓盈亏: 0.00, 市值: 0.00, 保证金: 0.00, 手续费: 0.00, 风险度: 0.00%
    INFO - 日期: 2022-02-17, 账户权益: 10000000.00, 可用资金: 10000000.00, 浮动盈亏: 0.00, 持仓盈亏: 0.00, 平仓盈亏: 0.00, 市值: 0.00, 保证金: 0.00, 手续费: 0.00, 风险度: 0.00%
    INFO - 日期: 2022-02-18, 账户权益: 10000000.00, 可用资金: 10000000.00, 浮动盈亏: 0.00, 持仓盈亏: 0.00, 平仓盈亏: 0.00, 市值: 0.00, 保证金: 0.00, 手续费: 0.00, 风险度: 0.00%
    INFO - 日期: 2022-02-21, 账户权益: 10000000.00, 可用资金: 10000000.00, 浮动盈亏: 0.00, 持仓盈亏: 0.00, 平仓盈亏: 0.00, 市值: 0.00, 保证金: 0.00, 手续费: 0.00, 风险度: 0.00%
    INFO - 日期: 2022-02-22, 账户权益: 10000000.00, 可用资金: 10000000.00, 浮动盈亏: 0.00, 持仓盈亏: 0.00, 平仓盈亏: 0.00, 市值: 0.00, 保证金: 0.00, 手续费: 0.00, 风险度: 0.00%
    INFO - 日期: 2022-02-23, 账户权益: 10000000.00, 可用资金: 10000000.00, 浮动盈亏: 0.00, 持仓盈亏: 0.00, 平仓盈亏: 0.00, 市值: 0.00, 保证金: 0.00, 手续费: 0.00, 风险度: 0.00%
    INFO - 日期: 2022-02-24, 账户权益: 10000000.00, 可用资金: 10000000.00, 浮动盈亏: 0.00, 持仓盈亏: 0.00, 平仓盈亏: 0.00, 市值: 0.00, 保证金: 0.00, 手续费: 0.00, 风险度: 0.00%
    INFO - 日期: 2022-02-25, 账户权益: 10000000.00, 可用资金: 10000000.00, 浮动盈亏: 0.00, 持仓盈亏: 0.00, 平仓盈亏: 0.00, 市值: 0.00, 保证金: 0.00, 手续费: 0.00, 风险度: 0.00%
    INFO - 日期: 2022-02-28, 账户权益: 10000000.00, 可用资金: 10000000.00, 浮动盈亏: 0.00, 持仓盈亏: 0.00, 平仓盈亏: 0.00, 市值: 0.00, 保证金: 0.00, 手续费: 0.00, 风险度: 0.00%
    INFO - 日期: 2022-03-01, 账户权益: 10000000.00, 可用资金: 10000000.00, 浮动盈亏: 0.00, 持仓盈亏: 0.00, 平仓盈亏: 0.00, 市值: 0.00, 保证金: 0.00, 手续费: 0.00, 风险度: 0.00%
    INFO - 日期: 2022-03-02, 账户权益: 10000000.00, 可用资金: 10000000.00, 浮动盈亏: 0.00, 持仓盈亏: 0.00, 平仓盈亏: 0.00, 市值: 0.00, 保证金: 0.00, 手续费: 0.00, 风险度: 0.00%
    INFO - 日期: 2022-03-03, 账户权益: 10000000.00, 可用资金: 10000000.00, 浮动盈亏: 0.00, 持仓盈亏: 0.00, 平仓盈亏: 0.00, 市值: 0.00, 保证金: 0.00, 手续费: 0.00, 风险度: 0.00%
    INFO - 日期: 2022-03-04, 账户权益: 10000000.00, 可用资金: 10000000.00, 浮动盈亏: 0.00, 持仓盈亏: 0.00, 平仓盈亏: 0.00, 市值: 0.00, 保证金: 0.00, 手续费: 0.00, 风险度: 0.00%
    INFO - 日期: 2022-03-07, 账户权益: 10000000.00, 可用资金: 10000000.00, 浮动盈亏: 0.00, 持仓盈亏: 0.00, 平仓盈亏: 0.00, 市值: 0.00, 保证金: 0.00, 手续费: 0.00, 风险度: 0.00%
    INFO - 日期: 2022-03-08, 账户权益: 10000000.00, 可用资金: 10000000.00, 浮动盈亏: 0.00, 持仓盈亏: 0.00, 平仓盈亏: 0.00, 市值: 0.00, 保证金: 0.00, 手续费: 0.00, 风险度: 0.00%
    INFO - 日期: 2022-03-09, 账户权益: 10000000.00, 可用资金: 10000000.00, 浮动盈亏: 0.00, 持仓盈亏: 0.00, 平仓盈亏: 0.00, 市值: 0.00, 保证金: 0.00, 手续费: 0.00, 风险度: 0.00%
    INFO - 日期: 2022-03-10, 账户权益: 10000000.00, 可用资金: 10000000.00, 浮动盈亏: 0.00, 持仓盈亏: 0.00, 平仓盈亏: 0.00, 市值: 0.00, 保证金: 0.00, 手续费: 0.00, 风险度: 0.00%
    INFO - 日期: 2022-03-11, 账户权益: 10000000.00, 可用资金: 10000000.00, 浮动盈亏: 0.00, 持仓盈亏: 0.00, 平仓盈亏: 0.00, 市值: 0.00, 保证金: 0.00, 手续费: 0.00, 风险度: 0.00%
    INFO - 日期: 2022-03-14, 账户权益: 10000000.00, 可用资金: 10000000.00, 浮动盈亏: 0.00, 持仓盈亏: 0.00, 平仓盈亏: 0.00, 市值: 0.00, 保证金: 0.00, 手续费: 0.00, 风险度: 0.00%
    INFO - 日期: 2022-03-15, 账户权益: 10000000.00, 可用资金: 10000000.00, 浮动盈亏: 0.00, 持仓盈亏: 0.00, 平仓盈亏: 0.00, 市值: 0.00, 保证金: 0.00, 手续费: 0.00, 风险度: 0.00%
    INFO - 日期: 2022-03-16, 账户权益: 10000000.00, 可用资金: 10000000.00, 浮动盈亏: 0.00, 持仓盈亏: 0.00, 平仓盈亏: 0.00, 市值: 0.00, 保证金: 0.00, 手续费: 0.00, 风险度: 0.00%
    INFO - 日期: 2022-03-17, 账户权益: 10000000.00, 可用资金: 10000000.00, 浮动盈亏: 0.00, 持仓盈亏: 0.00, 平仓盈亏: 0.00, 市值: 0.00, 保证金: 0.00, 手续费: 0.00, 风险度: 0.00%
    INFO - 日期: 2022-03-18, 账户权益: 10000000.00, 可用资金: 10000000.00, 浮动盈亏: 0.00, 持仓盈亏: 0.00, 平仓盈亏: 0.00, 市值: 0.00, 保证金: 0.00, 手续费: 0.00, 风险度: 0.00%
    INFO - 日期: 2022-03-21, 账户权益: 10000000.00, 可用资金: 10000000.00, 浮动盈亏: 0.00, 持仓盈亏: 0.00, 平仓盈亏: 0.00, 市值: 0.00, 保证金: 0.00, 手续费: 0.00, 风险度: 0.00%
    INFO - 日期: 2022-03-22, 账户权益: 10000000.00, 可用资金: 10000000.00, 浮动盈亏: 0.00, 持仓盈亏: 0.00, 平仓盈亏: 0.00, 市值: 0.00, 保证金: 0.00, 手续费: 0.00, 风险度: 0.00%
    INFO - 日期: 2022-03-23, 账户权益: 10000000.00, 可用资金: 10000000.00, 浮动盈亏: 0.00, 持仓盈亏: 0.00, 平仓盈亏: 0.00, 市值: 0.00, 保证金: 0.00, 手续费: 0.00, 风险度: 0.00%
    INFO - 日期: 2022-03-24, 账户权益: 10000000.00, 可用资金: 10000000.00, 浮动盈亏: 0.00, 持仓盈亏: 0.00, 平仓盈亏: 0.00, 市值: 0.00, 保证金: 0.00, 手续费: 0.00, 风险度: 0.00%
    INFO - 日期: 2022-03-25, 账户权益: 10000000.00, 可用资金: 10000000.00, 浮动盈亏: 0.00, 持仓盈亏: 0.00, 平仓盈亏: 0.00, 市值: 0.00, 保证金: 0.00, 手续费: 0.00, 风险度: 0.00%
    INFO - 日期: 2022-03-28, 账户权益: 10000000.00, 可用资金: 10000000.00, 浮动盈亏: 0.00, 持仓盈亏: 0.00, 平仓盈亏: 0.00, 市值: 0.00, 保证金: 0.00, 手续费: 0.00, 风险度: 0.00%
    INFO - 日期: 2022-03-29, 账户权益: 10000000.00, 可用资金: 10000000.00, 浮动盈亏: 0.00, 持仓盈亏: 0.00, 平仓盈亏: 0.00, 市值: 0.00, 保证金: 0.00, 手续费: 0.00, 风险度: 0.00%
    INFO - 日期: 2022-03-30, 账户权益: 10000000.00, 可用资金: 10000000.00, 浮动盈亏: 0.00, 持仓盈亏: 0.00, 平仓盈亏: 0.00, 市值: 0.00, 保证金: 0.00, 手续费: 0.00, 风险度: 0.00%
    INFO - 日期: 2022-03-31, 账户权益: 10000000.00, 可用资金: 10000000.00, 浮动盈亏: 0.00, 持仓盈亏: 0.00, 平仓盈亏: 0.00, 市值: 0.00, 保证金: 0.00, 手续费: 0.00, 风险度: 0.00%
    INFO - 日期: 2022-04-01, 账户权益: 10000000.00, 可用资金: 10000000.00, 浮动盈亏: 0.00, 持仓盈亏: 0.00, 平仓盈亏: 0.00, 市值: 0.00, 保证金: 0.00, 手续费: 0.00, 风险度: 0.00%
    INFO - 日期: 2022-04-06, 账户权益: 10000000.00, 可用资金: 10000000.00, 浮动盈亏: 0.00, 持仓盈亏: 0.00, 平仓盈亏: 0.00, 市值: 0.00, 保证金: 0.00, 手续费: 0.00, 风险度: 0.00%
    INFO - 日期: 2022-04-07, 账户权益: 10000000.00, 可用资金: 10000000.00, 浮动盈亏: 0.00, 持仓盈亏: 0.00, 平仓盈亏: 0.00, 市值: 0.00, 保证金: 0.00, 手续费: 0.00, 风险度: 0.00%
    INFO - 日期: 2022-04-08, 账户权益: 10000000.00, 可用资金: 10000000.00, 浮动盈亏: 0.00, 持仓盈亏: 0.00, 平仓盈亏: 0.00, 市值: 0.00, 保证金: 0.00, 手续费: 0.00, 风险度: 0.00%
    INFO - 日期: 2022-04-11, 账户权益: 10000000.00, 可用资金: 10000000.00, 浮动盈亏: 0.00, 持仓盈亏: 0.00, 平仓盈亏: 0.00, 市值: 0.00, 保证金: 0.00, 手续费: 0.00, 风险度: 0.00%
    INFO - 胜率: 0.00%, 盈亏额比例: inf, 收益率: 0.00%, 年化收益率: 0.00%, 最大回撤: 0.00%, 年化夏普率: inf,年化索提诺比率: -15.8114
extracted rank=29 CF205.CZCE CZCE.CF205 rows=25304 elapsed=26.46
    INFO - 模拟交易成交记录, 账户: TQSIM
    INFO - 模拟交易账户资金, 账户: TQSIM
    INFO - 日期: 2020-05-18, 账户权益: 10000000.00, 可用资金: 10000000.00, 浮动盈亏: 0.00, 持仓盈亏: 0.00, 平仓盈亏: 0.00, 市值: 0.00, 保证金: 0.00, 手续费: 0.00, 风险度: 0.00%
    INFO - 日期: 2020-05-19, 账户权益: 10000000.00, 可用资金: 10000000.00, 浮动盈亏: 0.00, 持仓盈亏: 0.00, 平仓盈亏: 0.00, 市值: 0.00, 保证金: 0.00, 手续费: 0.00, 风险度: 0.00%
    INFO - 日期: 2020-05-20, 账户权益: 10000000.00, 可用资金: 10000000.00, 浮动盈亏: 0.00, 持仓盈亏: 0.00, 平仓盈亏: 0.00, 市值: 0.00, 保证金: 0.00, 手续费: 0.00, 风险度: 0.00%
    INFO - 日期: 2020-05-21, 账户权益: 10000000.00, 可用资金: 10000000.00, 浮动盈亏: 0.00, 持仓盈亏: 0.00, 平仓盈亏: 0.00, 市值: 0.00, 保证金: 0.00, 手续费: 0.00, 风险度: 0.00%
    INFO - 日期: 2020-05-22, 账户权益: 10000000.00, 可用资金: 10000000.00, 浮动盈亏: 0.00, 持仓盈亏: 0.00, 平仓盈亏: 0.00, 市值: 0.00, 保证金: 0.00, 手续费: 0.00, 风险度: 0.00%
    INFO - 日期: 2020-05-25, 账户权益: 10000000.00, 可用资金: 10000000.00, 浮动盈亏: 0.00, 持仓盈亏: 0.00, 平仓盈亏: 0.00, 市值: 0.00, 保证金: 0.00, 手续费: 0.00, 风险度: 0.00%
    INFO - 日期: 2020-05-26, 账户权益: 10000000.00, 可用资金: 10000000.00, 浮动盈亏: 0.00, 持仓盈亏: 0.00, 平仓盈亏: 0.00, 市值: 0.00, 保证金: 0.00, 手续费: 0.00, 风险度: 0.00%
    INFO - 日期: 2020-05-27, 账户权益: 10000000.00, 可用资金: 10000000.00, 浮动盈亏: 0.00, 持仓盈亏: 0.00, 平仓盈亏: 0.00, 市值: 0.00, 保证金: 0.00, 手续费: 0.00, 风险度: 0.00%
    INFO - 日期: 2020-05-28, 账户权益: 10000000.00, 可用资金: 10000000.00, 浮动盈亏: 0.00, 持仓盈亏: 0.00, 平仓盈亏: 0.00, 市值: 0.00, 保证金: 0.00, 手续费: 0.00, 风险度: 0.00%
    INFO - 日期: 2020-05-29, 账户权益: 10000000.00, 可用资金: 10000000.00, 浮动盈亏: 0.00, 持仓盈亏: 0.00, 平仓盈亏: 0.00, 市值: 0.00, 保证金: 0.00, 手续费: 0.00, 风险度: 0.00%
    INFO - 日期: 2020-06-01, 账户权益: 10000000.00, 可用资金: 10000000.00, 浮动盈亏: 0.00, 持仓盈亏: 0.00, 平仓盈亏: 0.00, 市值: 0.00, 保证金: 0.00, 手续费: 0.00, 风险度: 0.00%
    INFO - 日期: 2020-06-02, 账户权益: 10000000.00, 可用资金: 10000000.00, 浮动盈亏: 0.00, 持仓盈亏: 0.00, 平仓盈亏: 0.00, 市值: 0.00, 保证金: 0.00, 手续费: 0.00, 风险度: 0.00%
    INFO - 日期: 2020-06-03, 账户权益: 10000000.00, 可用资金: 10000000.00, 浮动盈亏: 0.00, 持仓盈亏: 0.00, 平仓盈亏: 0.00, 市值: 0.00, 保证金: 0.00, 手续费: 0.00, 风险度: 0.00%
    INFO - 日期: 2020-06-04, 账户权益: 10000000.00, 可用资金: 10000000.00, 浮动盈亏: 0.00, 持仓盈亏: 0.00, 平仓盈亏: 0.00, 市值: 0.00, 保证金: 0.00, 手续费: 0.00, 风险度: 0.00%
    INFO - 日期: 2020-06-05, 账户权益: 10000000.00, 可用资金: 10000000.00, 浮动盈亏: 0.00, 持仓盈亏: 0.00, 平仓盈亏: 0.00, 市值: 0.00, 保证金: 0.00, 手续费: 0.00, 风险度: 0.00%
    INFO - 日期: 2020-06-08, 账户权益: 10000000.00, 可用资金: 10000000.00, 浮动盈亏: 0.00, 持仓盈亏: 0.00, 平仓盈亏: 0.00, 市值: 0.00, 保证金: 0.00, 手续费: 0.00, 风险度: 0.00%
    INFO - 日期: 2020-06-09, 账户权益: 10000000.00, 可用资金: 10000000.00, 浮动盈亏: 0.00, 持仓盈亏: 0.00, 平仓盈亏: 0.00, 市值: 0.00, 保证金: 0.00, 手续费: 0.00, 风险度: 0.00%
    INFO - 日期: 2020-06-10, 账户权益: 10000000.00, 可用资金: 10000000.00, 浮动盈亏: 0.00, 持仓盈亏: 0.00, 平仓盈亏: 0.00, 市值: 0.00, 保证金: 0.00, 手续费: 0.00, 风险度: 0.00%
    INFO - 日期: 2020-06-11, 账户权益: 10000000.00, 可用资金: 10000000.00, 浮动盈亏: 0.00, 持仓盈亏: 0.00, 平仓盈亏: 0.00, 市值: 0.00, 保证金: 0.00, 手续费: 0.00, 风险度: 0.00%
    INFO - 日期: 2020-06-12, 账户权益: 10000000.00, 可用资金: 10000000.00, 浮动盈亏: 0.00, 持仓盈亏: 0.00, 平仓盈亏: 0.00, 市值: 0.00, 保证金: 0.00, 手续费: 0.00, 风险度: 0.00%
    INFO - 日期: 2020-06-15, 账户权益: 10000000.00, 可用资金: 10000000.00, 浮动盈亏: 0.00, 持仓盈亏: 0.00, 平仓盈亏: 0.00, 市值: 0.00, 保证金: 0.00, 手续费: 0.00, 风险度: 0.00%
    INFO - 日期: 2020-06-16, 账户权益: 10000000.00, 可用资金: 10000000.00, 浮动盈亏: 0.00, 持仓盈亏: 0.00, 平仓盈亏: 0.00, 市值: 0.00, 保证金: 0.00, 手续费: 0.00, 风险度: 0.00%
    INFO - 日期: 2020-06-17, 账户权益: 10000000.00, 可用资金: 10000000.00, 浮动盈亏: 0.00, 持仓盈亏: 0.00, 平仓盈亏: 0.00, 市值: 0.00, 保证金: 0.00, 手续费: 0.00, 风险度: 0.00%
    INFO - 日期: 2020-06-18, 账户权益: 10000000.00, 可用资金: 10000000.00, 浮动盈亏: 0.00, 持仓盈亏: 0.00, 平仓盈亏: 0.00, 市值: 0.00, 保证金: 0.00, 手续费: 0.00, 风险度: 0.00%
    INFO - 日期: 2020-06-19, 账户权益: 10000000.00, 可用资金: 10000000.00, 浮动盈亏: 0.00, 持仓盈亏: 0.00, 平仓盈亏: 0.00, 市值: 0.00, 保证金: 0.00, 手续费: 0.00, 风险度: 0.00%
    INFO - 日期: 2020-06-22, 账户权益: 10000000.00, 可用资金: 10000000.00, 浮动盈亏: 0.00, 持仓盈亏: 0.00, 平仓盈亏: 0.00, 市值: 0.00, 保证金: 0.00, 手续费: 0.00, 风险度: 0.00%
    INFO - 日期: 2020-06-23, 账户权益: 10000000.00, 可用资金: 10000000.00, 浮动盈亏: 0.00, 持仓盈亏: 0.00, 平仓盈亏: 0.00, 市值: 0.00, 保证金: 0.00, 手续费: 0.00, 风险度: 0.00%
    INFO - 日期: 2020-06-24, 账户权益: 10000000.00, 可用资金: 10000000.00, 浮动盈亏: 0.00, 持仓盈亏: 0.00, 平仓盈亏: 0.00, 市值: 0.00, 保证金: 0.00, 手续费: 0.00, 风险度: 0.00%
    INFO - 日期: 2020-06-29, 账户权益: 10000000.00, 可用资金: 10000000.00, 浮动盈亏: 0.00, 持仓盈亏: 0.00, 平仓盈亏: 0.00, 市值: 0.00, 保证金: 0.00, 手续费: 0.00, 风险度: 0.00%
    INFO - 日期: 2020-06-30, 账户权益: 10000000.00, 可用资金: 10000000.00, 浮动盈亏: 0.00, 持仓盈亏: 0.00, 平仓盈亏: 0.00, 市值: 0.00, 保证金: 0.00, 手续费: 0.00, 风险度: 0.00%
    INFO - 日期: 2020-07-01, 账户权益: 10000000.00, 可用资金: 10000000.00, 浮动盈亏: 0.00, 持仓盈亏: 0.00, 平仓盈亏: 0.00, 市值: 0.00, 保证金: 0.00, 手续费: 0.00, 风险度: 0.00%
    INFO - 日期: 2020-07-02, 账户权益: 10000000.00, 可用资金: 10000000.00, 浮动盈亏: 0.00, 持仓盈亏: 0.00, 平仓盈亏: 0.00, 市值: 0.00, 保证金: 0.00, 手续费: 0.00, 风险度: 0.00%
    INFO - 日期: 2020-07-03, 账户权益: 10000000.00, 可用资金: 10000000.00, 浮动盈亏: 0.00, 持仓盈亏: 0.00, 平仓盈亏: 0.00, 市值: 0.00, 保证金: 0.00, 手续费: 0.00, 风险度: 0.00%
    INFO - 日期: 2020-07-06, 账户权益: 10000000.00, 可用资金: 10000000.00, 浮动盈亏: 0.00, 持仓盈亏: 0.00, 平仓盈亏: 0.00, 市值: 0.00, 保证金: 0.00, 手续费: 0.00, 风险度: 0.00%
    INFO - 日期: 2020-07-07, 账户权益: 10000000.00, 可用资金: 10000000.00, 浮动盈亏: 0.00, 持仓盈亏: 0.00, 平仓盈亏: 0.00, 市值: 0.00, 保证金: 0.00, 手续费: 0.00, 风险度: 0.00%
    INFO - 日期: 2020-07-08, 账户权益: 10000000.00, 可用资金: 10000000.00, 浮动盈亏: 0.00, 持仓盈亏: 0.00, 平仓盈亏: 0.00, 市值: 0.00, 保证金: 0.00, 手续费: 0.00, 风险度: 0.00%
    INFO - 日期: 2020-07-09, 账户权益: 10000000.00, 可用资金: 10000000.00, 浮动盈亏: 0.00, 持仓盈亏: 0.00, 平仓盈亏: 0.00, 市值: 0.00, 保证金: 0.00, 手续费: 0.00, 风险度: 0.00%
    INFO - 日期: 2020-07-10, 账户权益: 10000000.00, 可用资金: 10000000.00, 浮动盈亏: 0.00, 持仓盈亏: 0.00, 平仓盈亏: 0.00, 市值: 0.00, 保证金: 0.00, 手续费: 0.00, 风险度: 0.00%
    INFO - 日期: 2020-07-13, 账户权益: 10000000.00, 可用资金: 10000000.00, 浮动盈亏: 0.00, 持仓盈亏: 0.00, 平仓盈亏: 0.00, 市值: 0.00, 保证金: 0.00, 手续费: 0.00, 风险度: 0.00%
    INFO - 日期: 2020-07-14, 账户权益: 10000000.00, 可用资金: 10000000.00, 浮动盈亏: 0.00, 持仓盈亏: 0.00, 平仓盈亏: 0.00, 市值: 0.00, 保证金: 0.00, 手续费: 0.00, 风险度: 0.00%
    INFO - 日期: 2020-07-15, 账户权益: 10000000.00, 可用资金: 10000000.00, 浮动盈亏: 0.00, 持仓盈亏: 0.00, 平仓盈亏: 0.00, 市值: 0.00, 保证金: 0.00, 手续费: 0.00, 风险度: 0.00%
    INFO - 日期: 2020-07-16, 账户权益: 10000000.00, 可用资金: 10000000.00, 浮动盈亏: 0.00, 持仓盈亏: 0.00, 平仓盈亏: 0.00, 市值: 0.00, 保证金: 0.00, 手续费: 0.00, 风险度: 0.00%
    INFO - 日期: 2020-07-17, 账户权益: 10000000.00, 可用资金: 10000000.00, 浮动盈亏: 0.00, 持仓盈亏: 0.00, 平仓盈亏: 0.00, 市值: 0.00, 保证金: 0.00, 手续费: 0.00, 风险度: 0.00%
    INFO - 日期: 2020-07-20, 账户权益: 10000000.00, 可用资金: 10000000.00, 浮动盈亏: 0.00, 持仓盈亏: 0.00, 平仓盈亏: 0.00, 市值: 0.00, 保证金: 0.00, 手续费: 0.00, 风险度: 0.00%
    INFO - 日期: 2020-07-21, 账户权益: 10000000.00, 可用资金: 10000000.00, 浮动盈亏: 0.00, 持仓盈亏: 0.00, 平仓盈亏: 0.00, 市值: 0.00, 保证金: 0.00, 手续费: 0.00, 风险度: 0.00%
    INFO - 日期: 2020-07-22, 账户权益: 10000000.00, 可用资金: 10000000.00, 浮动盈亏: 0.00, 持仓盈亏: 0.00, 平仓盈亏: 0.00, 市值: 0.00, 保证金: 0.00, 手续费: 0.00, 风险度: 0.00%
    INFO - 日期: 2020-07-23, 账户权益: 10000000.00, 可用资金: 10000000.00, 浮动盈亏: 0.00, 持仓盈亏: 0.00, 平仓盈亏: 0.00, 市值: 0.00, 保证金: 0.00, 手续费: 0.00, 风险度: 0.00%
    INFO - 日期: 2020-07-24, 账户权益: 10000000.00, 可用资金: 10000000.00, 浮动盈亏: 0.00, 持仓盈亏: 0.00, 平仓盈亏: 0.00, 市值: 0.00, 保证金: 0.00, 手续费: 0.00, 风险度: 0.00%
    INFO - 日期: 2020-07-27, 账户权益: 10000000.00, 可用资金: 10000000.00, 浮动盈亏: 0.00, 持仓盈亏: 0.00, 平仓盈亏: 0.00, 市值: 0.00, 保证金: 0.00, 手续费: 0.00, 风险度: 0.00%
    INFO - 日期: 2020-07-28, 账户权益: 10000000.00, 可用资金: 10000000.00, 浮动盈亏: 0.00, 持仓盈亏: 0.00, 平仓盈亏: 0.00, 市值: 0.00, 保证金: 0.00, 手续费: 0.00, 风险度: 0.00%
    INFO - 日期: 2020-07-29, 账户权益: 10000000.00, 可用资金: 10000000.00, 浮动盈亏: 0.00, 持仓盈亏: 0.00, 平仓盈亏: 0.00, 市值: 0.00, 保证金: 0.00, 手续费: 0.00, 风险度: 0.00%
    INFO - 日期: 2020-07-30, 账户权益: 10000000.00, 可用资金: 10000000.00, 浮动盈亏: 0.00, 持仓盈亏: 0.00, 平仓盈亏: 0.00, 市值: 0.00, 保证金: 0.00, 手续费: 0.00, 风险度: 0.00%
    INFO - 日期: 2020-07-31, 账户权益: 10000000.00, 可用资金: 10000000.00, 浮动盈亏: 0.00, 持仓盈亏: 0.00, 平仓盈亏: 0.00, 市值: 0.00, 保证金: 0.00, 手续费: 0.00, 风险度: 0.00%
    INFO - 日期: 2020-08-03, 账户权益: 10000000.00, 可用资金: 10000000.00, 浮动盈亏: 0.00, 持仓盈亏: 0.00, 平仓盈亏: 0.00, 市值: 0.00, 保证金: 0.00, 手续费: 0.00, 风险度: 0.00%
    INFO - 日期: 2020-08-04, 账户权益: 10000000.00, 可用资金: 10000000.00, 浮动盈亏: 0.00, 持仓盈亏: 0.00, 平仓盈亏: 0.00, 市值: 0.00, 保证金: 0.00, 手续费: 0.00, 风险度: 0.00%
    INFO - 日期: 2020-08-05, 账户权益: 10000000.00, 可用资金: 10000000.00, 浮动盈亏: 0.00, 持仓盈亏: 0.00, 平仓盈亏: 0.00, 市值: 0.00, 保证金: 0.00, 手续费: 0.00, 风险度: 0.00%
    INFO - 胜率: 0.00%, 盈亏额比例: inf, 收益率: 0.00%, 年化收益率: 0.00%, 最大回撤: 0.00%, 年化夏普率: inf,年化索提诺比率: -15.8114
    INFO - 回测结束
extracted rank=30 FG009.CZCE CZCE.FG009 rows=18660 elapsed=20.41
    INFO - 模拟交易成交记录, 账户: TQSIM
    INFO - 模拟交易账户资金, 账户: TQSIM
    INFO - 日期: 2020-12-21, 账户权益: 10000000.00, 可用资金: 10000000.00, 浮动盈亏: 0.00, 持仓盈亏: 0.00, 平仓盈亏: 0.00, 市值: 0.00, 保证金: 0.00, 手续费: 0.00, 风险度: 0.00%
    INFO - 日期: 2020-12-22, 账户权益: 10000000.00, 可用资金: 10000000.00, 浮动盈亏: 0.00, 持仓盈亏: 0.00, 平仓盈亏: 0.00, 市值: 0.00, 保证金: 0.00, 手续费: 0.00, 风险度: 0.00%
    INFO - 日期: 2020-12-23, 账户权益: 10000000.00, 可用资金: 10000000.00, 浮动盈亏: 0.00, 持仓盈亏: 0.00, 平仓盈亏: 0.00, 市值: 0.00, 保证金: 0.00, 手续费: 0.00, 风险度: 0.00%
    INFO - 日期: 2020-12-24, 账户权益: 10000000.00, 可用资金: 10000000.00, 浮动盈亏: 0.00, 持仓盈亏: 0.00, 平仓盈亏: 0.00, 市值: 0.00, 保证金: 0.00, 手续费: 0.00, 风险度: 0.00%
    INFO - 日期: 2020-12-25, 账户权益: 10000000.00, 可用资金: 10000000.00, 浮动盈亏: 0.00, 持仓盈亏: 0.00, 平仓盈亏: 0.00, 市值: 0.00, 保证金: 0.00, 手续费: 0.00, 风险度: 0.00%
    INFO - 日期: 2020-12-28, 账户权益: 10000000.00, 可用资金: 10000000.00, 浮动盈亏: 0.00, 持仓盈亏: 0.00, 平仓盈亏: 0.00, 市值: 0.00, 保证金: 0.00, 手续费: 0.00, 风险度: 0.00%
    INFO - 日期: 2020-12-29, 账户权益: 10000000.00, 可用资金: 10000000.00, 浮动盈亏: 0.00, 持仓盈亏: 0.00, 平仓盈亏: 0.00, 市值: 0.00, 保证金: 0.00, 手续费: 0.00, 风险度: 0.00%
    INFO - 日期: 2020-12-30, 账户权益: 10000000.00, 可用资金: 10000000.00, 浮动盈亏: 0.00, 持仓盈亏: 0.00, 平仓盈亏: 0.00, 市值: 0.00, 保证金: 0.00, 手续费: 0.00, 风险度: 0.00%
    INFO - 日期: 2020-12-31, 账户权益: 10000000.00, 可用资金: 10000000.00, 浮动盈亏: 0.00, 持仓盈亏: 0.00, 平仓盈亏: 0.00, 市值: 0.00, 保证金: 0.00, 手续费: 0.00, 风险度: 0.00%
    INFO - 日期: 2021-01-04, 账户权益: 10000000.00, 可用资金: 10000000.00, 浮动盈亏: 0.00, 持仓盈亏: 0.00, 平仓盈亏: 0.00, 市值: 0.00, 保证金: 0.00, 手续费: 0.00, 风险度: 0.00%
    INFO - 日期: 2021-01-05, 账户权益: 10000000.00, 可用资金: 10000000.00, 浮动盈亏: 0.00, 持仓盈亏: 0.00, 平仓盈亏: 0.00, 市值: 0.00, 保证金: 0.00, 手续费: 0.00, 风险度: 0.00%
    INFO - 日期: 2021-01-06, 账户权益: 10000000.00, 可用资金: 10000000.00, 浮动盈亏: 0.00, 持仓盈亏: 0.00, 平仓盈亏: 0.00, 市值: 0.00, 保证金: 0.00, 手续费: 0.00, 风险度: 0.00%
    INFO - 日期: 2021-01-07, 账户权益: 10000000.00, 可用资金: 10000000.00, 浮动盈亏: 0.00, 持仓盈亏: 0.00, 平仓盈亏: 0.00, 市值: 0.00, 保证金: 0.00, 手续费: 0.00, 风险度: 0.00%
    INFO - 日期: 2021-01-08, 账户权益: 10000000.00, 可用资金: 10000000.00, 浮动盈亏: 0.00, 持仓盈亏: 0.00, 平仓盈亏: 0.00, 市值: 0.00, 保证金: 0.00, 手续费: 0.00, 风险度: 0.00%
    INFO - 日期: 2021-01-11, 账户权益: 10000000.00, 可用资金: 10000000.00, 浮动盈亏: 0.00, 持仓盈亏: 0.00, 平仓盈亏: 0.00, 市值: 0.00, 保证金: 0.00, 手续费: 0.00, 风险度: 0.00%
    INFO - 日期: 2021-01-12, 账户权益: 10000000.00, 可用资金: 10000000.00, 浮动盈亏: 0.00, 持仓盈亏: 0.00, 平仓盈亏: 0.00, 市值: 0.00, 保证金: 0.00, 手续费: 0.00, 风险度: 0.00%
    INFO - 日期: 2021-01-13, 账户权益: 10000000.00, 可用资金: 10000000.00, 浮动盈亏: 0.00, 持仓盈亏: 0.00, 平仓盈亏: 0.00, 市值: 0.00, 保证金: 0.00, 手续费: 0.00, 风险度: 0.00%
    INFO - 日期: 2021-01-14, 账户权益: 10000000.00, 可用资金: 10000000.00, 浮动盈亏: 0.00, 持仓盈亏: 0.00, 平仓盈亏: 0.00, 市值: 0.00, 保证金: 0.00, 手续费: 0.00, 风险度: 0.00%
    INFO - 日期: 2021-01-15, 账户权益: 10000000.00, 可用资金: 10000000.00, 浮动盈亏: 0.00, 持仓盈亏: 0.00, 平仓盈亏: 0.00, 市值: 0.00, 保证金: 0.00, 手续费: 0.00, 风险度: 0.00%
    INFO - 日期: 2021-01-18, 账户权益: 10000000.00, 可用资金: 10000000.00, 浮动盈亏: 0.00, 持仓盈亏: 0.00, 平仓盈亏: 0.00, 市值: 0.00, 保证金: 0.00, 手续费: 0.00, 风险度: 0.00%
    INFO - 日期: 2021-01-19, 账户权益: 10000000.00, 可用资金: 10000000.00, 浮动盈亏: 0.00, 持仓盈亏: 0.00, 平仓盈亏: 0.00, 市值: 0.00, 保证金: 0.00, 手续费: 0.00, 风险度: 0.00%
    INFO - 日期: 2021-01-20, 账户权益: 10000000.00, 可用资金: 10000000.00, 浮动盈亏: 0.00, 持仓盈亏: 0.00, 平仓盈亏: 0.00, 市值: 0.00, 保证金: 0.00, 手续费: 0.00, 风险度: 0.00%
    INFO - 日期: 2021-01-21, 账户权益: 10000000.00, 可用资金: 10000000.00, 浮动盈亏: 0.00, 持仓盈亏: 0.00, 平仓盈亏: 0.00, 市值: 0.00, 保证金: 0.00, 手续费: 0.00, 风险度: 0.00%
    INFO - 日期: 2021-01-22, 账户权益: 10000000.00, 可用资金: 10000000.00, 浮动盈亏: 0.00, 持仓盈亏: 0.00, 平仓盈亏: 0.00, 市值: 0.00, 保证金: 0.00, 手续费: 0.00, 风险度: 0.00%
    INFO - 日期: 2021-01-25, 账户权益: 10000000.00, 可用资金: 10000000.00, 浮动盈亏: 0.00, 持仓盈亏: 0.00, 平仓盈亏: 0.00, 市值: 0.00, 保证金: 0.00, 手续费: 0.00, 风险度: 0.00%
    INFO - 日期: 2021-01-26, 账户权益: 10000000.00, 可用资金: 10000000.00, 浮动盈亏: 0.00, 持仓盈亏: 0.00, 平仓盈亏: 0.00, 市值: 0.00, 保证金: 0.00, 手续费: 0.00, 风险度: 0.00%
    INFO - 日期: 2021-01-27, 账户权益: 10000000.00, 可用资金: 10000000.00, 浮动盈亏: 0.00, 持仓盈亏: 0.00, 平仓盈亏: 0.00, 市值: 0.00, 保证金: 0.00, 手续费: 0.00, 风险度: 0.00%
    INFO - 日期: 2021-01-28, 账户权益: 10000000.00, 可用资金: 10000000.00, 浮动盈亏: 0.00, 持仓盈亏: 0.00, 平仓盈亏: 0.00, 市值: 0.00, 保证金: 0.00, 手续费: 0.00, 风险度: 0.00%
    INFO - 日期: 2021-01-29, 账户权益: 10000000.00, 可用资金: 10000000.00, 浮动盈亏: 0.00, 持仓盈亏: 0.00, 平仓盈亏: 0.00, 市值: 0.00, 保证金: 0.00, 手续费: 0.00, 风险度: 0.00%
    INFO - 日期: 2021-02-01, 账户权益: 10000000.00, 可用资金: 10000000.00, 浮动盈亏: 0.00, 持仓盈亏: 0.00, 平仓盈亏: 0.00, 市值: 0.00, 保证金: 0.00, 手续费: 0.00, 风险度: 0.00%
    INFO - 日期: 2021-02-02, 账户权益: 10000000.00, 可用资金: 10000000.00, 浮动盈亏: 0.00, 持仓盈亏: 0.00, 平仓盈亏: 0.00, 市值: 0.00, 保证金: 0.00, 手续费: 0.00, 风险度: 0.00%
    INFO - 日期: 2021-02-03, 账户权益: 10000000.00, 可用资金: 10000000.00, 浮动盈亏: 0.00, 持仓盈亏: 0.00, 平仓盈亏: 0.00, 市值: 0.00, 保证金: 0.00, 手续费: 0.00, 风险度: 0.00%
    INFO - 日期: 2021-02-04, 账户权益: 10000000.00, 可用资金: 10000000.00, 浮动盈亏: 0.00, 持仓盈亏: 0.00, 平仓盈亏: 0.00, 市值: 0.00, 保证金: 0.00, 手续费: 0.00, 风险度: 0.00%
    INFO - 日期: 2021-02-05, 账户权益: 10000000.00, 可用资金: 10000000.00, 浮动盈亏: 0.00, 持仓盈亏: 0.00, 平仓盈亏: 0.00, 市值: 0.00, 保证金: 0.00, 手续费: 0.00, 风险度: 0.00%
    INFO - 日期: 2021-02-08, 账户权益: 10000000.00, 可用资金: 10000000.00, 浮动盈亏: 0.00, 持仓盈亏: 0.00, 平仓盈亏: 0.00, 市值: 0.00, 保证金: 0.00, 手续费: 0.00, 风险度: 0.00%
    INFO - 日期: 2021-02-09, 账户权益: 10000000.00, 可用资金: 10000000.00, 浮动盈亏: 0.00, 持仓盈亏: 0.00, 平仓盈亏: 0.00, 市值: 0.00, 保证金: 0.00, 手续费: 0.00, 风险度: 0.00%
    INFO - 日期: 2021-02-10, 账户权益: 10000000.00, 可用资金: 10000000.00, 浮动盈亏: 0.00, 持仓盈亏: 0.00, 平仓盈亏: 0.00, 市值: 0.00, 保证金: 0.00, 手续费: 0.00, 风险度: 0.00%
    INFO - 日期: 2021-02-18, 账户权益: 10000000.00, 可用资金: 10000000.00, 浮动盈亏: 0.00, 持仓盈亏: 0.00, 平仓盈亏: 0.00, 市值: 0.00, 保证金: 0.00, 手续费: 0.00, 风险度: 0.00%
    INFO - 日期: 2021-02-19, 账户权益: 10000000.00, 可用资金: 10000000.00, 浮动盈亏: 0.00, 持仓盈亏: 0.00, 平仓盈亏: 0.00, 市值: 0.00, 保证金: 0.00, 手续费: 0.00, 风险度: 0.00%
    INFO - 日期: 2021-02-22, 账户权益: 10000000.00, 可用资金: 10000000.00, 浮动盈亏: 0.00, 持仓盈亏: 0.00, 平仓盈亏: 0.00, 市值: 0.00, 保证金: 0.00, 手续费: 0.00, 风险度: 0.00%
    INFO - 日期: 2021-02-23, 账户权益: 10000000.00, 可用资金: 10000000.00, 浮动盈亏: 0.00, 持仓盈亏: 0.00, 平仓盈亏: 0.00, 市值: 0.00, 保证金: 0.00, 手续费: 0.00, 风险度: 0.00%
    INFO - 日期: 2021-02-24, 账户权益: 10000000.00, 可用资金: 10000000.00, 浮动盈亏: 0.00, 持仓盈亏: 0.00, 平仓盈亏: 0.00, 市值: 0.00, 保证金: 0.00, 手续费: 0.00, 风险度: 0.00%
    INFO - 日期: 2021-02-25, 账户权益: 10000000.00, 可用资金: 10000000.00, 浮动盈亏: 0.00, 持仓盈亏: 0.00, 平仓盈亏: 0.00, 市值: 0.00, 保证金: 0.00, 手续费: 0.00, 风险度: 0.00%
    INFO - 日期: 2021-02-26, 账户权益: 10000000.00, 可用资金: 10000000.00, 浮动盈亏: 0.00, 持仓盈亏: 0.00, 平仓盈亏: 0.00, 市值: 0.00, 保证金: 0.00, 手续费: 0.00, 风险度: 0.00%
    INFO - 日期: 2021-03-01, 账户权益: 10000000.00, 可用资金: 10000000.00, 浮动盈亏: 0.00, 持仓盈亏: 0.00, 平仓盈亏: 0.00, 市值: 0.00, 保证金: 0.00, 手续费: 0.00, 风险度: 0.00%
    INFO - 日期: 2021-03-02, 账户权益: 10000000.00, 可用资金: 10000000.00, 浮动盈亏: 0.00, 持仓盈亏: 0.00, 平仓盈亏: 0.00, 市值: 0.00, 保证金: 0.00, 手续费: 0.00, 风险度: 0.00%
    INFO - 日期: 2021-03-03, 账户权益: 10000000.00, 可用资金: 10000000.00, 浮动盈亏: 0.00, 持仓盈亏: 0.00, 平仓盈亏: 0.00, 市值: 0.00, 保证金: 0.00, 手续费: 0.00, 风险度: 0.00%
    INFO - 胜率: 0.00%, 盈亏额比例: inf, 收益率: 0.00%, 年化收益率: 0.00%, 最大回撤: 0.00%, 年化夏普率: inf,年化索提诺比率: -15.8114
    INFO - 回测结束
extracted rank=31 OI105.CZCE CZCE.OI105 rows=15435 elapsed=17.56
    INFO - 回测结束
    INFO - 模拟交易成交记录, 账户: TQSIM
    INFO - 模拟交易账户资金, 账户: TQSIM
    INFO - 日期: 2020-12-14, 账户权益: 10000000.00, 可用资金: 10000000.00, 浮动盈亏: 0.00, 持仓盈亏: 0.00, 平仓盈亏: 0.00, 市值: 0.00, 保证金: 0.00, 手续费: 0.00, 风险度: 0.00%
    INFO - 日期: 2020-12-15, 账户权益: 10000000.00, 可用资金: 10000000.00, 浮动盈亏: 0.00, 持仓盈亏: 0.00, 平仓盈亏: 0.00, 市值: 0.00, 保证金: 0.00, 手续费: 0.00, 风险度: 0.00%
    INFO - 日期: 2020-12-16, 账户权益: 10000000.00, 可用资金: 10000000.00, 浮动盈亏: 0.00, 持仓盈亏: 0.00, 平仓盈亏: 0.00, 市值: 0.00, 保证金: 0.00, 手续费: 0.00, 风险度: 0.00%
    INFO - 日期: 2020-12-17, 账户权益: 10000000.00, 可用资金: 10000000.00, 浮动盈亏: 0.00, 持仓盈亏: 0.00, 平仓盈亏: 0.00, 市值: 0.00, 保证金: 0.00, 手续费: 0.00, 风险度: 0.00%
    INFO - 日期: 2020-12-18, 账户权益: 10000000.00, 可用资金: 10000000.00, 浮动盈亏: 0.00, 持仓盈亏: 0.00, 平仓盈亏: 0.00, 市值: 0.00, 保证金: 0.00, 手续费: 0.00, 风险度: 0.00%
    INFO - 日期: 2020-12-21, 账户权益: 10000000.00, 可用资金: 10000000.00, 浮动盈亏: 0.00, 持仓盈亏: 0.00, 平仓盈亏: 0.00, 市值: 0.00, 保证金: 0.00, 手续费: 0.00, 风险度: 0.00%
    INFO - 日期: 2020-12-22, 账户权益: 10000000.00, 可用资金: 10000000.00, 浮动盈亏: 0.00, 持仓盈亏: 0.00, 平仓盈亏: 0.00, 市值: 0.00, 保证金: 0.00, 手续费: 0.00, 风险度: 0.00%
    INFO - 日期: 2020-12-23, 账户权益: 10000000.00, 可用资金: 10000000.00, 浮动盈亏: 0.00, 持仓盈亏: 0.00, 平仓盈亏: 0.00, 市值: 0.00, 保证金: 0.00, 手续费: 0.00, 风险度: 0.00%
    INFO - 日期: 2020-12-24, 账户权益: 10000000.00, 可用资金: 10000000.00, 浮动盈亏: 0.00, 持仓盈亏: 0.00, 平仓盈亏: 0.00, 市值: 0.00, 保证金: 0.00, 手续费: 0.00, 风险度: 0.00%
    INFO - 日期: 2020-12-25, 账户权益: 10000000.00, 可用资金: 10000000.00, 浮动盈亏: 0.00, 持仓盈亏: 0.00, 平仓盈亏: 0.00, 市值: 0.00, 保证金: 0.00, 手续费: 0.00, 风险度: 0.00%
    INFO - 日期: 2020-12-28, 账户权益: 10000000.00, 可用资金: 10000000.00, 浮动盈亏: 0.00, 持仓盈亏: 0.00, 平仓盈亏: 0.00, 市值: 0.00, 保证金: 0.00, 手续费: 0.00, 风险度: 0.00%
    INFO - 日期: 2020-12-29, 账户权益: 10000000.00, 可用资金: 10000000.00, 浮动盈亏: 0.00, 持仓盈亏: 0.00, 平仓盈亏: 0.00, 市值: 0.00, 保证金: 0.00, 手续费: 0.00, 风险度: 0.00%
    INFO - 日期: 2020-12-30, 账户权益: 10000000.00, 可用资金: 10000000.00, 浮动盈亏: 0.00, 持仓盈亏: 0.00, 平仓盈亏: 0.00, 市值: 0.00, 保证金: 0.00, 手续费: 0.00, 风险度: 0.00%
    INFO - 日期: 2020-12-31, 账户权益: 10000000.00, 可用资金: 10000000.00, 浮动盈亏: 0.00, 持仓盈亏: 0.00, 平仓盈亏: 0.00, 市值: 0.00, 保证金: 0.00, 手续费: 0.00, 风险度: 0.00%
    INFO - 日期: 2021-01-04, 账户权益: 10000000.00, 可用资金: 10000000.00, 浮动盈亏: 0.00, 持仓盈亏: 0.00, 平仓盈亏: 0.00, 市值: 0.00, 保证金: 0.00, 手续费: 0.00, 风险度: 0.00%
    INFO - 日期: 2021-01-05, 账户权益: 10000000.00, 可用资金: 10000000.00, 浮动盈亏: 0.00, 持仓盈亏: 0.00, 平仓盈亏: 0.00, 市值: 0.00, 保证金: 0.00, 手续费: 0.00, 风险度: 0.00%
    INFO - 日期: 2021-01-06, 账户权益: 10000000.00, 可用资金: 10000000.00, 浮动盈亏: 0.00, 持仓盈亏: 0.00, 平仓盈亏: 0.00, 市值: 0.00, 保证金: 0.00, 手续费: 0.00, 风险度: 0.00%
    INFO - 日期: 2021-01-07, 账户权益: 10000000.00, 可用资金: 10000000.00, 浮动盈亏: 0.00, 持仓盈亏: 0.00, 平仓盈亏: 0.00, 市值: 0.00, 保证金: 0.00, 手续费: 0.00, 风险度: 0.00%
    INFO - 日期: 2021-01-08, 账户权益: 10000000.00, 可用资金: 10000000.00, 浮动盈亏: 0.00, 持仓盈亏: 0.00, 平仓盈亏: 0.00, 市值: 0.00, 保证金: 0.00, 手续费: 0.00, 风险度: 0.00%
    INFO - 日期: 2021-01-11, 账户权益: 10000000.00, 可用资金: 10000000.00, 浮动盈亏: 0.00, 持仓盈亏: 0.00, 平仓盈亏: 0.00, 市值: 0.00, 保证金: 0.00, 手续费: 0.00, 风险度: 0.00%
    INFO - 日期: 2021-01-12, 账户权益: 10000000.00, 可用资金: 10000000.00, 浮动盈亏: 0.00, 持仓盈亏: 0.00, 平仓盈亏: 0.00, 市值: 0.00, 保证金: 0.00, 手续费: 0.00, 风险度: 0.00%
    INFO - 日期: 2021-01-13, 账户权益: 10000000.00, 可用资金: 10000000.00, 浮动盈亏: 0.00, 持仓盈亏: 0.00, 平仓盈亏: 0.00, 市值: 0.00, 保证金: 0.00, 手续费: 0.00, 风险度: 0.00%
    INFO - 日期: 2021-01-14, 账户权益: 10000000.00, 可用资金: 10000000.00, 浮动盈亏: 0.00, 持仓盈亏: 0.00, 平仓盈亏: 0.00, 市值: 0.00, 保证金: 0.00, 手续费: 0.00, 风险度: 0.00%
    INFO - 日期: 2021-01-15, 账户权益: 10000000.00, 可用资金: 10000000.00, 浮动盈亏: 0.00, 持仓盈亏: 0.00, 平仓盈亏: 0.00, 市值: 0.00, 保证金: 0.00, 手续费: 0.00, 风险度: 0.00%
    INFO - 日期: 2021-01-18, 账户权益: 10000000.00, 可用资金: 10000000.00, 浮动盈亏: 0.00, 持仓盈亏: 0.00, 平仓盈亏: 0.00, 市值: 0.00, 保证金: 0.00, 手续费: 0.00, 风险度: 0.00%
    INFO - 日期: 2021-01-19, 账户权益: 10000000.00, 可用资金: 10000000.00, 浮动盈亏: 0.00, 持仓盈亏: 0.00, 平仓盈亏: 0.00, 市值: 0.00, 保证金: 0.00, 手续费: 0.00, 风险度: 0.00%
    INFO - 日期: 2021-01-20, 账户权益: 10000000.00, 可用资金: 10000000.00, 浮动盈亏: 0.00, 持仓盈亏: 0.00, 平仓盈亏: 0.00, 市值: 0.00, 保证金: 0.00, 手续费: 0.00, 风险度: 0.00%
    INFO - 日期: 2021-01-21, 账户权益: 10000000.00, 可用资金: 10000000.00, 浮动盈亏: 0.00, 持仓盈亏: 0.00, 平仓盈亏: 0.00, 市值: 0.00, 保证金: 0.00, 手续费: 0.00, 风险度: 0.00%
    INFO - 日期: 2021-01-22, 账户权益: 10000000.00, 可用资金: 10000000.00, 浮动盈亏: 0.00, 持仓盈亏: 0.00, 平仓盈亏: 0.00, 市值: 0.00, 保证金: 0.00, 手续费: 0.00, 风险度: 0.00%
    INFO - 日期: 2021-01-25, 账户权益: 10000000.00, 可用资金: 10000000.00, 浮动盈亏: 0.00, 持仓盈亏: 0.00, 平仓盈亏: 0.00, 市值: 0.00, 保证金: 0.00, 手续费: 0.00, 风险度: 0.00%
    INFO - 日期: 2021-01-26, 账户权益: 10000000.00, 可用资金: 10000000.00, 浮动盈亏: 0.00, 持仓盈亏: 0.00, 平仓盈亏: 0.00, 市值: 0.00, 保证金: 0.00, 手续费: 0.00, 风险度: 0.00%
    INFO - 日期: 2021-01-27, 账户权益: 10000000.00, 可用资金: 10000000.00, 浮动盈亏: 0.00, 持仓盈亏: 0.00, 平仓盈亏: 0.00, 市值: 0.00, 保证金: 0.00, 手续费: 0.00, 风险度: 0.00%
    INFO - 日期: 2021-01-28, 账户权益: 10000000.00, 可用资金: 10000000.00, 浮动盈亏: 0.00, 持仓盈亏: 0.00, 平仓盈亏: 0.00, 市值: 0.00, 保证金: 0.00, 手续费: 0.00, 风险度: 0.00%
    INFO - 日期: 2021-01-29, 账户权益: 10000000.00, 可用资金: 10000000.00, 浮动盈亏: 0.00, 持仓盈亏: 0.00, 平仓盈亏: 0.00, 市值: 0.00, 保证金: 0.00, 手续费: 0.00, 风险度: 0.00%
    INFO - 日期: 2021-02-01, 账户权益: 10000000.00, 可用资金: 10000000.00, 浮动盈亏: 0.00, 持仓盈亏: 0.00, 平仓盈亏: 0.00, 市值: 0.00, 保证金: 0.00, 手续费: 0.00, 风险度: 0.00%
    INFO - 日期: 2021-02-02, 账户权益: 10000000.00, 可用资金: 10000000.00, 浮动盈亏: 0.00, 持仓盈亏: 0.00, 平仓盈亏: 0.00, 市值: 0.00, 保证金: 0.00, 手续费: 0.00, 风险度: 0.00%
    INFO - 日期: 2021-02-03, 账户权益: 10000000.00, 可用资金: 10000000.00, 浮动盈亏: 0.00, 持仓盈亏: 0.00, 平仓盈亏: 0.00, 市值: 0.00, 保证金: 0.00, 手续费: 0.00, 风险度: 0.00%
    INFO - 日期: 2021-02-04, 账户权益: 10000000.00, 可用资金: 10000000.00, 浮动盈亏: 0.00, 持仓盈亏: 0.00, 平仓盈亏: 0.00, 市值: 0.00, 保证金: 0.00, 手续费: 0.00, 风险度: 0.00%
    INFO - 日期: 2021-02-05, 账户权益: 10000000.00, 可用资金: 10000000.00, 浮动盈亏: 0.00, 持仓盈亏: 0.00, 平仓盈亏: 0.00, 市值: 0.00, 保证金: 0.00, 手续费: 0.00, 风险度: 0.00%
    INFO - 日期: 2021-02-08, 账户权益: 10000000.00, 可用资金: 10000000.00, 浮动盈亏: 0.00, 持仓盈亏: 0.00, 平仓盈亏: 0.00, 市值: 0.00, 保证金: 0.00, 手续费: 0.00, 风险度: 0.00%
    INFO - 日期: 2021-02-09, 账户权益: 10000000.00, 可用资金: 10000000.00, 浮动盈亏: 0.00, 持仓盈亏: 0.00, 平仓盈亏: 0.00, 市值: 0.00, 保证金: 0.00, 手续费: 0.00, 风险度: 0.00%
    INFO - 日期: 2021-02-10, 账户权益: 10000000.00, 可用资金: 10000000.00, 浮动盈亏: 0.00, 持仓盈亏: 0.00, 平仓盈亏: 0.00, 市值: 0.00, 保证金: 0.00, 手续费: 0.00, 风险度: 0.00%
    INFO - 日期: 2021-02-18, 账户权益: 10000000.00, 可用资金: 10000000.00, 浮动盈亏: 0.00, 持仓盈亏: 0.00, 平仓盈亏: 0.00, 市值: 0.00, 保证金: 0.00, 手续费: 0.00, 风险度: 0.00%
    INFO - 日期: 2021-02-19, 账户权益: 10000000.00, 可用资金: 10000000.00, 浮动盈亏: 0.00, 持仓盈亏: 0.00, 平仓盈亏: 0.00, 市值: 0.00, 保证金: 0.00, 手续费: 0.00, 风险度: 0.00%
    INFO - 日期: 2021-02-22, 账户权益: 10000000.00, 可用资金: 10000000.00, 浮动盈亏: 0.00, 持仓盈亏: 0.00, 平仓盈亏: 0.00, 市值: 0.00, 保证金: 0.00, 手续费: 0.00, 风险度: 0.00%
    INFO - 日期: 2021-02-23, 账户权益: 10000000.00, 可用资金: 10000000.00, 浮动盈亏: 0.00, 持仓盈亏: 0.00, 平仓盈亏: 0.00, 市值: 0.00, 保证金: 0.00, 手续费: 0.00, 风险度: 0.00%
    INFO - 日期: 2021-02-24, 账户权益: 10000000.00, 可用资金: 10000000.00, 浮动盈亏: 0.00, 持仓盈亏: 0.00, 平仓盈亏: 0.00, 市值: 0.00, 保证金: 0.00, 手续费: 0.00, 风险度: 0.00%
    INFO - 日期: 2021-02-25, 账户权益: 10000000.00, 可用资金: 10000000.00, 浮动盈亏: 0.00, 持仓盈亏: 0.00, 平仓盈亏: 0.00, 市值: 0.00, 保证金: 0.00, 手续费: 0.00, 风险度: 0.00%
    INFO - 日期: 2021-02-26, 账户权益: 10000000.00, 可用资金: 10000000.00, 浮动盈亏: 0.00, 持仓盈亏: 0.00, 平仓盈亏: 0.00, 市值: 0.00, 保证金: 0.00, 手续费: 0.00, 风险度: 0.00%
    INFO - 日期: 2021-03-01, 账户权益: 10000000.00, 可用资金: 10000000.00, 浮动盈亏: 0.00, 持仓盈亏: 0.00, 平仓盈亏: 0.00, 市值: 0.00, 保证金: 0.00, 手续费: 0.00, 风险度: 0.00%
    INFO - 日期: 2021-03-02, 账户权益: 10000000.00, 可用资金: 10000000.00, 浮动盈亏: 0.00, 持仓盈亏: 0.00, 平仓盈亏: 0.00, 市值: 0.00, 保证金: 0.00, 手续费: 0.00, 风险度: 0.00%
    INFO - 日期: 2021-03-03, 账户权益: 10000000.00, 可用资金: 10000000.00, 浮动盈亏: 0.00, 持仓盈亏: 0.00, 平仓盈亏: 0.00, 市值: 0.00, 保证金: 0.00, 手续费: 0.00, 风险度: 0.00%
    INFO - 日期: 2021-03-04, 账户权益: 10000000.00, 可用资金: 10000000.00, 浮动盈亏: 0.00, 持仓盈亏: 0.00, 平仓盈亏: 0.00, 市值: 0.00, 保证金: 0.00, 手续费: 0.00, 风险度: 0.00%
    INFO - 日期: 2021-03-05, 账户权益: 10000000.00, 可用资金: 10000000.00, 浮动盈亏: 0.00, 持仓盈亏: 0.00, 平仓盈亏: 0.00, 市值: 0.00, 保证金: 0.00, 手续费: 0.00, 风险度: 0.00%
    INFO - 日期: 2021-03-08, 账户权益: 10000000.00, 可用资金: 10000000.00, 浮动盈亏: 0.00, 持仓盈亏: 0.00, 平仓盈亏: 0.00, 市值: 0.00, 保证金: 0.00, 手续费: 0.00, 风险度: 0.00%
    INFO - 日期: 2021-03-09, 账户权益: 10000000.00, 可用资金: 10000000.00, 浮动盈亏: 0.00, 持仓盈亏: 0.00, 平仓盈亏: 0.00, 市值: 0.00, 保证金: 0.00, 手续费: 0.00, 风险度: 0.00%
    INFO - 日期: 2021-03-10, 账户权益: 10000000.00, 可用资金: 10000000.00, 浮动盈亏: 0.00, 持仓盈亏: 0.00, 平仓盈亏: 0.00, 市值: 0.00, 保证金: 0.00, 手续费: 0.00, 风险度: 0.00%
    INFO - 日期: 2021-03-11, 账户权益: 10000000.00, 可用资金: 10000000.00, 浮动盈亏: 0.00, 持仓盈亏: 0.00, 平仓盈亏: 0.00, 市值: 0.00, 保证金: 0.00, 手续费: 0.00, 风险度: 0.00%
    INFO - 日期: 2021-03-12, 账户权益: 10000000.00, 可用资金: 10000000.00, 浮动盈亏: 0.00, 持仓盈亏: 0.00, 平仓盈亏: 0.00, 市值: 0.00, 保证金: 0.00, 手续费: 0.00, 风险度: 0.00%
    INFO - 日期: 2021-03-15, 账户权益: 10000000.00, 可用资金: 10000000.00, 浮动盈亏: 0.00, 持仓盈亏: 0.00, 平仓盈亏: 0.00, 市值: 0.00, 保证金: 0.00, 手续费: 0.00, 风险度: 0.00%
    INFO - 日期: 2021-03-16, 账户权益: 10000000.00, 可用资金: 10000000.00, 浮动盈亏: 0.00, 持仓盈亏: 0.00, 平仓盈亏: 0.00, 市值: 0.00, 保证金: 0.00, 手续费: 0.00, 风险度: 0.00%
    INFO - 日期: 2021-03-17, 账户权益: 10000000.00, 可用资金: 10000000.00, 浮动盈亏: 0.00, 持仓盈亏: 0.00, 平仓盈亏: 0.00, 市值: 0.00, 保证金: 0.00, 手续费: 0.00, 风险度: 0.00%
    INFO - 日期: 2021-03-18, 账户权益: 10000000.00, 可用资金: 10000000.00, 浮动盈亏: 0.00, 持仓盈亏: 0.00, 平仓盈亏: 0.00, 市值: 0.00, 保证金: 0.00, 手续费: 0.00, 风险度: 0.00%
    INFO - 日期: 2021-03-19, 账户权益: 10000000.00, 可用资金: 10000000.00, 浮动盈亏: 0.00, 持仓盈亏: 0.00, 平仓盈亏: 0.00, 市值: 0.00, 保证金: 0.00, 手续费: 0.00, 风险度: 0.00%
    INFO - 日期: 2021-03-22, 账户权益: 10000000.00, 可用资金: 10000000.00, 浮动盈亏: 0.00, 持仓盈亏: 0.00, 平仓盈亏: 0.00, 市值: 0.00, 保证金: 0.00, 手续费: 0.00, 风险度: 0.00%
    INFO - 日期: 2021-03-23, 账户权益: 10000000.00, 可用资金: 10000000.00, 浮动盈亏: 0.00, 持仓盈亏: 0.00, 平仓盈亏: 0.00, 市值: 0.00, 保证金: 0.00, 手续费: 0.00, 风险度: 0.00%
    INFO - 日期: 2021-03-24, 账户权益: 10000000.00, 可用资金: 10000000.00, 浮动盈亏: 0.00, 持仓盈亏: 0.00, 平仓盈亏: 0.00, 市值: 0.00, 保证金: 0.00, 手续费: 0.00, 风险度: 0.00%
    INFO - 日期: 2021-03-25, 账户权益: 10000000.00, 可用资金: 10000000.00, 浮动盈亏: 0.00, 持仓盈亏: 0.00, 平仓盈亏: 0.00, 市值: 0.00, 保证金: 0.00, 手续费: 0.00, 风险度: 0.00%
    INFO - 日期: 2021-03-26, 账户权益: 10000000.00, 可用资金: 10000000.00, 浮动盈亏: 0.00, 持仓盈亏: 0.00, 平仓盈亏: 0.00, 市值: 0.00, 保证金: 0.00, 手续费: 0.00, 风险度: 0.00%
    INFO - 日期: 2021-03-29, 账户权益: 10000000.00, 可用资金: 10000000.00, 浮动盈亏: 0.00, 持仓盈亏: 0.00, 平仓盈亏: 0.00, 市值: 0.00, 保证金: 0.00, 手续费: 0.00, 风险度: 0.00%
    INFO - 日期: 2021-03-30, 账户权益: 10000000.00, 可用资金: 10000000.00, 浮动盈亏: 0.00, 持仓盈亏: 0.00, 平仓盈亏: 0.00, 市值: 0.00, 保证金: 0.00, 手续费: 0.00, 风险度: 0.00%
    INFO - 日期: 2021-03-31, 账户权益: 10000000.00, 可用资金: 10000000.00, 浮动盈亏: 0.00, 持仓盈亏: 0.00, 平仓盈亏: 0.00, 市值: 0.00, 保证金: 0.00, 手续费: 0.00, 风险度: 0.00%
    INFO - 日期: 2021-04-01, 账户权益: 10000000.00, 可用资金: 10000000.00, 浮动盈亏: 0.00, 持仓盈亏: 0.00, 平仓盈亏: 0.00, 市值: 0.00, 保证金: 0.00, 手续费: 0.00, 风险度: 0.00%
    INFO - 日期: 2021-04-02, 账户权益: 10000000.00, 可用资金: 10000000.00, 浮动盈亏: 0.00, 持仓盈亏: 0.00, 平仓盈亏: 0.00, 市值: 0.00, 保证金: 0.00, 手续费: 0.00, 风险度: 0.00%
    INFO - 日期: 2021-04-06, 账户权益: 10000000.00, 可用资金: 10000000.00, 浮动盈亏: 0.00, 持仓盈亏: 0.00, 平仓盈亏: 0.00, 市值: 0.00, 保证金: 0.00, 手续费: 0.00, 风险度: 0.00%
    INFO - 日期: 2021-04-07, 账户权益: 10000000.00, 可用资金: 10000000.00, 浮动盈亏: 0.00, 持仓盈亏: 0.00, 平仓盈亏: 0.00, 市值: 0.00, 保证金: 0.00, 手续费: 0.00, 风险度: 0.00%
    INFO - 日期: 2021-04-08, 账户权益: 10000000.00, 可用资金: 10000000.00, 浮动盈亏: 0.00, 持仓盈亏: 0.00, 平仓盈亏: 0.00, 市值: 0.00, 保证金: 0.00, 手续费: 0.00, 风险度: 0.00%
    INFO - 日期: 2021-04-09, 账户权益: 10000000.00, 可用资金: 10000000.00, 浮动盈亏: 0.00, 持仓盈亏: 0.00, 平仓盈亏: 0.00, 市值: 0.00, 保证金: 0.00, 手续费: 0.00, 风险度: 0.00%
    INFO - 日期: 2021-04-12, 账户权益: 10000000.00, 可用资金: 10000000.00, 浮动盈亏: 0.00, 持仓盈亏: 0.00, 平仓盈亏: 0.00, 市值: 0.00, 保证金: 0.00, 手续费: 0.00, 风险度: 0.00%
    INFO - 胜率: 0.00%, 盈亏额比例: inf, 收益率: 0.00%, 年化收益率: 0.00%, 最大回撤: 0.00%, 年化夏普率: inf,年化索提诺比率: -15.8114
extracted rank=32 FG105.CZCE CZCE.FG105 rows=26339 elapsed=27.23
    INFO - 模拟交易成交记录, 账户: TQSIM
    INFO - 模拟交易账户资金, 账户: TQSIM
    INFO - 日期: 2020-08-05, 账户权益: 10000000.00, 可用资金: 10000000.00, 浮动盈亏: 0.00, 持仓盈亏: 0.00, 平仓盈亏: 0.00, 市值: 0.00, 保证金: 0.00, 手续费: 0.00, 风险度: 0.00%
    INFO - 日期: 2020-08-06, 账户权益: 10000000.00, 可用资金: 10000000.00, 浮动盈亏: 0.00, 持仓盈亏: 0.00, 平仓盈亏: 0.00, 市值: 0.00, 保证金: 0.00, 手续费: 0.00, 风险度: 0.00%
    INFO - 日期: 2020-08-07, 账户权益: 10000000.00, 可用资金: 10000000.00, 浮动盈亏: 0.00, 持仓盈亏: 0.00, 平仓盈亏: 0.00, 市值: 0.00, 保证金: 0.00, 手续费: 0.00, 风险度: 0.00%
    INFO - 日期: 2020-08-10, 账户权益: 10000000.00, 可用资金: 10000000.00, 浮动盈亏: 0.00, 持仓盈亏: 0.00, 平仓盈亏: 0.00, 市值: 0.00, 保证金: 0.00, 手续费: 0.00, 风险度: 0.00%
    INFO - 日期: 2020-08-11, 账户权益: 10000000.00, 可用资金: 10000000.00, 浮动盈亏: 0.00, 持仓盈亏: 0.00, 平仓盈亏: 0.00, 市值: 0.00, 保证金: 0.00, 手续费: 0.00, 风险度: 0.00%
    INFO - 日期: 2020-08-12, 账户权益: 10000000.00, 可用资金: 10000000.00, 浮动盈亏: 0.00, 持仓盈亏: 0.00, 平仓盈亏: 0.00, 市值: 0.00, 保证金: 0.00, 手续费: 0.00, 风险度: 0.00%
    INFO - 日期: 2020-08-13, 账户权益: 10000000.00, 可用资金: 10000000.00, 浮动盈亏: 0.00, 持仓盈亏: 0.00, 平仓盈亏: 0.00, 市值: 0.00, 保证金: 0.00, 手续费: 0.00, 风险度: 0.00%
    INFO - 日期: 2020-08-14, 账户权益: 10000000.00, 可用资金: 10000000.00, 浮动盈亏: 0.00, 持仓盈亏: 0.00, 平仓盈亏: 0.00, 市值: 0.00, 保证金: 0.00, 手续费: 0.00, 风险度: 0.00%
    INFO - 日期: 2020-08-17, 账户权益: 10000000.00, 可用资金: 10000000.00, 浮动盈亏: 0.00, 持仓盈亏: 0.00, 平仓盈亏: 0.00, 市值: 0.00, 保证金: 0.00, 手续费: 0.00, 风险度: 0.00%
    INFO - 日期: 2020-08-18, 账户权益: 10000000.00, 可用资金: 10000000.00, 浮动盈亏: 0.00, 持仓盈亏: 0.00, 平仓盈亏: 0.00, 市值: 0.00, 保证金: 0.00, 手续费: 0.00, 风险度: 0.00%
    INFO - 日期: 2020-08-19, 账户权益: 10000000.00, 可用资金: 10000000.00, 浮动盈亏: 0.00, 持仓盈亏: 0.00, 平仓盈亏: 0.00, 市值: 0.00, 保证金: 0.00, 手续费: 0.00, 风险度: 0.00%
    INFO - 日期: 2020-08-20, 账户权益: 10000000.00, 可用资金: 10000000.00, 浮动盈亏: 0.00, 持仓盈亏: 0.00, 平仓盈亏: 0.00, 市值: 0.00, 保证金: 0.00, 手续费: 0.00, 风险度: 0.00%
    INFO - 日期: 2020-08-21, 账户权益: 10000000.00, 可用资金: 10000000.00, 浮动盈亏: 0.00, 持仓盈亏: 0.00, 平仓盈亏: 0.00, 市值: 0.00, 保证金: 0.00, 手续费: 0.00, 风险度: 0.00%
    INFO - 日期: 2020-08-24, 账户权益: 10000000.00, 可用资金: 10000000.00, 浮动盈亏: 0.00, 持仓盈亏: 0.00, 平仓盈亏: 0.00, 市值: 0.00, 保证金: 0.00, 手续费: 0.00, 风险度: 0.00%
    INFO - 日期: 2020-08-25, 账户权益: 10000000.00, 可用资金: 10000000.00, 浮动盈亏: 0.00, 持仓盈亏: 0.00, 平仓盈亏: 0.00, 市值: 0.00, 保证金: 0.00, 手续费: 0.00, 风险度: 0.00%
    INFO - 日期: 2020-08-26, 账户权益: 10000000.00, 可用资金: 10000000.00, 浮动盈亏: 0.00, 持仓盈亏: 0.00, 平仓盈亏: 0.00, 市值: 0.00, 保证金: 0.00, 手续费: 0.00, 风险度: 0.00%
    INFO - 日期: 2020-08-27, 账户权益: 10000000.00, 可用资金: 10000000.00, 浮动盈亏: 0.00, 持仓盈亏: 0.00, 平仓盈亏: 0.00, 市值: 0.00, 保证金: 0.00, 手续费: 0.00, 风险度: 0.00%
    INFO - 日期: 2020-08-28, 账户权益: 10000000.00, 可用资金: 10000000.00, 浮动盈亏: 0.00, 持仓盈亏: 0.00, 平仓盈亏: 0.00, 市值: 0.00, 保证金: 0.00, 手续费: 0.00, 风险度: 0.00%
    INFO - 日期: 2020-08-31, 账户权益: 10000000.00, 可用资金: 10000000.00, 浮动盈亏: 0.00, 持仓盈亏: 0.00, 平仓盈亏: 0.00, 市值: 0.00, 保证金: 0.00, 手续费: 0.00, 风险度: 0.00%
    INFO - 日期: 2020-09-01, 账户权益: 10000000.00, 可用资金: 10000000.00, 浮动盈亏: 0.00, 持仓盈亏: 0.00, 平仓盈亏: 0.00, 市值: 0.00, 保证金: 0.00, 手续费: 0.00, 风险度: 0.00%
    INFO - 日期: 2020-09-02, 账户权益: 10000000.00, 可用资金: 10000000.00, 浮动盈亏: 0.00, 持仓盈亏: 0.00, 平仓盈亏: 0.00, 市值: 0.00, 保证金: 0.00, 手续费: 0.00, 风险度: 0.00%
    INFO - 日期: 2020-09-03, 账户权益: 10000000.00, 可用资金: 10000000.00, 浮动盈亏: 0.00, 持仓盈亏: 0.00, 平仓盈亏: 0.00, 市值: 0.00, 保证金: 0.00, 手续费: 0.00, 风险度: 0.00%
    INFO - 日期: 2020-09-04, 账户权益: 10000000.00, 可用资金: 10000000.00, 浮动盈亏: 0.00, 持仓盈亏: 0.00, 平仓盈亏: 0.00, 市值: 0.00, 保证金: 0.00, 手续费: 0.00, 风险度: 0.00%
    INFO - 日期: 2020-09-07, 账户权益: 10000000.00, 可用资金: 10000000.00, 浮动盈亏: 0.00, 持仓盈亏: 0.00, 平仓盈亏: 0.00, 市值: 0.00, 保证金: 0.00, 手续费: 0.00, 风险度: 0.00%
    INFO - 日期: 2020-09-08, 账户权益: 10000000.00, 可用资金: 10000000.00, 浮动盈亏: 0.00, 持仓盈亏: 0.00, 平仓盈亏: 0.00, 市值: 0.00, 保证金: 0.00, 手续费: 0.00, 风险度: 0.00%
    INFO - 日期: 2020-09-09, 账户权益: 10000000.00, 可用资金: 10000000.00, 浮动盈亏: 0.00, 持仓盈亏: 0.00, 平仓盈亏: 0.00, 市值: 0.00, 保证金: 0.00, 手续费: 0.00, 风险度: 0.00%
    INFO - 日期: 2020-09-10, 账户权益: 10000000.00, 可用资金: 10000000.00, 浮动盈亏: 0.00, 持仓盈亏: 0.00, 平仓盈亏: 0.00, 市值: 0.00, 保证金: 0.00, 手续费: 0.00, 风险度: 0.00%
    INFO - 日期: 2020-09-11, 账户权益: 10000000.00, 可用资金: 10000000.00, 浮动盈亏: 0.00, 持仓盈亏: 0.00, 平仓盈亏: 0.00, 市值: 0.00, 保证金: 0.00, 手续费: 0.00, 风险度: 0.00%
    INFO - 日期: 2020-09-14, 账户权益: 10000000.00, 可用资金: 10000000.00, 浮动盈亏: 0.00, 持仓盈亏: 0.00, 平仓盈亏: 0.00, 市值: 0.00, 保证金: 0.00, 手续费: 0.00, 风险度: 0.00%
    INFO - 日期: 2020-09-15, 账户权益: 10000000.00, 可用资金: 10000000.00, 浮动盈亏: 0.00, 持仓盈亏: 0.00, 平仓盈亏: 0.00, 市值: 0.00, 保证金: 0.00, 手续费: 0.00, 风险度: 0.00%
    INFO - 日期: 2020-09-16, 账户权益: 10000000.00, 可用资金: 10000000.00, 浮动盈亏: 0.00, 持仓盈亏: 0.00, 平仓盈亏: 0.00, 市值: 0.00, 保证金: 0.00, 手续费: 0.00, 风险度: 0.00%
    INFO - 日期: 2020-09-17, 账户权益: 10000000.00, 可用资金: 10000000.00, 浮动盈亏: 0.00, 持仓盈亏: 0.00, 平仓盈亏: 0.00, 市值: 0.00, 保证金: 0.00, 手续费: 0.00, 风险度: 0.00%
    INFO - 日期: 2020-09-18, 账户权益: 10000000.00, 可用资金: 10000000.00, 浮动盈亏: 0.00, 持仓盈亏: 0.00, 平仓盈亏: 0.00, 市值: 0.00, 保证金: 0.00, 手续费: 0.00, 风险度: 0.00%
    INFO - 日期: 2020-09-21, 账户权益: 10000000.00, 可用资金: 10000000.00, 浮动盈亏: 0.00, 持仓盈亏: 0.00, 平仓盈亏: 0.00, 市值: 0.00, 保证金: 0.00, 手续费: 0.00, 风险度: 0.00%
    INFO - 日期: 2020-09-22, 账户权益: 10000000.00, 可用资金: 10000000.00, 浮动盈亏: 0.00, 持仓盈亏: 0.00, 平仓盈亏: 0.00, 市值: 0.00, 保证金: 0.00, 手续费: 0.00, 风险度: 0.00%
    INFO - 日期: 2020-09-23, 账户权益: 10000000.00, 可用资金: 10000000.00, 浮动盈亏: 0.00, 持仓盈亏: 0.00, 平仓盈亏: 0.00, 市值: 0.00, 保证金: 0.00, 手续费: 0.00, 风险度: 0.00%
    INFO - 日期: 2020-09-24, 账户权益: 10000000.00, 可用资金: 10000000.00, 浮动盈亏: 0.00, 持仓盈亏: 0.00, 平仓盈亏: 0.00, 市值: 0.00, 保证金: 0.00, 手续费: 0.00, 风险度: 0.00%
    INFO - 日期: 2020-09-25, 账户权益: 10000000.00, 可用资金: 10000000.00, 浮动盈亏: 0.00, 持仓盈亏: 0.00, 平仓盈亏: 0.00, 市值: 0.00, 保证金: 0.00, 手续费: 0.00, 风险度: 0.00%
    INFO - 日期: 2020-09-28, 账户权益: 10000000.00, 可用资金: 10000000.00, 浮动盈亏: 0.00, 持仓盈亏: 0.00, 平仓盈亏: 0.00, 市值: 0.00, 保证金: 0.00, 手续费: 0.00, 风险度: 0.00%
    INFO - 日期: 2020-09-29, 账户权益: 10000000.00, 可用资金: 10000000.00, 浮动盈亏: 0.00, 持仓盈亏: 0.00, 平仓盈亏: 0.00, 市值: 0.00, 保证金: 0.00, 手续费: 0.00, 风险度: 0.00%
    INFO - 日期: 2020-09-30, 账户权益: 10000000.00, 可用资金: 10000000.00, 浮动盈亏: 0.00, 持仓盈亏: 0.00, 平仓盈亏: 0.00, 市值: 0.00, 保证金: 0.00, 手续费: 0.00, 风险度: 0.00%
    INFO - 日期: 2020-10-09, 账户权益: 10000000.00, 可用资金: 10000000.00, 浮动盈亏: 0.00, 持仓盈亏: 0.00, 平仓盈亏: 0.00, 市值: 0.00, 保证金: 0.00, 手续费: 0.00, 风险度: 0.00%
    INFO - 日期: 2020-10-12, 账户权益: 10000000.00, 可用资金: 10000000.00, 浮动盈亏: 0.00, 持仓盈亏: 0.00, 平仓盈亏: 0.00, 市值: 0.00, 保证金: 0.00, 手续费: 0.00, 风险度: 0.00%
    INFO - 日期: 2020-10-13, 账户权益: 10000000.00, 可用资金: 10000000.00, 浮动盈亏: 0.00, 持仓盈亏: 0.00, 平仓盈亏: 0.00, 市值: 0.00, 保证金: 0.00, 手续费: 0.00, 风险度: 0.00%
    INFO - 日期: 2020-10-14, 账户权益: 10000000.00, 可用资金: 10000000.00, 浮动盈亏: 0.00, 持仓盈亏: 0.00, 平仓盈亏: 0.00, 市值: 0.00, 保证金: 0.00, 手续费: 0.00, 风险度: 0.00%
    INFO - 日期: 2020-10-15, 账户权益: 10000000.00, 可用资金: 10000000.00, 浮动盈亏: 0.00, 持仓盈亏: 0.00, 平仓盈亏: 0.00, 市值: 0.00, 保证金: 0.00, 手续费: 0.00, 风险度: 0.00%
    INFO - 日期: 2020-10-16, 账户权益: 10000000.00, 可用资金: 10000000.00, 浮动盈亏: 0.00, 持仓盈亏: 0.00, 平仓盈亏: 0.00, 市值: 0.00, 保证金: 0.00, 手续费: 0.00, 风险度: 0.00%
    INFO - 日期: 2020-10-19, 账户权益: 10000000.00, 可用资金: 10000000.00, 浮动盈亏: 0.00, 持仓盈亏: 0.00, 平仓盈亏: 0.00, 市值: 0.00, 保证金: 0.00, 手续费: 0.00, 风险度: 0.00%
    INFO - 日期: 2020-10-20, 账户权益: 10000000.00, 可用资金: 10000000.00, 浮动盈亏: 0.00, 持仓盈亏: 0.00, 平仓盈亏: 0.00, 市值: 0.00, 保证金: 0.00, 手续费: 0.00, 风险度: 0.00%
    INFO - 日期: 2020-10-21, 账户权益: 10000000.00, 可用资金: 10000000.00, 浮动盈亏: 0.00, 持仓盈亏: 0.00, 平仓盈亏: 0.00, 市值: 0.00, 保证金: 0.00, 手续费: 0.00, 风险度: 0.00%
    INFO - 日期: 2020-10-22, 账户权益: 10000000.00, 可用资金: 10000000.00, 浮动盈亏: 0.00, 持仓盈亏: 0.00, 平仓盈亏: 0.00, 市值: 0.00, 保证金: 0.00, 手续费: 0.00, 风险度: 0.00%
    INFO - 日期: 2020-10-23, 账户权益: 10000000.00, 可用资金: 10000000.00, 浮动盈亏: 0.00, 持仓盈亏: 0.00, 平仓盈亏: 0.00, 市值: 0.00, 保证金: 0.00, 手续费: 0.00, 风险度: 0.00%
    INFO - 日期: 2020-10-26, 账户权益: 10000000.00, 可用资金: 10000000.00, 浮动盈亏: 0.00, 持仓盈亏: 0.00, 平仓盈亏: 0.00, 市值: 0.00, 保证金: 0.00, 手续费: 0.00, 风险度: 0.00%
    INFO - 日期: 2020-10-27, 账户权益: 10000000.00, 可用资金: 10000000.00, 浮动盈亏: 0.00, 持仓盈亏: 0.00, 平仓盈亏: 0.00, 市值: 0.00, 保证金: 0.00, 手续费: 0.00, 风险度: 0.00%
    INFO - 日期: 2020-10-28, 账户权益: 10000000.00, 可用资金: 10000000.00, 浮动盈亏: 0.00, 持仓盈亏: 0.00, 平仓盈亏: 0.00, 市值: 0.00, 保证金: 0.00, 手续费: 0.00, 风险度: 0.00%
    INFO - 日期: 2020-10-29, 账户权益: 10000000.00, 可用资金: 10000000.00, 浮动盈亏: 0.00, 持仓盈亏: 0.00, 平仓盈亏: 0.00, 市值: 0.00, 保证金: 0.00, 手续费: 0.00, 风险度: 0.00%
    INFO - 日期: 2020-10-30, 账户权益: 10000000.00, 可用资金: 10000000.00, 浮动盈亏: 0.00, 持仓盈亏: 0.00, 平仓盈亏: 0.00, 市值: 0.00, 保证金: 0.00, 手续费: 0.00, 风险度: 0.00%
    INFO - 日期: 2020-11-02, 账户权益: 10000000.00, 可用资金: 10000000.00, 浮动盈亏: 0.00, 持仓盈亏: 0.00, 平仓盈亏: 0.00, 市值: 0.00, 保证金: 0.00, 手续费: 0.00, 风险度: 0.00%
    INFO - 日期: 2020-11-03, 账户权益: 10000000.00, 可用资金: 10000000.00, 浮动盈亏: 0.00, 持仓盈亏: 0.00, 平仓盈亏: 0.00, 市值: 0.00, 保证金: 0.00, 手续费: 0.00, 风险度: 0.00%
    INFO - 日期: 2020-11-04, 账户权益: 10000000.00, 可用资金: 10000000.00, 浮动盈亏: 0.00, 持仓盈亏: 0.00, 平仓盈亏: 0.00, 市值: 0.00, 保证金: 0.00, 手续费: 0.00, 风险度: 0.00%
    INFO - 日期: 2020-11-05, 账户权益: 10000000.00, 可用资金: 10000000.00, 浮动盈亏: 0.00, 持仓盈亏: 0.00, 平仓盈亏: 0.00, 市值: 0.00, 保证金: 0.00, 手续费: 0.00, 风险度: 0.00%
    INFO - 日期: 2020-11-06, 账户权益: 10000000.00, 可用资金: 10000000.00, 浮动盈亏: 0.00, 持仓盈亏: 0.00, 平仓盈亏: 0.00, 市值: 0.00, 保证金: 0.00, 手续费: 0.00, 风险度: 0.00%
    INFO - 日期: 2020-11-09, 账户权益: 10000000.00, 可用资金: 10000000.00, 浮动盈亏: 0.00, 持仓盈亏: 0.00, 平仓盈亏: 0.00, 市值: 0.00, 保证金: 0.00, 手续费: 0.00, 风险度: 0.00%
    INFO - 日期: 2020-11-10, 账户权益: 10000000.00, 可用资金: 10000000.00, 浮动盈亏: 0.00, 持仓盈亏: 0.00, 平仓盈亏: 0.00, 市值: 0.00, 保证金: 0.00, 手续费: 0.00, 风险度: 0.00%
    INFO - 日期: 2020-11-11, 账户权益: 10000000.00, 可用资金: 10000000.00, 浮动盈亏: 0.00, 持仓盈亏: 0.00, 平仓盈亏: 0.00, 市值: 0.00, 保证金: 0.00, 手续费: 0.00, 风险度: 0.00%
    INFO - 日期: 2020-11-12, 账户权益: 10000000.00, 可用资金: 10000000.00, 浮动盈亏: 0.00, 持仓盈亏: 0.00, 平仓盈亏: 0.00, 市值: 0.00, 保证金: 0.00, 手续费: 0.00, 风险度: 0.00%
    INFO - 日期: 2020-11-13, 账户权益: 10000000.00, 可用资金: 10000000.00, 浮动盈亏: 0.00, 持仓盈亏: 0.00, 平仓盈亏: 0.00, 市值: 0.00, 保证金: 0.00, 手续费: 0.00, 风险度: 0.00%
    INFO - 日期: 2020-11-16, 账户权益: 10000000.00, 可用资金: 10000000.00, 浮动盈亏: 0.00, 持仓盈亏: 0.00, 平仓盈亏: 0.00, 市值: 0.00, 保证金: 0.00, 手续费: 0.00, 风险度: 0.00%
    INFO - 日期: 2020-11-17, 账户权益: 10000000.00, 可用资金: 10000000.00, 浮动盈亏: 0.00, 持仓盈亏: 0.00, 平仓盈亏: 0.00, 市值: 0.00, 保证金: 0.00, 手续费: 0.00, 风险度: 0.00%
    INFO - 日期: 2020-11-18, 账户权益: 10000000.00, 可用资金: 10000000.00, 浮动盈亏: 0.00, 持仓盈亏: 0.00, 平仓盈亏: 0.00, 市值: 0.00, 保证金: 0.00, 手续费: 0.00, 风险度: 0.00%
    INFO - 日期: 2020-11-19, 账户权益: 10000000.00, 可用资金: 10000000.00, 浮动盈亏: 0.00, 持仓盈亏: 0.00, 平仓盈亏: 0.00, 市值: 0.00, 保证金: 0.00, 手续费: 0.00, 风险度: 0.00%
    INFO - 日期: 2020-11-20, 账户权益: 10000000.00, 可用资金: 10000000.00, 浮动盈亏: 0.00, 持仓盈亏: 0.00, 平仓盈亏: 0.00, 市值: 0.00, 保证金: 0.00, 手续费: 0.00, 风险度: 0.00%
    INFO - 日期: 2020-11-23, 账户权益: 10000000.00, 可用资金: 10000000.00, 浮动盈亏: 0.00, 持仓盈亏: 0.00, 平仓盈亏: 0.00, 市值: 0.00, 保证金: 0.00, 手续费: 0.00, 风险度: 0.00%
    INFO - 日期: 2020-11-24, 账户权益: 10000000.00, 可用资金: 10000000.00, 浮动盈亏: 0.00, 持仓盈亏: 0.00, 平仓盈亏: 0.00, 市值: 0.00, 保证金: 0.00, 手续费: 0.00, 风险度: 0.00%
    INFO - 日期: 2020-11-25, 账户权益: 10000000.00, 可用资金: 10000000.00, 浮动盈亏: 0.00, 持仓盈亏: 0.00, 平仓盈亏: 0.00, 市值: 0.00, 保证金: 0.00, 手续费: 0.00, 风险度: 0.00%
    INFO - 日期: 2020-11-26, 账户权益: 10000000.00, 可用资金: 10000000.00, 浮动盈亏: 0.00, 持仓盈亏: 0.00, 平仓盈亏: 0.00, 市值: 0.00, 保证金: 0.00, 手续费: 0.00, 风险度: 0.00%
    INFO - 日期: 2020-11-27, 账户权益: 10000000.00, 可用资金: 10000000.00, 浮动盈亏: 0.00, 持仓盈亏: 0.00, 平仓盈亏: 0.00, 市值: 0.00, 保证金: 0.00, 手续费: 0.00, 风险度: 0.00%
    INFO - 日期: 2020-11-30, 账户权益: 10000000.00, 可用资金: 10000000.00, 浮动盈亏: 0.00, 持仓盈亏: 0.00, 平仓盈亏: 0.00, 市值: 0.00, 保证金: 0.00, 手续费: 0.00, 风险度: 0.00%
    INFO - 日期: 2020-12-01, 账户权益: 10000000.00, 可用资金: 10000000.00, 浮动盈亏: 0.00, 持仓盈亏: 0.00, 平仓盈亏: 0.00, 市值: 0.00, 保证金: 0.00, 手续费: 0.00, 风险度: 0.00%
    INFO - 日期: 2020-12-02, 账户权益: 10000000.00, 可用资金: 10000000.00, 浮动盈亏: 0.00, 持仓盈亏: 0.00, 平仓盈亏: 0.00, 市值: 0.00, 保证金: 0.00, 手续费: 0.00, 风险度: 0.00%
    INFO - 日期: 2020-12-03, 账户权益: 10000000.00, 可用资金: 10000000.00, 浮动盈亏: 0.00, 持仓盈亏: 0.00, 平仓盈亏: 0.00, 市值: 0.00, 保证金: 0.00, 手续费: 0.00, 风险度: 0.00%
    INFO - 胜率: 0.00%, 盈亏额比例: inf, 收益率: 0.00%, 年化收益率: 0.00%, 最大回撤: 0.00%, 年化夏普率: inf,年化索提诺比率: -15.8114
    INFO - 回测结束
extracted rank=33 ru2101.SHFE SHFE.ru2101 rows=27285 elapsed=28.35
    INFO - 模拟交易成交记录, 账户: TQSIM
    INFO - 模拟交易账户资金, 账户: TQSIM
    INFO - 日期: 2020-05-11, 账户权益: 10000000.00, 可用资金: 10000000.00, 浮动盈亏: 0.00, 持仓盈亏: 0.00, 平仓盈亏: 0.00, 市值: 0.00, 保证金: 0.00, 手续费: 0.00, 风险度: 0.00%
    INFO - 日期: 2020-05-12, 账户权益: 10000000.00, 可用资金: 10000000.00, 浮动盈亏: 0.00, 持仓盈亏: 0.00, 平仓盈亏: 0.00, 市值: 0.00, 保证金: 0.00, 手续费: 0.00, 风险度: 0.00%
    INFO - 日期: 2020-05-13, 账户权益: 10000000.00, 可用资金: 10000000.00, 浮动盈亏: 0.00, 持仓盈亏: 0.00, 平仓盈亏: 0.00, 市值: 0.00, 保证金: 0.00, 手续费: 0.00, 风险度: 0.00%
    INFO - 日期: 2020-05-14, 账户权益: 10000000.00, 可用资金: 10000000.00, 浮动盈亏: 0.00, 持仓盈亏: 0.00, 平仓盈亏: 0.00, 市值: 0.00, 保证金: 0.00, 手续费: 0.00, 风险度: 0.00%
    INFO - 日期: 2020-05-15, 账户权益: 10000000.00, 可用资金: 10000000.00, 浮动盈亏: 0.00, 持仓盈亏: 0.00, 平仓盈亏: 0.00, 市值: 0.00, 保证金: 0.00, 手续费: 0.00, 风险度: 0.00%
    INFO - 日期: 2020-05-18, 账户权益: 10000000.00, 可用资金: 10000000.00, 浮动盈亏: 0.00, 持仓盈亏: 0.00, 平仓盈亏: 0.00, 市值: 0.00, 保证金: 0.00, 手续费: 0.00, 风险度: 0.00%
    INFO - 日期: 2020-05-19, 账户权益: 10000000.00, 可用资金: 10000000.00, 浮动盈亏: 0.00, 持仓盈亏: 0.00, 平仓盈亏: 0.00, 市值: 0.00, 保证金: 0.00, 手续费: 0.00, 风险度: 0.00%
    INFO - 日期: 2020-05-20, 账户权益: 10000000.00, 可用资金: 10000000.00, 浮动盈亏: 0.00, 持仓盈亏: 0.00, 平仓盈亏: 0.00, 市值: 0.00, 保证金: 0.00, 手续费: 0.00, 风险度: 0.00%
    INFO - 日期: 2020-05-21, 账户权益: 10000000.00, 可用资金: 10000000.00, 浮动盈亏: 0.00, 持仓盈亏: 0.00, 平仓盈亏: 0.00, 市值: 0.00, 保证金: 0.00, 手续费: 0.00, 风险度: 0.00%
    INFO - 日期: 2020-05-22, 账户权益: 10000000.00, 可用资金: 10000000.00, 浮动盈亏: 0.00, 持仓盈亏: 0.00, 平仓盈亏: 0.00, 市值: 0.00, 保证金: 0.00, 手续费: 0.00, 风险度: 0.00%
    INFO - 日期: 2020-05-25, 账户权益: 10000000.00, 可用资金: 10000000.00, 浮动盈亏: 0.00, 持仓盈亏: 0.00, 平仓盈亏: 0.00, 市值: 0.00, 保证金: 0.00, 手续费: 0.00, 风险度: 0.00%
    INFO - 日期: 2020-05-26, 账户权益: 10000000.00, 可用资金: 10000000.00, 浮动盈亏: 0.00, 持仓盈亏: 0.00, 平仓盈亏: 0.00, 市值: 0.00, 保证金: 0.00, 手续费: 0.00, 风险度: 0.00%
    INFO - 日期: 2020-05-27, 账户权益: 10000000.00, 可用资金: 10000000.00, 浮动盈亏: 0.00, 持仓盈亏: 0.00, 平仓盈亏: 0.00, 市值: 0.00, 保证金: 0.00, 手续费: 0.00, 风险度: 0.00%
    INFO - 日期: 2020-05-28, 账户权益: 10000000.00, 可用资金: 10000000.00, 浮动盈亏: 0.00, 持仓盈亏: 0.00, 平仓盈亏: 0.00, 市值: 0.00, 保证金: 0.00, 手续费: 0.00, 风险度: 0.00%
    INFO - 日期: 2020-05-29, 账户权益: 10000000.00, 可用资金: 10000000.00, 浮动盈亏: 0.00, 持仓盈亏: 0.00, 平仓盈亏: 0.00, 市值: 0.00, 保证金: 0.00, 手续费: 0.00, 风险度: 0.00%
    INFO - 日期: 2020-06-01, 账户权益: 10000000.00, 可用资金: 10000000.00, 浮动盈亏: 0.00, 持仓盈亏: 0.00, 平仓盈亏: 0.00, 市值: 0.00, 保证金: 0.00, 手续费: 0.00, 风险度: 0.00%
    INFO - 日期: 2020-06-02, 账户权益: 10000000.00, 可用资金: 10000000.00, 浮动盈亏: 0.00, 持仓盈亏: 0.00, 平仓盈亏: 0.00, 市值: 0.00, 保证金: 0.00, 手续费: 0.00, 风险度: 0.00%
    INFO - 日期: 2020-06-03, 账户权益: 10000000.00, 可用资金: 10000000.00, 浮动盈亏: 0.00, 持仓盈亏: 0.00, 平仓盈亏: 0.00, 市值: 0.00, 保证金: 0.00, 手续费: 0.00, 风险度: 0.00%
    INFO - 日期: 2020-06-04, 账户权益: 10000000.00, 可用资金: 10000000.00, 浮动盈亏: 0.00, 持仓盈亏: 0.00, 平仓盈亏: 0.00, 市值: 0.00, 保证金: 0.00, 手续费: 0.00, 风险度: 0.00%
    INFO - 日期: 2020-06-05, 账户权益: 10000000.00, 可用资金: 10000000.00, 浮动盈亏: 0.00, 持仓盈亏: 0.00, 平仓盈亏: 0.00, 市值: 0.00, 保证金: 0.00, 手续费: 0.00, 风险度: 0.00%
    INFO - 日期: 2020-06-08, 账户权益: 10000000.00, 可用资金: 10000000.00, 浮动盈亏: 0.00, 持仓盈亏: 0.00, 平仓盈亏: 0.00, 市值: 0.00, 保证金: 0.00, 手续费: 0.00, 风险度: 0.00%
    INFO - 日期: 2020-06-09, 账户权益: 10000000.00, 可用资金: 10000000.00, 浮动盈亏: 0.00, 持仓盈亏: 0.00, 平仓盈亏: 0.00, 市值: 0.00, 保证金: 0.00, 手续费: 0.00, 风险度: 0.00%
    INFO - 日期: 2020-06-10, 账户权益: 10000000.00, 可用资金: 10000000.00, 浮动盈亏: 0.00, 持仓盈亏: 0.00, 平仓盈亏: 0.00, 市值: 0.00, 保证金: 0.00, 手续费: 0.00, 风险度: 0.00%
    INFO - 日期: 2020-06-11, 账户权益: 10000000.00, 可用资金: 10000000.00, 浮动盈亏: 0.00, 持仓盈亏: 0.00, 平仓盈亏: 0.00, 市值: 0.00, 保证金: 0.00, 手续费: 0.00, 风险度: 0.00%
    INFO - 日期: 2020-06-12, 账户权益: 10000000.00, 可用资金: 10000000.00, 浮动盈亏: 0.00, 持仓盈亏: 0.00, 平仓盈亏: 0.00, 市值: 0.00, 保证金: 0.00, 手续费: 0.00, 风险度: 0.00%
    INFO - 日期: 2020-06-15, 账户权益: 10000000.00, 可用资金: 10000000.00, 浮动盈亏: 0.00, 持仓盈亏: 0.00, 平仓盈亏: 0.00, 市值: 0.00, 保证金: 0.00, 手续费: 0.00, 风险度: 0.00%
    INFO - 日期: 2020-06-16, 账户权益: 10000000.00, 可用资金: 10000000.00, 浮动盈亏: 0.00, 持仓盈亏: 0.00, 平仓盈亏: 0.00, 市值: 0.00, 保证金: 0.00, 手续费: 0.00, 风险度: 0.00%
    INFO - 日期: 2020-06-17, 账户权益: 10000000.00, 可用资金: 10000000.00, 浮动盈亏: 0.00, 持仓盈亏: 0.00, 平仓盈亏: 0.00, 市值: 0.00, 保证金: 0.00, 手续费: 0.00, 风险度: 0.00%
    INFO - 日期: 2020-06-18, 账户权益: 10000000.00, 可用资金: 10000000.00, 浮动盈亏: 0.00, 持仓盈亏: 0.00, 平仓盈亏: 0.00, 市值: 0.00, 保证金: 0.00, 手续费: 0.00, 风险度: 0.00%
    INFO - 日期: 2020-06-19, 账户权益: 10000000.00, 可用资金: 10000000.00, 浮动盈亏: 0.00, 持仓盈亏: 0.00, 平仓盈亏: 0.00, 市值: 0.00, 保证金: 0.00, 手续费: 0.00, 风险度: 0.00%
    INFO - 日期: 2020-06-22, 账户权益: 10000000.00, 可用资金: 10000000.00, 浮动盈亏: 0.00, 持仓盈亏: 0.00, 平仓盈亏: 0.00, 市值: 0.00, 保证金: 0.00, 手续费: 0.00, 风险度: 0.00%
    INFO - 日期: 2020-06-23, 账户权益: 10000000.00, 可用资金: 10000000.00, 浮动盈亏: 0.00, 持仓盈亏: 0.00, 平仓盈亏: 0.00, 市值: 0.00, 保证金: 0.00, 手续费: 0.00, 风险度: 0.00%
    INFO - 日期: 2020-06-24, 账户权益: 10000000.00, 可用资金: 10000000.00, 浮动盈亏: 0.00, 持仓盈亏: 0.00, 平仓盈亏: 0.00, 市值: 0.00, 保证金: 0.00, 手续费: 0.00, 风险度: 0.00%
    INFO - 日期: 2020-06-29, 账户权益: 10000000.00, 可用资金: 10000000.00, 浮动盈亏: 0.00, 持仓盈亏: 0.00, 平仓盈亏: 0.00, 市值: 0.00, 保证金: 0.00, 手续费: 0.00, 风险度: 0.00%
    INFO - 日期: 2020-06-30, 账户权益: 10000000.00, 可用资金: 10000000.00, 浮动盈亏: 0.00, 持仓盈亏: 0.00, 平仓盈亏: 0.00, 市值: 0.00, 保证金: 0.00, 手续费: 0.00, 风险度: 0.00%
    INFO - 日期: 2020-07-01, 账户权益: 10000000.00, 可用资金: 10000000.00, 浮动盈亏: 0.00, 持仓盈亏: 0.00, 平仓盈亏: 0.00, 市值: 0.00, 保证金: 0.00, 手续费: 0.00, 风险度: 0.00%
    INFO - 日期: 2020-07-02, 账户权益: 10000000.00, 可用资金: 10000000.00, 浮动盈亏: 0.00, 持仓盈亏: 0.00, 平仓盈亏: 0.00, 市值: 0.00, 保证金: 0.00, 手续费: 0.00, 风险度: 0.00%
    INFO - 日期: 2020-07-03, 账户权益: 10000000.00, 可用资金: 10000000.00, 浮动盈亏: 0.00, 持仓盈亏: 0.00, 平仓盈亏: 0.00, 市值: 0.00, 保证金: 0.00, 手续费: 0.00, 风险度: 0.00%
    INFO - 日期: 2020-07-06, 账户权益: 10000000.00, 可用资金: 10000000.00, 浮动盈亏: 0.00, 持仓盈亏: 0.00, 平仓盈亏: 0.00, 市值: 0.00, 保证金: 0.00, 手续费: 0.00, 风险度: 0.00%
    INFO - 日期: 2020-07-07, 账户权益: 10000000.00, 可用资金: 10000000.00, 浮动盈亏: 0.00, 持仓盈亏: 0.00, 平仓盈亏: 0.00, 市值: 0.00, 保证金: 0.00, 手续费: 0.00, 风险度: 0.00%
    INFO - 日期: 2020-07-08, 账户权益: 10000000.00, 可用资金: 10000000.00, 浮动盈亏: 0.00, 持仓盈亏: 0.00, 平仓盈亏: 0.00, 市值: 0.00, 保证金: 0.00, 手续费: 0.00, 风险度: 0.00%
    INFO - 日期: 2020-07-09, 账户权益: 10000000.00, 可用资金: 10000000.00, 浮动盈亏: 0.00, 持仓盈亏: 0.00, 平仓盈亏: 0.00, 市值: 0.00, 保证金: 0.00, 手续费: 0.00, 风险度: 0.00%
    INFO - 日期: 2020-07-10, 账户权益: 10000000.00, 可用资金: 10000000.00, 浮动盈亏: 0.00, 持仓盈亏: 0.00, 平仓盈亏: 0.00, 市值: 0.00, 保证金: 0.00, 手续费: 0.00, 风险度: 0.00%
    INFO - 日期: 2020-07-13, 账户权益: 10000000.00, 可用资金: 10000000.00, 浮动盈亏: 0.00, 持仓盈亏: 0.00, 平仓盈亏: 0.00, 市值: 0.00, 保证金: 0.00, 手续费: 0.00, 风险度: 0.00%
    INFO - 日期: 2020-07-14, 账户权益: 10000000.00, 可用资金: 10000000.00, 浮动盈亏: 0.00, 持仓盈亏: 0.00, 平仓盈亏: 0.00, 市值: 0.00, 保证金: 0.00, 手续费: 0.00, 风险度: 0.00%
    INFO - 日期: 2020-07-15, 账户权益: 10000000.00, 可用资金: 10000000.00, 浮动盈亏: 0.00, 持仓盈亏: 0.00, 平仓盈亏: 0.00, 市值: 0.00, 保证金: 0.00, 手续费: 0.00, 风险度: 0.00%
    INFO - 日期: 2020-07-16, 账户权益: 10000000.00, 可用资金: 10000000.00, 浮动盈亏: 0.00, 持仓盈亏: 0.00, 平仓盈亏: 0.00, 市值: 0.00, 保证金: 0.00, 手续费: 0.00, 风险度: 0.00%
    INFO - 日期: 2020-07-17, 账户权益: 10000000.00, 可用资金: 10000000.00, 浮动盈亏: 0.00, 持仓盈亏: 0.00, 平仓盈亏: 0.00, 市值: 0.00, 保证金: 0.00, 手续费: 0.00, 风险度: 0.00%
    INFO - 日期: 2020-07-20, 账户权益: 10000000.00, 可用资金: 10000000.00, 浮动盈亏: 0.00, 持仓盈亏: 0.00, 平仓盈亏: 0.00, 市值: 0.00, 保证金: 0.00, 手续费: 0.00, 风险度: 0.00%
    INFO - 日期: 2020-07-21, 账户权益: 10000000.00, 可用资金: 10000000.00, 浮动盈亏: 0.00, 持仓盈亏: 0.00, 平仓盈亏: 0.00, 市值: 0.00, 保证金: 0.00, 手续费: 0.00, 风险度: 0.00%
    INFO - 日期: 2020-07-22, 账户权益: 10000000.00, 可用资金: 10000000.00, 浮动盈亏: 0.00, 持仓盈亏: 0.00, 平仓盈亏: 0.00, 市值: 0.00, 保证金: 0.00, 手续费: 0.00, 风险度: 0.00%
    INFO - 日期: 2020-07-23, 账户权益: 10000000.00, 可用资金: 10000000.00, 浮动盈亏: 0.00, 持仓盈亏: 0.00, 平仓盈亏: 0.00, 市值: 0.00, 保证金: 0.00, 手续费: 0.00, 风险度: 0.00%
    INFO - 日期: 2020-07-24, 账户权益: 10000000.00, 可用资金: 10000000.00, 浮动盈亏: 0.00, 持仓盈亏: 0.00, 平仓盈亏: 0.00, 市值: 0.00, 保证金: 0.00, 手续费: 0.00, 风险度: 0.00%
    INFO - 日期: 2020-07-27, 账户权益: 10000000.00, 可用资金: 10000000.00, 浮动盈亏: 0.00, 持仓盈亏: 0.00, 平仓盈亏: 0.00, 市值: 0.00, 保证金: 0.00, 手续费: 0.00, 风险度: 0.00%
    INFO - 日期: 2020-07-28, 账户权益: 10000000.00, 可用资金: 10000000.00, 浮动盈亏: 0.00, 持仓盈亏: 0.00, 平仓盈亏: 0.00, 市值: 0.00, 保证金: 0.00, 手续费: 0.00, 风险度: 0.00%
    INFO - 日期: 2020-07-29, 账户权益: 10000000.00, 可用资金: 10000000.00, 浮动盈亏: 0.00, 持仓盈亏: 0.00, 平仓盈亏: 0.00, 市值: 0.00, 保证金: 0.00, 手续费: 0.00, 风险度: 0.00%
    INFO - 日期: 2020-07-30, 账户权益: 10000000.00, 可用资金: 10000000.00, 浮动盈亏: 0.00, 持仓盈亏: 0.00, 平仓盈亏: 0.00, 市值: 0.00, 保证金: 0.00, 手续费: 0.00, 风险度: 0.00%
    INFO - 日期: 2020-07-31, 账户权益: 10000000.00, 可用资金: 10000000.00, 浮动盈亏: 0.00, 持仓盈亏: 0.00, 平仓盈亏: 0.00, 市值: 0.00, 保证金: 0.00, 手续费: 0.00, 风险度: 0.00%
    INFO - 日期: 2020-08-03, 账户权益: 10000000.00, 可用资金: 10000000.00, 浮动盈亏: 0.00, 持仓盈亏: 0.00, 平仓盈亏: 0.00, 市值: 0.00, 保证金: 0.00, 手续费: 0.00, 风险度: 0.00%
    INFO - 日期: 2020-08-04, 账户权益: 10000000.00, 可用资金: 10000000.00, 浮动盈亏: 0.00, 持仓盈亏: 0.00, 平仓盈亏: 0.00, 市值: 0.00, 保证金: 0.00, 手续费: 0.00, 风险度: 0.00%
    INFO - 日期: 2020-08-05, 账户权益: 10000000.00, 可用资金: 10000000.00, 浮动盈亏: 0.00, 持仓盈亏: 0.00, 平仓盈亏: 0.00, 市值: 0.00, 保证金: 0.00, 手续费: 0.00, 风险度: 0.00%
    INFO - 日期: 2020-08-06, 账户权益: 10000000.00, 可用资金: 10000000.00, 浮动盈亏: 0.00, 持仓盈亏: 0.00, 平仓盈亏: 0.00, 市值: 0.00, 保证金: 0.00, 手续费: 0.00, 风险度: 0.00%
    INFO - 胜率: 0.00%, 盈亏额比例: inf, 收益率: 0.00%, 年化收益率: 0.00%, 最大回撤: 0.00%, 年化夏普率: inf,年化索提诺比率: -15.8114
    INFO - 回测结束
extracted rank=34 ru2009.SHFE SHFE.ru2009 rows=20730 elapsed=22.46
    INFO - 模拟交易成交记录, 账户: TQSIM
    INFO - 模拟交易账户资金, 账户: TQSIM
    INFO - 日期: 2020-04-03, 账户权益: 10000000.00, 可用资金: 10000000.00, 浮动盈亏: 0.00, 持仓盈亏: 0.00, 平仓盈亏: 0.00, 市值: 0.00, 保证金: 0.00, 手续费: 0.00, 风险度: 0.00%
    INFO - 日期: 2020-04-07, 账户权益: 10000000.00, 可用资金: 10000000.00, 浮动盈亏: 0.00, 持仓盈亏: 0.00, 平仓盈亏: 0.00, 市值: 0.00, 保证金: 0.00, 手续费: 0.00, 风险度: 0.00%
    INFO - 日期: 2020-04-08, 账户权益: 10000000.00, 可用资金: 10000000.00, 浮动盈亏: 0.00, 持仓盈亏: 0.00, 平仓盈亏: 0.00, 市值: 0.00, 保证金: 0.00, 手续费: 0.00, 风险度: 0.00%
    INFO - 日期: 2020-04-09, 账户权益: 10000000.00, 可用资金: 10000000.00, 浮动盈亏: 0.00, 持仓盈亏: 0.00, 平仓盈亏: 0.00, 市值: 0.00, 保证金: 0.00, 手续费: 0.00, 风险度: 0.00%
    INFO - 日期: 2020-04-10, 账户权益: 10000000.00, 可用资金: 10000000.00, 浮动盈亏: 0.00, 持仓盈亏: 0.00, 平仓盈亏: 0.00, 市值: 0.00, 保证金: 0.00, 手续费: 0.00, 风险度: 0.00%
    INFO - 日期: 2020-04-13, 账户权益: 10000000.00, 可用资金: 10000000.00, 浮动盈亏: 0.00, 持仓盈亏: 0.00, 平仓盈亏: 0.00, 市值: 0.00, 保证金: 0.00, 手续费: 0.00, 风险度: 0.00%
    INFO - 日期: 2020-04-14, 账户权益: 10000000.00, 可用资金: 10000000.00, 浮动盈亏: 0.00, 持仓盈亏: 0.00, 平仓盈亏: 0.00, 市值: 0.00, 保证金: 0.00, 手续费: 0.00, 风险度: 0.00%
    INFO - 日期: 2020-04-15, 账户权益: 10000000.00, 可用资金: 10000000.00, 浮动盈亏: 0.00, 持仓盈亏: 0.00, 平仓盈亏: 0.00, 市值: 0.00, 保证金: 0.00, 手续费: 0.00, 风险度: 0.00%
    INFO - 日期: 2020-04-16, 账户权益: 10000000.00, 可用资金: 10000000.00, 浮动盈亏: 0.00, 持仓盈亏: 0.00, 平仓盈亏: 0.00, 市值: 0.00, 保证金: 0.00, 手续费: 0.00, 风险度: 0.00%
    INFO - 日期: 2020-04-17, 账户权益: 10000000.00, 可用资金: 10000000.00, 浮动盈亏: 0.00, 持仓盈亏: 0.00, 平仓盈亏: 0.00, 市值: 0.00, 保证金: 0.00, 手续费: 0.00, 风险度: 0.00%
    INFO - 日期: 2020-04-20, 账户权益: 10000000.00, 可用资金: 10000000.00, 浮动盈亏: 0.00, 持仓盈亏: 0.00, 平仓盈亏: 0.00, 市值: 0.00, 保证金: 0.00, 手续费: 0.00, 风险度: 0.00%
    INFO - 日期: 2020-04-21, 账户权益: 10000000.00, 可用资金: 10000000.00, 浮动盈亏: 0.00, 持仓盈亏: 0.00, 平仓盈亏: 0.00, 市值: 0.00, 保证金: 0.00, 手续费: 0.00, 风险度: 0.00%
    INFO - 日期: 2020-04-22, 账户权益: 10000000.00, 可用资金: 10000000.00, 浮动盈亏: 0.00, 持仓盈亏: 0.00, 平仓盈亏: 0.00, 市值: 0.00, 保证金: 0.00, 手续费: 0.00, 风险度: 0.00%
    INFO - 日期: 2020-04-23, 账户权益: 10000000.00, 可用资金: 10000000.00, 浮动盈亏: 0.00, 持仓盈亏: 0.00, 平仓盈亏: 0.00, 市值: 0.00, 保证金: 0.00, 手续费: 0.00, 风险度: 0.00%
    INFO - 日期: 2020-04-24, 账户权益: 10000000.00, 可用资金: 10000000.00, 浮动盈亏: 0.00, 持仓盈亏: 0.00, 平仓盈亏: 0.00, 市值: 0.00, 保证金: 0.00, 手续费: 0.00, 风险度: 0.00%
    INFO - 日期: 2020-04-27, 账户权益: 10000000.00, 可用资金: 10000000.00, 浮动盈亏: 0.00, 持仓盈亏: 0.00, 平仓盈亏: 0.00, 市值: 0.00, 保证金: 0.00, 手续费: 0.00, 风险度: 0.00%
    INFO - 日期: 2020-04-28, 账户权益: 10000000.00, 可用资金: 10000000.00, 浮动盈亏: 0.00, 持仓盈亏: 0.00, 平仓盈亏: 0.00, 市值: 0.00, 保证金: 0.00, 手续费: 0.00, 风险度: 0.00%
    INFO - 日期: 2020-04-29, 账户权益: 10000000.00, 可用资金: 10000000.00, 浮动盈亏: 0.00, 持仓盈亏: 0.00, 平仓盈亏: 0.00, 市值: 0.00, 保证金: 0.00, 手续费: 0.00, 风险度: 0.00%
    INFO - 日期: 2020-04-30, 账户权益: 10000000.00, 可用资金: 10000000.00, 浮动盈亏: 0.00, 持仓盈亏: 0.00, 平仓盈亏: 0.00, 市值: 0.00, 保证金: 0.00, 手续费: 0.00, 风险度: 0.00%
    INFO - 日期: 2020-05-06, 账户权益: 10000000.00, 可用资金: 10000000.00, 浮动盈亏: 0.00, 持仓盈亏: 0.00, 平仓盈亏: 0.00, 市值: 0.00, 保证金: 0.00, 手续费: 0.00, 风险度: 0.00%
    INFO - 日期: 2020-05-07, 账户权益: 10000000.00, 可用资金: 10000000.00, 浮动盈亏: 0.00, 持仓盈亏: 0.00, 平仓盈亏: 0.00, 市值: 0.00, 保证金: 0.00, 手续费: 0.00, 风险度: 0.00%
    INFO - 日期: 2020-05-08, 账户权益: 10000000.00, 可用资金: 10000000.00, 浮动盈亏: 0.00, 持仓盈亏: 0.00, 平仓盈亏: 0.00, 市值: 0.00, 保证金: 0.00, 手续费: 0.00, 风险度: 0.00%
    INFO - 日期: 2020-05-11, 账户权益: 10000000.00, 可用资金: 10000000.00, 浮动盈亏: 0.00, 持仓盈亏: 0.00, 平仓盈亏: 0.00, 市值: 0.00, 保证金: 0.00, 手续费: 0.00, 风险度: 0.00%
    INFO - 日期: 2020-05-12, 账户权益: 10000000.00, 可用资金: 10000000.00, 浮动盈亏: 0.00, 持仓盈亏: 0.00, 平仓盈亏: 0.00, 市值: 0.00, 保证金: 0.00, 手续费: 0.00, 风险度: 0.00%
    INFO - 日期: 2020-05-13, 账户权益: 10000000.00, 可用资金: 10000000.00, 浮动盈亏: 0.00, 持仓盈亏: 0.00, 平仓盈亏: 0.00, 市值: 0.00, 保证金: 0.00, 手续费: 0.00, 风险度: 0.00%
    INFO - 日期: 2020-05-14, 账户权益: 10000000.00, 可用资金: 10000000.00, 浮动盈亏: 0.00, 持仓盈亏: 0.00, 平仓盈亏: 0.00, 市值: 0.00, 保证金: 0.00, 手续费: 0.00, 风险度: 0.00%
    INFO - 日期: 2020-05-15, 账户权益: 10000000.00, 可用资金: 10000000.00, 浮动盈亏: 0.00, 持仓盈亏: 0.00, 平仓盈亏: 0.00, 市值: 0.00, 保证金: 0.00, 手续费: 0.00, 风险度: 0.00%
    INFO - 日期: 2020-05-18, 账户权益: 10000000.00, 可用资金: 10000000.00, 浮动盈亏: 0.00, 持仓盈亏: 0.00, 平仓盈亏: 0.00, 市值: 0.00, 保证金: 0.00, 手续费: 0.00, 风险度: 0.00%
    INFO - 日期: 2020-05-19, 账户权益: 10000000.00, 可用资金: 10000000.00, 浮动盈亏: 0.00, 持仓盈亏: 0.00, 平仓盈亏: 0.00, 市值: 0.00, 保证金: 0.00, 手续费: 0.00, 风险度: 0.00%
    INFO - 日期: 2020-05-20, 账户权益: 10000000.00, 可用资金: 10000000.00, 浮动盈亏: 0.00, 持仓盈亏: 0.00, 平仓盈亏: 0.00, 市值: 0.00, 保证金: 0.00, 手续费: 0.00, 风险度: 0.00%
    INFO - 日期: 2020-05-21, 账户权益: 10000000.00, 可用资金: 10000000.00, 浮动盈亏: 0.00, 持仓盈亏: 0.00, 平仓盈亏: 0.00, 市值: 0.00, 保证金: 0.00, 手续费: 0.00, 风险度: 0.00%
    INFO - 日期: 2020-05-22, 账户权益: 10000000.00, 可用资金: 10000000.00, 浮动盈亏: 0.00, 持仓盈亏: 0.00, 平仓盈亏: 0.00, 市值: 0.00, 保证金: 0.00, 手续费: 0.00, 风险度: 0.00%
    INFO - 日期: 2020-05-25, 账户权益: 10000000.00, 可用资金: 10000000.00, 浮动盈亏: 0.00, 持仓盈亏: 0.00, 平仓盈亏: 0.00, 市值: 0.00, 保证金: 0.00, 手续费: 0.00, 风险度: 0.00%
    INFO - 日期: 2020-05-26, 账户权益: 10000000.00, 可用资金: 10000000.00, 浮动盈亏: 0.00, 持仓盈亏: 0.00, 平仓盈亏: 0.00, 市值: 0.00, 保证金: 0.00, 手续费: 0.00, 风险度: 0.00%
    INFO - 日期: 2020-05-27, 账户权益: 10000000.00, 可用资金: 10000000.00, 浮动盈亏: 0.00, 持仓盈亏: 0.00, 平仓盈亏: 0.00, 市值: 0.00, 保证金: 0.00, 手续费: 0.00, 风险度: 0.00%
    INFO - 日期: 2020-05-28, 账户权益: 10000000.00, 可用资金: 10000000.00, 浮动盈亏: 0.00, 持仓盈亏: 0.00, 平仓盈亏: 0.00, 市值: 0.00, 保证金: 0.00, 手续费: 0.00, 风险度: 0.00%
    INFO - 日期: 2020-05-29, 账户权益: 10000000.00, 可用资金: 10000000.00, 浮动盈亏: 0.00, 持仓盈亏: 0.00, 平仓盈亏: 0.00, 市值: 0.00, 保证金: 0.00, 手续费: 0.00, 风险度: 0.00%
    INFO - 日期: 2020-06-01, 账户权益: 10000000.00, 可用资金: 10000000.00, 浮动盈亏: 0.00, 持仓盈亏: 0.00, 平仓盈亏: 0.00, 市值: 0.00, 保证金: 0.00, 手续费: 0.00, 风险度: 0.00%
    INFO - 日期: 2020-06-02, 账户权益: 10000000.00, 可用资金: 10000000.00, 浮动盈亏: 0.00, 持仓盈亏: 0.00, 平仓盈亏: 0.00, 市值: 0.00, 保证金: 0.00, 手续费: 0.00, 风险度: 0.00%
    INFO - 日期: 2020-06-03, 账户权益: 10000000.00, 可用资金: 10000000.00, 浮动盈亏: 0.00, 持仓盈亏: 0.00, 平仓盈亏: 0.00, 市值: 0.00, 保证金: 0.00, 手续费: 0.00, 风险度: 0.00%
    INFO - 日期: 2020-06-04, 账户权益: 10000000.00, 可用资金: 10000000.00, 浮动盈亏: 0.00, 持仓盈亏: 0.00, 平仓盈亏: 0.00, 市值: 0.00, 保证金: 0.00, 手续费: 0.00, 风险度: 0.00%
    INFO - 日期: 2020-06-05, 账户权益: 10000000.00, 可用资金: 10000000.00, 浮动盈亏: 0.00, 持仓盈亏: 0.00, 平仓盈亏: 0.00, 市值: 0.00, 保证金: 0.00, 手续费: 0.00, 风险度: 0.00%
    INFO - 日期: 2020-06-08, 账户权益: 10000000.00, 可用资金: 10000000.00, 浮动盈亏: 0.00, 持仓盈亏: 0.00, 平仓盈亏: 0.00, 市值: 0.00, 保证金: 0.00, 手续费: 0.00, 风险度: 0.00%
    INFO - 日期: 2020-06-09, 账户权益: 10000000.00, 可用资金: 10000000.00, 浮动盈亏: 0.00, 持仓盈亏: 0.00, 平仓盈亏: 0.00, 市值: 0.00, 保证金: 0.00, 手续费: 0.00, 风险度: 0.00%
    INFO - 日期: 2020-06-10, 账户权益: 10000000.00, 可用资金: 10000000.00, 浮动盈亏: 0.00, 持仓盈亏: 0.00, 平仓盈亏: 0.00, 市值: 0.00, 保证金: 0.00, 手续费: 0.00, 风险度: 0.00%
    INFO - 日期: 2020-06-11, 账户权益: 10000000.00, 可用资金: 10000000.00, 浮动盈亏: 0.00, 持仓盈亏: 0.00, 平仓盈亏: 0.00, 市值: 0.00, 保证金: 0.00, 手续费: 0.00, 风险度: 0.00%
    INFO - 日期: 2020-06-12, 账户权益: 10000000.00, 可用资金: 10000000.00, 浮动盈亏: 0.00, 持仓盈亏: 0.00, 平仓盈亏: 0.00, 市值: 0.00, 保证金: 0.00, 手续费: 0.00, 风险度: 0.00%
    INFO - 日期: 2020-06-15, 账户权益: 10000000.00, 可用资金: 10000000.00, 浮动盈亏: 0.00, 持仓盈亏: 0.00, 平仓盈亏: 0.00, 市值: 0.00, 保证金: 0.00, 手续费: 0.00, 风险度: 0.00%
    INFO - 日期: 2020-06-16, 账户权益: 10000000.00, 可用资金: 10000000.00, 浮动盈亏: 0.00, 持仓盈亏: 0.00, 平仓盈亏: 0.00, 市值: 0.00, 保证金: 0.00, 手续费: 0.00, 风险度: 0.00%
    INFO - 日期: 2020-06-17, 账户权益: 10000000.00, 可用资金: 10000000.00, 浮动盈亏: 0.00, 持仓盈亏: 0.00, 平仓盈亏: 0.00, 市值: 0.00, 保证金: 0.00, 手续费: 0.00, 风险度: 0.00%
    INFO - 日期: 2020-06-18, 账户权益: 10000000.00, 可用资金: 10000000.00, 浮动盈亏: 0.00, 持仓盈亏: 0.00, 平仓盈亏: 0.00, 市值: 0.00, 保证金: 0.00, 手续费: 0.00, 风险度: 0.00%
    INFO - 日期: 2020-06-19, 账户权益: 10000000.00, 可用资金: 10000000.00, 浮动盈亏: 0.00, 持仓盈亏: 0.00, 平仓盈亏: 0.00, 市值: 0.00, 保证金: 0.00, 手续费: 0.00, 风险度: 0.00%
    INFO - 日期: 2020-06-22, 账户权益: 10000000.00, 可用资金: 10000000.00, 浮动盈亏: 0.00, 持仓盈亏: 0.00, 平仓盈亏: 0.00, 市值: 0.00, 保证金: 0.00, 手续费: 0.00, 风险度: 0.00%
    INFO - 日期: 2020-06-23, 账户权益: 10000000.00, 可用资金: 10000000.00, 浮动盈亏: 0.00, 持仓盈亏: 0.00, 平仓盈亏: 0.00, 市值: 0.00, 保证金: 0.00, 手续费: 0.00, 风险度: 0.00%
    INFO - 日期: 2020-06-24, 账户权益: 10000000.00, 可用资金: 10000000.00, 浮动盈亏: 0.00, 持仓盈亏: 0.00, 平仓盈亏: 0.00, 市值: 0.00, 保证金: 0.00, 手续费: 0.00, 风险度: 0.00%
    INFO - 日期: 2020-06-29, 账户权益: 10000000.00, 可用资金: 10000000.00, 浮动盈亏: 0.00, 持仓盈亏: 0.00, 平仓盈亏: 0.00, 市值: 0.00, 保证金: 0.00, 手续费: 0.00, 风险度: 0.00%
    INFO - 日期: 2020-06-30, 账户权益: 10000000.00, 可用资金: 10000000.00, 浮动盈亏: 0.00, 持仓盈亏: 0.00, 平仓盈亏: 0.00, 市值: 0.00, 保证金: 0.00, 手续费: 0.00, 风险度: 0.00%
    INFO - 日期: 2020-07-01, 账户权益: 10000000.00, 可用资金: 10000000.00, 浮动盈亏: 0.00, 持仓盈亏: 0.00, 平仓盈亏: 0.00, 市值: 0.00, 保证金: 0.00, 手续费: 0.00, 风险度: 0.00%
    INFO - 日期: 2020-07-02, 账户权益: 10000000.00, 可用资金: 10000000.00, 浮动盈亏: 0.00, 持仓盈亏: 0.00, 平仓盈亏: 0.00, 市值: 0.00, 保证金: 0.00, 手续费: 0.00, 风险度: 0.00%
    INFO - 日期: 2020-07-03, 账户权益: 10000000.00, 可用资金: 10000000.00, 浮动盈亏: 0.00, 持仓盈亏: 0.00, 平仓盈亏: 0.00, 市值: 0.00, 保证金: 0.00, 手续费: 0.00, 风险度: 0.00%
    INFO - 日期: 2020-07-06, 账户权益: 10000000.00, 可用资金: 10000000.00, 浮动盈亏: 0.00, 持仓盈亏: 0.00, 平仓盈亏: 0.00, 市值: 0.00, 保证金: 0.00, 手续费: 0.00, 风险度: 0.00%
    INFO - 日期: 2020-07-07, 账户权益: 10000000.00, 可用资金: 10000000.00, 浮动盈亏: 0.00, 持仓盈亏: 0.00, 平仓盈亏: 0.00, 市值: 0.00, 保证金: 0.00, 手续费: 0.00, 风险度: 0.00%
    INFO - 日期: 2020-07-08, 账户权益: 10000000.00, 可用资金: 10000000.00, 浮动盈亏: 0.00, 持仓盈亏: 0.00, 平仓盈亏: 0.00, 市值: 0.00, 保证金: 0.00, 手续费: 0.00, 风险度: 0.00%
    INFO - 日期: 2020-07-09, 账户权益: 10000000.00, 可用资金: 10000000.00, 浮动盈亏: 0.00, 持仓盈亏: 0.00, 平仓盈亏: 0.00, 市值: 0.00, 保证金: 0.00, 手续费: 0.00, 风险度: 0.00%
    INFO - 日期: 2020-07-10, 账户权益: 10000000.00, 可用资金: 10000000.00, 浮动盈亏: 0.00, 持仓盈亏: 0.00, 平仓盈亏: 0.00, 市值: 0.00, 保证金: 0.00, 手续费: 0.00, 风险度: 0.00%
    INFO - 日期: 2020-07-13, 账户权益: 10000000.00, 可用资金: 10000000.00, 浮动盈亏: 0.00, 持仓盈亏: 0.00, 平仓盈亏: 0.00, 市值: 0.00, 保证金: 0.00, 手续费: 0.00, 风险度: 0.00%
    INFO - 日期: 2020-07-14, 账户权益: 10000000.00, 可用资金: 10000000.00, 浮动盈亏: 0.00, 持仓盈亏: 0.00, 平仓盈亏: 0.00, 市值: 0.00, 保证金: 0.00, 手续费: 0.00, 风险度: 0.00%
    INFO - 日期: 2020-07-15, 账户权益: 10000000.00, 可用资金: 10000000.00, 浮动盈亏: 0.00, 持仓盈亏: 0.00, 平仓盈亏: 0.00, 市值: 0.00, 保证金: 0.00, 手续费: 0.00, 风险度: 0.00%
    INFO - 日期: 2020-07-16, 账户权益: 10000000.00, 可用资金: 10000000.00, 浮动盈亏: 0.00, 持仓盈亏: 0.00, 平仓盈亏: 0.00, 市值: 0.00, 保证金: 0.00, 手续费: 0.00, 风险度: 0.00%
    INFO - 日期: 2020-07-17, 账户权益: 10000000.00, 可用资金: 10000000.00, 浮动盈亏: 0.00, 持仓盈亏: 0.00, 平仓盈亏: 0.00, 市值: 0.00, 保证金: 0.00, 手续费: 0.00, 风险度: 0.00%
    INFO - 日期: 2020-07-20, 账户权益: 10000000.00, 可用资金: 10000000.00, 浮动盈亏: 0.00, 持仓盈亏: 0.00, 平仓盈亏: 0.00, 市值: 0.00, 保证金: 0.00, 手续费: 0.00, 风险度: 0.00%
    INFO - 日期: 2020-07-21, 账户权益: 10000000.00, 可用资金: 10000000.00, 浮动盈亏: 0.00, 持仓盈亏: 0.00, 平仓盈亏: 0.00, 市值: 0.00, 保证金: 0.00, 手续费: 0.00, 风险度: 0.00%
    INFO - 日期: 2020-07-22, 账户权益: 10000000.00, 可用资金: 10000000.00, 浮动盈亏: 0.00, 持仓盈亏: 0.00, 平仓盈亏: 0.00, 市值: 0.00, 保证金: 0.00, 手续费: 0.00, 风险度: 0.00%
    INFO - 日期: 2020-07-23, 账户权益: 10000000.00, 可用资金: 10000000.00, 浮动盈亏: 0.00, 持仓盈亏: 0.00, 平仓盈亏: 0.00, 市值: 0.00, 保证金: 0.00, 手续费: 0.00, 风险度: 0.00%
    INFO - 日期: 2020-07-24, 账户权益: 10000000.00, 可用资金: 10000000.00, 浮动盈亏: 0.00, 持仓盈亏: 0.00, 平仓盈亏: 0.00, 市值: 0.00, 保证金: 0.00, 手续费: 0.00, 风险度: 0.00%
    INFO - 日期: 2020-07-27, 账户权益: 10000000.00, 可用资金: 10000000.00, 浮动盈亏: 0.00, 持仓盈亏: 0.00, 平仓盈亏: 0.00, 市值: 0.00, 保证金: 0.00, 手续费: 0.00, 风险度: 0.00%
    INFO - 日期: 2020-07-28, 账户权益: 10000000.00, 可用资金: 10000000.00, 浮动盈亏: 0.00, 持仓盈亏: 0.00, 平仓盈亏: 0.00, 市值: 0.00, 保证金: 0.00, 手续费: 0.00, 风险度: 0.00%
    INFO - 日期: 2020-07-29, 账户权益: 10000000.00, 可用资金: 10000000.00, 浮动盈亏: 0.00, 持仓盈亏: 0.00, 平仓盈亏: 0.00, 市值: 0.00, 保证金: 0.00, 手续费: 0.00, 风险度: 0.00%
    INFO - 胜率: 0.00%, 盈亏额比例: inf, 收益率: 0.00%, 年化收益率: 0.00%, 最大回撤: 0.00%, 年化夏普率: inf,年化索提诺比率: -15.8114
    INFO - 回测结束
extracted rank=35 sp2009.SHFE SHFE.sp2009 rows=23970 elapsed=25.43
    INFO - 回测结束
    INFO - 模拟交易成交记录, 账户: TQSIM
    INFO - 模拟交易账户资金, 账户: TQSIM
    INFO - 日期: 2020-08-21, 账户权益: 10000000.00, 可用资金: 10000000.00, 浮动盈亏: 0.00, 持仓盈亏: 0.00, 平仓盈亏: 0.00, 市值: 0.00, 保证金: 0.00, 手续费: 0.00, 风险度: 0.00%
    INFO - 日期: 2020-08-24, 账户权益: 10000000.00, 可用资金: 10000000.00, 浮动盈亏: 0.00, 持仓盈亏: 0.00, 平仓盈亏: 0.00, 市值: 0.00, 保证金: 0.00, 手续费: 0.00, 风险度: 0.00%
    INFO - 日期: 2020-08-25, 账户权益: 10000000.00, 可用资金: 10000000.00, 浮动盈亏: 0.00, 持仓盈亏: 0.00, 平仓盈亏: 0.00, 市值: 0.00, 保证金: 0.00, 手续费: 0.00, 风险度: 0.00%
    INFO - 日期: 2020-08-26, 账户权益: 10000000.00, 可用资金: 10000000.00, 浮动盈亏: 0.00, 持仓盈亏: 0.00, 平仓盈亏: 0.00, 市值: 0.00, 保证金: 0.00, 手续费: 0.00, 风险度: 0.00%
    INFO - 日期: 2020-08-27, 账户权益: 10000000.00, 可用资金: 10000000.00, 浮动盈亏: 0.00, 持仓盈亏: 0.00, 平仓盈亏: 0.00, 市值: 0.00, 保证金: 0.00, 手续费: 0.00, 风险度: 0.00%
    INFO - 日期: 2020-08-28, 账户权益: 10000000.00, 可用资金: 10000000.00, 浮动盈亏: 0.00, 持仓盈亏: 0.00, 平仓盈亏: 0.00, 市值: 0.00, 保证金: 0.00, 手续费: 0.00, 风险度: 0.00%
    INFO - 日期: 2020-08-31, 账户权益: 10000000.00, 可用资金: 10000000.00, 浮动盈亏: 0.00, 持仓盈亏: 0.00, 平仓盈亏: 0.00, 市值: 0.00, 保证金: 0.00, 手续费: 0.00, 风险度: 0.00%
    INFO - 日期: 2020-09-01, 账户权益: 10000000.00, 可用资金: 10000000.00, 浮动盈亏: 0.00, 持仓盈亏: 0.00, 平仓盈亏: 0.00, 市值: 0.00, 保证金: 0.00, 手续费: 0.00, 风险度: 0.00%
    INFO - 日期: 2020-09-02, 账户权益: 10000000.00, 可用资金: 10000000.00, 浮动盈亏: 0.00, 持仓盈亏: 0.00, 平仓盈亏: 0.00, 市值: 0.00, 保证金: 0.00, 手续费: 0.00, 风险度: 0.00%
    INFO - 日期: 2020-09-03, 账户权益: 10000000.00, 可用资金: 10000000.00, 浮动盈亏: 0.00, 持仓盈亏: 0.00, 平仓盈亏: 0.00, 市值: 0.00, 保证金: 0.00, 手续费: 0.00, 风险度: 0.00%
    INFO - 日期: 2020-09-04, 账户权益: 10000000.00, 可用资金: 10000000.00, 浮动盈亏: 0.00, 持仓盈亏: 0.00, 平仓盈亏: 0.00, 市值: 0.00, 保证金: 0.00, 手续费: 0.00, 风险度: 0.00%
    INFO - 日期: 2020-09-07, 账户权益: 10000000.00, 可用资金: 10000000.00, 浮动盈亏: 0.00, 持仓盈亏: 0.00, 平仓盈亏: 0.00, 市值: 0.00, 保证金: 0.00, 手续费: 0.00, 风险度: 0.00%
    INFO - 日期: 2020-09-08, 账户权益: 10000000.00, 可用资金: 10000000.00, 浮动盈亏: 0.00, 持仓盈亏: 0.00, 平仓盈亏: 0.00, 市值: 0.00, 保证金: 0.00, 手续费: 0.00, 风险度: 0.00%
    INFO - 日期: 2020-09-09, 账户权益: 10000000.00, 可用资金: 10000000.00, 浮动盈亏: 0.00, 持仓盈亏: 0.00, 平仓盈亏: 0.00, 市值: 0.00, 保证金: 0.00, 手续费: 0.00, 风险度: 0.00%
    INFO - 日期: 2020-09-10, 账户权益: 10000000.00, 可用资金: 10000000.00, 浮动盈亏: 0.00, 持仓盈亏: 0.00, 平仓盈亏: 0.00, 市值: 0.00, 保证金: 0.00, 手续费: 0.00, 风险度: 0.00%
    INFO - 日期: 2020-09-11, 账户权益: 10000000.00, 可用资金: 10000000.00, 浮动盈亏: 0.00, 持仓盈亏: 0.00, 平仓盈亏: 0.00, 市值: 0.00, 保证金: 0.00, 手续费: 0.00, 风险度: 0.00%
    INFO - 日期: 2020-09-14, 账户权益: 10000000.00, 可用资金: 10000000.00, 浮动盈亏: 0.00, 持仓盈亏: 0.00, 平仓盈亏: 0.00, 市值: 0.00, 保证金: 0.00, 手续费: 0.00, 风险度: 0.00%
    INFO - 日期: 2020-09-15, 账户权益: 10000000.00, 可用资金: 10000000.00, 浮动盈亏: 0.00, 持仓盈亏: 0.00, 平仓盈亏: 0.00, 市值: 0.00, 保证金: 0.00, 手续费: 0.00, 风险度: 0.00%
    INFO - 日期: 2020-09-16, 账户权益: 10000000.00, 可用资金: 10000000.00, 浮动盈亏: 0.00, 持仓盈亏: 0.00, 平仓盈亏: 0.00, 市值: 0.00, 保证金: 0.00, 手续费: 0.00, 风险度: 0.00%
    INFO - 日期: 2020-09-17, 账户权益: 10000000.00, 可用资金: 10000000.00, 浮动盈亏: 0.00, 持仓盈亏: 0.00, 平仓盈亏: 0.00, 市值: 0.00, 保证金: 0.00, 手续费: 0.00, 风险度: 0.00%
    INFO - 日期: 2020-09-18, 账户权益: 10000000.00, 可用资金: 10000000.00, 浮动盈亏: 0.00, 持仓盈亏: 0.00, 平仓盈亏: 0.00, 市值: 0.00, 保证金: 0.00, 手续费: 0.00, 风险度: 0.00%
    INFO - 日期: 2020-09-21, 账户权益: 10000000.00, 可用资金: 10000000.00, 浮动盈亏: 0.00, 持仓盈亏: 0.00, 平仓盈亏: 0.00, 市值: 0.00, 保证金: 0.00, 手续费: 0.00, 风险度: 0.00%
    INFO - 日期: 2020-09-22, 账户权益: 10000000.00, 可用资金: 10000000.00, 浮动盈亏: 0.00, 持仓盈亏: 0.00, 平仓盈亏: 0.00, 市值: 0.00, 保证金: 0.00, 手续费: 0.00, 风险度: 0.00%
    INFO - 日期: 2020-09-23, 账户权益: 10000000.00, 可用资金: 10000000.00, 浮动盈亏: 0.00, 持仓盈亏: 0.00, 平仓盈亏: 0.00, 市值: 0.00, 保证金: 0.00, 手续费: 0.00, 风险度: 0.00%
    INFO - 日期: 2020-09-24, 账户权益: 10000000.00, 可用资金: 10000000.00, 浮动盈亏: 0.00, 持仓盈亏: 0.00, 平仓盈亏: 0.00, 市值: 0.00, 保证金: 0.00, 手续费: 0.00, 风险度: 0.00%
    INFO - 日期: 2020-09-25, 账户权益: 10000000.00, 可用资金: 10000000.00, 浮动盈亏: 0.00, 持仓盈亏: 0.00, 平仓盈亏: 0.00, 市值: 0.00, 保证金: 0.00, 手续费: 0.00, 风险度: 0.00%
    INFO - 日期: 2020-09-28, 账户权益: 10000000.00, 可用资金: 10000000.00, 浮动盈亏: 0.00, 持仓盈亏: 0.00, 平仓盈亏: 0.00, 市值: 0.00, 保证金: 0.00, 手续费: 0.00, 风险度: 0.00%
    INFO - 日期: 2020-09-29, 账户权益: 10000000.00, 可用资金: 10000000.00, 浮动盈亏: 0.00, 持仓盈亏: 0.00, 平仓盈亏: 0.00, 市值: 0.00, 保证金: 0.00, 手续费: 0.00, 风险度: 0.00%
    INFO - 日期: 2020-09-30, 账户权益: 10000000.00, 可用资金: 10000000.00, 浮动盈亏: 0.00, 持仓盈亏: 0.00, 平仓盈亏: 0.00, 市值: 0.00, 保证金: 0.00, 手续费: 0.00, 风险度: 0.00%
    INFO - 日期: 2020-10-09, 账户权益: 10000000.00, 可用资金: 10000000.00, 浮动盈亏: 0.00, 持仓盈亏: 0.00, 平仓盈亏: 0.00, 市值: 0.00, 保证金: 0.00, 手续费: 0.00, 风险度: 0.00%
    INFO - 日期: 2020-10-12, 账户权益: 10000000.00, 可用资金: 10000000.00, 浮动盈亏: 0.00, 持仓盈亏: 0.00, 平仓盈亏: 0.00, 市值: 0.00, 保证金: 0.00, 手续费: 0.00, 风险度: 0.00%
    INFO - 日期: 2020-10-13, 账户权益: 10000000.00, 可用资金: 10000000.00, 浮动盈亏: 0.00, 持仓盈亏: 0.00, 平仓盈亏: 0.00, 市值: 0.00, 保证金: 0.00, 手续费: 0.00, 风险度: 0.00%
    INFO - 日期: 2020-10-14, 账户权益: 10000000.00, 可用资金: 10000000.00, 浮动盈亏: 0.00, 持仓盈亏: 0.00, 平仓盈亏: 0.00, 市值: 0.00, 保证金: 0.00, 手续费: 0.00, 风险度: 0.00%
    INFO - 日期: 2020-10-15, 账户权益: 10000000.00, 可用资金: 10000000.00, 浮动盈亏: 0.00, 持仓盈亏: 0.00, 平仓盈亏: 0.00, 市值: 0.00, 保证金: 0.00, 手续费: 0.00, 风险度: 0.00%
    INFO - 日期: 2020-10-16, 账户权益: 10000000.00, 可用资金: 10000000.00, 浮动盈亏: 0.00, 持仓盈亏: 0.00, 平仓盈亏: 0.00, 市值: 0.00, 保证金: 0.00, 手续费: 0.00, 风险度: 0.00%
    INFO - 日期: 2020-10-19, 账户权益: 10000000.00, 可用资金: 10000000.00, 浮动盈亏: 0.00, 持仓盈亏: 0.00, 平仓盈亏: 0.00, 市值: 0.00, 保证金: 0.00, 手续费: 0.00, 风险度: 0.00%
    INFO - 日期: 2020-10-20, 账户权益: 10000000.00, 可用资金: 10000000.00, 浮动盈亏: 0.00, 持仓盈亏: 0.00, 平仓盈亏: 0.00, 市值: 0.00, 保证金: 0.00, 手续费: 0.00, 风险度: 0.00%
    INFO - 日期: 2020-10-21, 账户权益: 10000000.00, 可用资金: 10000000.00, 浮动盈亏: 0.00, 持仓盈亏: 0.00, 平仓盈亏: 0.00, 市值: 0.00, 保证金: 0.00, 手续费: 0.00, 风险度: 0.00%
    INFO - 日期: 2020-10-22, 账户权益: 10000000.00, 可用资金: 10000000.00, 浮动盈亏: 0.00, 持仓盈亏: 0.00, 平仓盈亏: 0.00, 市值: 0.00, 保证金: 0.00, 手续费: 0.00, 风险度: 0.00%
    INFO - 日期: 2020-10-23, 账户权益: 10000000.00, 可用资金: 10000000.00, 浮动盈亏: 0.00, 持仓盈亏: 0.00, 平仓盈亏: 0.00, 市值: 0.00, 保证金: 0.00, 手续费: 0.00, 风险度: 0.00%
    INFO - 日期: 2020-10-26, 账户权益: 10000000.00, 可用资金: 10000000.00, 浮动盈亏: 0.00, 持仓盈亏: 0.00, 平仓盈亏: 0.00, 市值: 0.00, 保证金: 0.00, 手续费: 0.00, 风险度: 0.00%
    INFO - 胜率: 0.00%, 盈亏额比例: inf, 收益率: 0.00%, 年化收益率: 0.00%, 最大回撤: 0.00%, 年化夏普率: inf,年化索提诺比率: -15.8114
extracted rank=36 CF101.CZCE CZCE.CF101 rows=13469 elapsed=15.93
    INFO - 模拟交易成交记录, 账户: TQSIM
    INFO - 模拟交易账户资金, 账户: TQSIM
    INFO - 日期: 2020-05-29, 账户权益: 10000000.00, 可用资金: 10000000.00, 浮动盈亏: 0.00, 持仓盈亏: 0.00, 平仓盈亏: 0.00, 市值: 0.00, 保证金: 0.00, 手续费: 0.00, 风险度: 0.00%
    INFO - 日期: 2020-06-01, 账户权益: 10000000.00, 可用资金: 10000000.00, 浮动盈亏: 0.00, 持仓盈亏: 0.00, 平仓盈亏: 0.00, 市值: 0.00, 保证金: 0.00, 手续费: 0.00, 风险度: 0.00%
    INFO - 日期: 2020-06-02, 账户权益: 10000000.00, 可用资金: 10000000.00, 浮动盈亏: 0.00, 持仓盈亏: 0.00, 平仓盈亏: 0.00, 市值: 0.00, 保证金: 0.00, 手续费: 0.00, 风险度: 0.00%
    INFO - 日期: 2020-06-03, 账户权益: 10000000.00, 可用资金: 10000000.00, 浮动盈亏: 0.00, 持仓盈亏: 0.00, 平仓盈亏: 0.00, 市值: 0.00, 保证金: 0.00, 手续费: 0.00, 风险度: 0.00%
    INFO - 日期: 2020-06-04, 账户权益: 10000000.00, 可用资金: 10000000.00, 浮动盈亏: 0.00, 持仓盈亏: 0.00, 平仓盈亏: 0.00, 市值: 0.00, 保证金: 0.00, 手续费: 0.00, 风险度: 0.00%
    INFO - 日期: 2020-06-05, 账户权益: 10000000.00, 可用资金: 10000000.00, 浮动盈亏: 0.00, 持仓盈亏: 0.00, 平仓盈亏: 0.00, 市值: 0.00, 保证金: 0.00, 手续费: 0.00, 风险度: 0.00%
    INFO - 日期: 2020-06-08, 账户权益: 10000000.00, 可用资金: 10000000.00, 浮动盈亏: 0.00, 持仓盈亏: 0.00, 平仓盈亏: 0.00, 市值: 0.00, 保证金: 0.00, 手续费: 0.00, 风险度: 0.00%
    INFO - 日期: 2020-06-09, 账户权益: 10000000.00, 可用资金: 10000000.00, 浮动盈亏: 0.00, 持仓盈亏: 0.00, 平仓盈亏: 0.00, 市值: 0.00, 保证金: 0.00, 手续费: 0.00, 风险度: 0.00%
    INFO - 日期: 2020-06-10, 账户权益: 10000000.00, 可用资金: 10000000.00, 浮动盈亏: 0.00, 持仓盈亏: 0.00, 平仓盈亏: 0.00, 市值: 0.00, 保证金: 0.00, 手续费: 0.00, 风险度: 0.00%
    INFO - 日期: 2020-06-11, 账户权益: 10000000.00, 可用资金: 10000000.00, 浮动盈亏: 0.00, 持仓盈亏: 0.00, 平仓盈亏: 0.00, 市值: 0.00, 保证金: 0.00, 手续费: 0.00, 风险度: 0.00%
    INFO - 日期: 2020-06-12, 账户权益: 10000000.00, 可用资金: 10000000.00, 浮动盈亏: 0.00, 持仓盈亏: 0.00, 平仓盈亏: 0.00, 市值: 0.00, 保证金: 0.00, 手续费: 0.00, 风险度: 0.00%
    INFO - 日期: 2020-06-15, 账户权益: 10000000.00, 可用资金: 10000000.00, 浮动盈亏: 0.00, 持仓盈亏: 0.00, 平仓盈亏: 0.00, 市值: 0.00, 保证金: 0.00, 手续费: 0.00, 风险度: 0.00%
    INFO - 日期: 2020-06-16, 账户权益: 10000000.00, 可用资金: 10000000.00, 浮动盈亏: 0.00, 持仓盈亏: 0.00, 平仓盈亏: 0.00, 市值: 0.00, 保证金: 0.00, 手续费: 0.00, 风险度: 0.00%
    INFO - 日期: 2020-06-17, 账户权益: 10000000.00, 可用资金: 10000000.00, 浮动盈亏: 0.00, 持仓盈亏: 0.00, 平仓盈亏: 0.00, 市值: 0.00, 保证金: 0.00, 手续费: 0.00, 风险度: 0.00%
    INFO - 日期: 2020-06-18, 账户权益: 10000000.00, 可用资金: 10000000.00, 浮动盈亏: 0.00, 持仓盈亏: 0.00, 平仓盈亏: 0.00, 市值: 0.00, 保证金: 0.00, 手续费: 0.00, 风险度: 0.00%
    INFO - 日期: 2020-06-19, 账户权益: 10000000.00, 可用资金: 10000000.00, 浮动盈亏: 0.00, 持仓盈亏: 0.00, 平仓盈亏: 0.00, 市值: 0.00, 保证金: 0.00, 手续费: 0.00, 风险度: 0.00%
    INFO - 日期: 2020-06-22, 账户权益: 10000000.00, 可用资金: 10000000.00, 浮动盈亏: 0.00, 持仓盈亏: 0.00, 平仓盈亏: 0.00, 市值: 0.00, 保证金: 0.00, 手续费: 0.00, 风险度: 0.00%
    INFO - 日期: 2020-06-23, 账户权益: 10000000.00, 可用资金: 10000000.00, 浮动盈亏: 0.00, 持仓盈亏: 0.00, 平仓盈亏: 0.00, 市值: 0.00, 保证金: 0.00, 手续费: 0.00, 风险度: 0.00%
    INFO - 日期: 2020-06-24, 账户权益: 10000000.00, 可用资金: 10000000.00, 浮动盈亏: 0.00, 持仓盈亏: 0.00, 平仓盈亏: 0.00, 市值: 0.00, 保证金: 0.00, 手续费: 0.00, 风险度: 0.00%
    INFO - 日期: 2020-06-29, 账户权益: 10000000.00, 可用资金: 10000000.00, 浮动盈亏: 0.00, 持仓盈亏: 0.00, 平仓盈亏: 0.00, 市值: 0.00, 保证金: 0.00, 手续费: 0.00, 风险度: 0.00%
    INFO - 日期: 2020-06-30, 账户权益: 10000000.00, 可用资金: 10000000.00, 浮动盈亏: 0.00, 持仓盈亏: 0.00, 平仓盈亏: 0.00, 市值: 0.00, 保证金: 0.00, 手续费: 0.00, 风险度: 0.00%
    INFO - 日期: 2020-07-01, 账户权益: 10000000.00, 可用资金: 10000000.00, 浮动盈亏: 0.00, 持仓盈亏: 0.00, 平仓盈亏: 0.00, 市值: 0.00, 保证金: 0.00, 手续费: 0.00, 风险度: 0.00%
    INFO - 日期: 2020-07-02, 账户权益: 10000000.00, 可用资金: 10000000.00, 浮动盈亏: 0.00, 持仓盈亏: 0.00, 平仓盈亏: 0.00, 市值: 0.00, 保证金: 0.00, 手续费: 0.00, 风险度: 0.00%
    INFO - 日期: 2020-07-03, 账户权益: 10000000.00, 可用资金: 10000000.00, 浮动盈亏: 0.00, 持仓盈亏: 0.00, 平仓盈亏: 0.00, 市值: 0.00, 保证金: 0.00, 手续费: 0.00, 风险度: 0.00%
    INFO - 日期: 2020-07-06, 账户权益: 10000000.00, 可用资金: 10000000.00, 浮动盈亏: 0.00, 持仓盈亏: 0.00, 平仓盈亏: 0.00, 市值: 0.00, 保证金: 0.00, 手续费: 0.00, 风险度: 0.00%
    INFO - 日期: 2020-07-07, 账户权益: 10000000.00, 可用资金: 10000000.00, 浮动盈亏: 0.00, 持仓盈亏: 0.00, 平仓盈亏: 0.00, 市值: 0.00, 保证金: 0.00, 手续费: 0.00, 风险度: 0.00%
    INFO - 日期: 2020-07-08, 账户权益: 10000000.00, 可用资金: 10000000.00, 浮动盈亏: 0.00, 持仓盈亏: 0.00, 平仓盈亏: 0.00, 市值: 0.00, 保证金: 0.00, 手续费: 0.00, 风险度: 0.00%
    INFO - 日期: 2020-07-09, 账户权益: 10000000.00, 可用资金: 10000000.00, 浮动盈亏: 0.00, 持仓盈亏: 0.00, 平仓盈亏: 0.00, 市值: 0.00, 保证金: 0.00, 手续费: 0.00, 风险度: 0.00%
    INFO - 日期: 2020-07-10, 账户权益: 10000000.00, 可用资金: 10000000.00, 浮动盈亏: 0.00, 持仓盈亏: 0.00, 平仓盈亏: 0.00, 市值: 0.00, 保证金: 0.00, 手续费: 0.00, 风险度: 0.00%
    INFO - 日期: 2020-07-13, 账户权益: 10000000.00, 可用资金: 10000000.00, 浮动盈亏: 0.00, 持仓盈亏: 0.00, 平仓盈亏: 0.00, 市值: 0.00, 保证金: 0.00, 手续费: 0.00, 风险度: 0.00%
    INFO - 日期: 2020-07-14, 账户权益: 10000000.00, 可用资金: 10000000.00, 浮动盈亏: 0.00, 持仓盈亏: 0.00, 平仓盈亏: 0.00, 市值: 0.00, 保证金: 0.00, 手续费: 0.00, 风险度: 0.00%
    INFO - 日期: 2020-07-15, 账户权益: 10000000.00, 可用资金: 10000000.00, 浮动盈亏: 0.00, 持仓盈亏: 0.00, 平仓盈亏: 0.00, 市值: 0.00, 保证金: 0.00, 手续费: 0.00, 风险度: 0.00%
    INFO - 日期: 2020-07-16, 账户权益: 10000000.00, 可用资金: 10000000.00, 浮动盈亏: 0.00, 持仓盈亏: 0.00, 平仓盈亏: 0.00, 市值: 0.00, 保证金: 0.00, 手续费: 0.00, 风险度: 0.00%
    INFO - 日期: 2020-07-17, 账户权益: 10000000.00, 可用资金: 10000000.00, 浮动盈亏: 0.00, 持仓盈亏: 0.00, 平仓盈亏: 0.00, 市值: 0.00, 保证金: 0.00, 手续费: 0.00, 风险度: 0.00%
    INFO - 日期: 2020-07-20, 账户权益: 10000000.00, 可用资金: 10000000.00, 浮动盈亏: 0.00, 持仓盈亏: 0.00, 平仓盈亏: 0.00, 市值: 0.00, 保证金: 0.00, 手续费: 0.00, 风险度: 0.00%
    INFO - 日期: 2020-07-21, 账户权益: 10000000.00, 可用资金: 10000000.00, 浮动盈亏: 0.00, 持仓盈亏: 0.00, 平仓盈亏: 0.00, 市值: 0.00, 保证金: 0.00, 手续费: 0.00, 风险度: 0.00%
    INFO - 日期: 2020-07-22, 账户权益: 10000000.00, 可用资金: 10000000.00, 浮动盈亏: 0.00, 持仓盈亏: 0.00, 平仓盈亏: 0.00, 市值: 0.00, 保证金: 0.00, 手续费: 0.00, 风险度: 0.00%
    INFO - 日期: 2020-07-23, 账户权益: 10000000.00, 可用资金: 10000000.00, 浮动盈亏: 0.00, 持仓盈亏: 0.00, 平仓盈亏: 0.00, 市值: 0.00, 保证金: 0.00, 手续费: 0.00, 风险度: 0.00%
    INFO - 日期: 2020-07-24, 账户权益: 10000000.00, 可用资金: 10000000.00, 浮动盈亏: 0.00, 持仓盈亏: 0.00, 平仓盈亏: 0.00, 市值: 0.00, 保证金: 0.00, 手续费: 0.00, 风险度: 0.00%
    INFO - 日期: 2020-07-27, 账户权益: 10000000.00, 可用资金: 10000000.00, 浮动盈亏: 0.00, 持仓盈亏: 0.00, 平仓盈亏: 0.00, 市值: 0.00, 保证金: 0.00, 手续费: 0.00, 风险度: 0.00%
    INFO - 日期: 2020-07-28, 账户权益: 10000000.00, 可用资金: 10000000.00, 浮动盈亏: 0.00, 持仓盈亏: 0.00, 平仓盈亏: 0.00, 市值: 0.00, 保证金: 0.00, 手续费: 0.00, 风险度: 0.00%
    INFO - 日期: 2020-07-29, 账户权益: 10000000.00, 可用资金: 10000000.00, 浮动盈亏: 0.00, 持仓盈亏: 0.00, 平仓盈亏: 0.00, 市值: 0.00, 保证金: 0.00, 手续费: 0.00, 风险度: 0.00%
    INFO - 日期: 2020-07-30, 账户权益: 10000000.00, 可用资金: 10000000.00, 浮动盈亏: 0.00, 持仓盈亏: 0.00, 平仓盈亏: 0.00, 市值: 0.00, 保证金: 0.00, 手续费: 0.00, 风险度: 0.00%
    INFO - 日期: 2020-07-31, 账户权益: 10000000.00, 可用资金: 10000000.00, 浮动盈亏: 0.00, 持仓盈亏: 0.00, 平仓盈亏: 0.00, 市值: 0.00, 保证金: 0.00, 手续费: 0.00, 风险度: 0.00%
    INFO - 日期: 2020-08-03, 账户权益: 10000000.00, 可用资金: 10000000.00, 浮动盈亏: 0.00, 持仓盈亏: 0.00, 平仓盈亏: 0.00, 市值: 0.00, 保证金: 0.00, 手续费: 0.00, 风险度: 0.00%
    INFO - 日期: 2020-08-04, 账户权益: 10000000.00, 可用资金: 10000000.00, 浮动盈亏: 0.00, 持仓盈亏: 0.00, 平仓盈亏: 0.00, 市值: 0.00, 保证金: 0.00, 手续费: 0.00, 风险度: 0.00%
    INFO - 日期: 2020-08-05, 账户权益: 10000000.00, 可用资金: 10000000.00, 浮动盈亏: 0.00, 持仓盈亏: 0.00, 平仓盈亏: 0.00, 市值: 0.00, 保证金: 0.00, 手续费: 0.00, 风险度: 0.00%
    INFO - 日期: 2020-08-06, 账户权益: 10000000.00, 可用资金: 10000000.00, 浮动盈亏: 0.00, 持仓盈亏: 0.00, 平仓盈亏: 0.00, 市值: 0.00, 保证金: 0.00, 手续费: 0.00, 风险度: 0.00%
    INFO - 日期: 2020-08-07, 账户权益: 10000000.00, 可用资金: 10000000.00, 浮动盈亏: 0.00, 持仓盈亏: 0.00, 平仓盈亏: 0.00, 市值: 0.00, 保证金: 0.00, 手续费: 0.00, 风险度: 0.00%
    INFO - 日期: 2020-08-10, 账户权益: 10000000.00, 可用资金: 10000000.00, 浮动盈亏: 0.00, 持仓盈亏: 0.00, 平仓盈亏: 0.00, 市值: 0.00, 保证金: 0.00, 手续费: 0.00, 风险度: 0.00%
    INFO - 日期: 2020-08-11, 账户权益: 10000000.00, 可用资金: 10000000.00, 浮动盈亏: 0.00, 持仓盈亏: 0.00, 平仓盈亏: 0.00, 市值: 0.00, 保证金: 0.00, 手续费: 0.00, 风险度: 0.00%
    INFO - 胜率: 0.00%, 盈亏额比例: inf, 收益率: 0.00%, 年化收益率: 0.00%, 最大回撤: 0.00%, 年化夏普率: inf,年化索提诺比率: -15.8114
    INFO - 回测结束
extracted rank=37 OI009.CZCE CZCE.OI009 rows=16935 elapsed=18.43
    INFO - 回测结束
    INFO - 模拟交易成交记录, 账户: TQSIM
    INFO - 模拟交易账户资金, 账户: TQSIM
    INFO - 日期: 2020-08-14, 账户权益: 10000000.00, 可用资金: 10000000.00, 浮动盈亏: 0.00, 持仓盈亏: 0.00, 平仓盈亏: 0.00, 市值: 0.00, 保证金: 0.00, 手续费: 0.00, 风险度: 0.00%
    INFO - 日期: 2020-08-17, 账户权益: 10000000.00, 可用资金: 10000000.00, 浮动盈亏: 0.00, 持仓盈亏: 0.00, 平仓盈亏: 0.00, 市值: 0.00, 保证金: 0.00, 手续费: 0.00, 风险度: 0.00%
    INFO - 日期: 2020-08-18, 账户权益: 10000000.00, 可用资金: 10000000.00, 浮动盈亏: 0.00, 持仓盈亏: 0.00, 平仓盈亏: 0.00, 市值: 0.00, 保证金: 0.00, 手续费: 0.00, 风险度: 0.00%
    INFO - 日期: 2020-08-19, 账户权益: 10000000.00, 可用资金: 10000000.00, 浮动盈亏: 0.00, 持仓盈亏: 0.00, 平仓盈亏: 0.00, 市值: 0.00, 保证金: 0.00, 手续费: 0.00, 风险度: 0.00%
    INFO - 日期: 2020-08-20, 账户权益: 10000000.00, 可用资金: 10000000.00, 浮动盈亏: 0.00, 持仓盈亏: 0.00, 平仓盈亏: 0.00, 市值: 0.00, 保证金: 0.00, 手续费: 0.00, 风险度: 0.00%
    INFO - 日期: 2020-08-21, 账户权益: 10000000.00, 可用资金: 10000000.00, 浮动盈亏: 0.00, 持仓盈亏: 0.00, 平仓盈亏: 0.00, 市值: 0.00, 保证金: 0.00, 手续费: 0.00, 风险度: 0.00%
    INFO - 日期: 2020-08-24, 账户权益: 10000000.00, 可用资金: 10000000.00, 浮动盈亏: 0.00, 持仓盈亏: 0.00, 平仓盈亏: 0.00, 市值: 0.00, 保证金: 0.00, 手续费: 0.00, 风险度: 0.00%
    INFO - 日期: 2020-08-25, 账户权益: 10000000.00, 可用资金: 10000000.00, 浮动盈亏: 0.00, 持仓盈亏: 0.00, 平仓盈亏: 0.00, 市值: 0.00, 保证金: 0.00, 手续费: 0.00, 风险度: 0.00%
    INFO - 日期: 2020-08-26, 账户权益: 10000000.00, 可用资金: 10000000.00, 浮动盈亏: 0.00, 持仓盈亏: 0.00, 平仓盈亏: 0.00, 市值: 0.00, 保证金: 0.00, 手续费: 0.00, 风险度: 0.00%
    INFO - 日期: 2020-08-27, 账户权益: 10000000.00, 可用资金: 10000000.00, 浮动盈亏: 0.00, 持仓盈亏: 0.00, 平仓盈亏: 0.00, 市值: 0.00, 保证金: 0.00, 手续费: 0.00, 风险度: 0.00%
    INFO - 日期: 2020-08-28, 账户权益: 10000000.00, 可用资金: 10000000.00, 浮动盈亏: 0.00, 持仓盈亏: 0.00, 平仓盈亏: 0.00, 市值: 0.00, 保证金: 0.00, 手续费: 0.00, 风险度: 0.00%
    INFO - 日期: 2020-08-31, 账户权益: 10000000.00, 可用资金: 10000000.00, 浮动盈亏: 0.00, 持仓盈亏: 0.00, 平仓盈亏: 0.00, 市值: 0.00, 保证金: 0.00, 手续费: 0.00, 风险度: 0.00%
    INFO - 日期: 2020-09-01, 账户权益: 10000000.00, 可用资金: 10000000.00, 浮动盈亏: 0.00, 持仓盈亏: 0.00, 平仓盈亏: 0.00, 市值: 0.00, 保证金: 0.00, 手续费: 0.00, 风险度: 0.00%
    INFO - 日期: 2020-09-02, 账户权益: 10000000.00, 可用资金: 10000000.00, 浮动盈亏: 0.00, 持仓盈亏: 0.00, 平仓盈亏: 0.00, 市值: 0.00, 保证金: 0.00, 手续费: 0.00, 风险度: 0.00%
    INFO - 日期: 2020-09-03, 账户权益: 10000000.00, 可用资金: 10000000.00, 浮动盈亏: 0.00, 持仓盈亏: 0.00, 平仓盈亏: 0.00, 市值: 0.00, 保证金: 0.00, 手续费: 0.00, 风险度: 0.00%
    INFO - 日期: 2020-09-04, 账户权益: 10000000.00, 可用资金: 10000000.00, 浮动盈亏: 0.00, 持仓盈亏: 0.00, 平仓盈亏: 0.00, 市值: 0.00, 保证金: 0.00, 手续费: 0.00, 风险度: 0.00%
    INFO - 日期: 2020-09-07, 账户权益: 10000000.00, 可用资金: 10000000.00, 浮动盈亏: 0.00, 持仓盈亏: 0.00, 平仓盈亏: 0.00, 市值: 0.00, 保证金: 0.00, 手续费: 0.00, 风险度: 0.00%
    INFO - 胜率: 0.00%, 盈亏额比例: inf, 收益率: 0.00%, 年化收益率: 0.00%, 最大回撤: 0.00%, 年化夏普率: inf,年化索提诺比率: -15.8114
extracted rank=38 sp2012.SHFE SHFE.sp2012 rows=5309 elapsed=7.84
cached_raw rank=39 SA501.CZCE CZCE.SA501 rows=150 elapsed=0.0
cached_raw rank=40 fu2205.SHFE SHFE.fu2205 rows=150 elapsed=0.0
cached_raw rank=41 jm2209.DCE DCE.jm2209 rows=150 elapsed=0.0
    INFO - 模拟交易成交记录, 账户: TQSIM
    INFO - 模拟交易账户资金, 账户: TQSIM
    INFO - 日期: 2021-09-30, 账户权益: 10000000.00, 可用资金: 10000000.00, 浮动盈亏: 0.00, 持仓盈亏: 0.00, 平仓盈亏: 0.00, 市值: 0.00, 保证金: 0.00, 手续费: 0.00, 风险度: 0.00%
    INFO - 日期: 2021-10-08, 账户权益: 10000000.00, 可用资金: 10000000.00, 浮动盈亏: 0.00, 持仓盈亏: 0.00, 平仓盈亏: 0.00, 市值: 0.00, 保证金: 0.00, 手续费: 0.00, 风险度: 0.00%
    INFO - 日期: 2021-10-11, 账户权益: 10000000.00, 可用资金: 10000000.00, 浮动盈亏: 0.00, 持仓盈亏: 0.00, 平仓盈亏: 0.00, 市值: 0.00, 保证金: 0.00, 手续费: 0.00, 风险度: 0.00%
    INFO - 日期: 2021-10-12, 账户权益: 10000000.00, 可用资金: 10000000.00, 浮动盈亏: 0.00, 持仓盈亏: 0.00, 平仓盈亏: 0.00, 市值: 0.00, 保证金: 0.00, 手续费: 0.00, 风险度: 0.00%
    INFO - 日期: 2021-10-13, 账户权益: 10000000.00, 可用资金: 10000000.00, 浮动盈亏: 0.00, 持仓盈亏: 0.00, 平仓盈亏: 0.00, 市值: 0.00, 保证金: 0.00, 手续费: 0.00, 风险度: 0.00%
    INFO - 日期: 2021-10-14, 账户权益: 10000000.00, 可用资金: 10000000.00, 浮动盈亏: 0.00, 持仓盈亏: 0.00, 平仓盈亏: 0.00, 市值: 0.00, 保证金: 0.00, 手续费: 0.00, 风险度: 0.00%
    INFO - 日期: 2021-10-15, 账户权益: 10000000.00, 可用资金: 10000000.00, 浮动盈亏: 0.00, 持仓盈亏: 0.00, 平仓盈亏: 0.00, 市值: 0.00, 保证金: 0.00, 手续费: 0.00, 风险度: 0.00%
    INFO - 日期: 2021-10-18, 账户权益: 10000000.00, 可用资金: 10000000.00, 浮动盈亏: 0.00, 持仓盈亏: 0.00, 平仓盈亏: 0.00, 市值: 0.00, 保证金: 0.00, 手续费: 0.00, 风险度: 0.00%
    INFO - 日期: 2021-10-19, 账户权益: 10000000.00, 可用资金: 10000000.00, 浮动盈亏: 0.00, 持仓盈亏: 0.00, 平仓盈亏: 0.00, 市值: 0.00, 保证金: 0.00, 手续费: 0.00, 风险度: 0.00%
    INFO - 日期: 2021-10-20, 账户权益: 10000000.00, 可用资金: 10000000.00, 浮动盈亏: 0.00, 持仓盈亏: 0.00, 平仓盈亏: 0.00, 市值: 0.00, 保证金: 0.00, 手续费: 0.00, 风险度: 0.00%
    INFO - 日期: 2021-10-21, 账户权益: 10000000.00, 可用资金: 10000000.00, 浮动盈亏: 0.00, 持仓盈亏: 0.00, 平仓盈亏: 0.00, 市值: 0.00, 保证金: 0.00, 手续费: 0.00, 风险度: 0.00%
    INFO - 日期: 2021-10-22, 账户权益: 10000000.00, 可用资金: 10000000.00, 浮动盈亏: 0.00, 持仓盈亏: 0.00, 平仓盈亏: 0.00, 市值: 0.00, 保证金: 0.00, 手续费: 0.00, 风险度: 0.00%
    INFO - 日期: 2021-10-25, 账户权益: 10000000.00, 可用资金: 10000000.00, 浮动盈亏: 0.00, 持仓盈亏: 0.00, 平仓盈亏: 0.00, 市值: 0.00, 保证金: 0.00, 手续费: 0.00, 风险度: 0.00%
    INFO - 日期: 2021-10-26, 账户权益: 10000000.00, 可用资金: 10000000.00, 浮动盈亏: 0.00, 持仓盈亏: 0.00, 平仓盈亏: 0.00, 市值: 0.00, 保证金: 0.00, 手续费: 0.00, 风险度: 0.00%
    INFO - 日期: 2021-10-27, 账户权益: 10000000.00, 可用资金: 10000000.00, 浮动盈亏: 0.00, 持仓盈亏: 0.00, 平仓盈亏: 0.00, 市值: 0.00, 保证金: 0.00, 手续费: 0.00, 风险度: 0.00%
    INFO - 日期: 2021-10-28, 账户权益: 10000000.00, 可用资金: 10000000.00, 浮动盈亏: 0.00, 持仓盈亏: 0.00, 平仓盈亏: 0.00, 市值: 0.00, 保证金: 0.00, 手续费: 0.00, 风险度: 0.00%
    INFO - 日期: 2021-10-29, 账户权益: 10000000.00, 可用资金: 10000000.00, 浮动盈亏: 0.00, 持仓盈亏: 0.00, 平仓盈亏: 0.00, 市值: 0.00, 保证金: 0.00, 手续费: 0.00, 风险度: 0.00%
    INFO - 日期: 2021-11-01, 账户权益: 10000000.00, 可用资金: 10000000.00, 浮动盈亏: 0.00, 持仓盈亏: 0.00, 平仓盈亏: 0.00, 市值: 0.00, 保证金: 0.00, 手续费: 0.00, 风险度: 0.00%
    INFO - 日期: 2021-11-02, 账户权益: 10000000.00, 可用资金: 10000000.00, 浮动盈亏: 0.00, 持仓盈亏: 0.00, 平仓盈亏: 0.00, 市值: 0.00, 保证金: 0.00, 手续费: 0.00, 风险度: 0.00%
    INFO - 日期: 2021-11-03, 账户权益: 10000000.00, 可用资金: 10000000.00, 浮动盈亏: 0.00, 持仓盈亏: 0.00, 平仓盈亏: 0.00, 市值: 0.00, 保证金: 0.00, 手续费: 0.00, 风险度: 0.00%
    INFO - 日期: 2021-11-04, 账户权益: 10000000.00, 可用资金: 10000000.00, 浮动盈亏: 0.00, 持仓盈亏: 0.00, 平仓盈亏: 0.00, 市值: 0.00, 保证金: 0.00, 手续费: 0.00, 风险度: 0.00%
    INFO - 日期: 2021-11-05, 账户权益: 10000000.00, 可用资金: 10000000.00, 浮动盈亏: 0.00, 持仓盈亏: 0.00, 平仓盈亏: 0.00, 市值: 0.00, 保证金: 0.00, 手续费: 0.00, 风险度: 0.00%
    INFO - 日期: 2021-11-08, 账户权益: 10000000.00, 可用资金: 10000000.00, 浮动盈亏: 0.00, 持仓盈亏: 0.00, 平仓盈亏: 0.00, 市值: 0.00, 保证金: 0.00, 手续费: 0.00, 风险度: 0.00%
    INFO - 日期: 2021-11-09, 账户权益: 10000000.00, 可用资金: 10000000.00, 浮动盈亏: 0.00, 持仓盈亏: 0.00, 平仓盈亏: 0.00, 市值: 0.00, 保证金: 0.00, 手续费: 0.00, 风险度: 0.00%
    INFO - 日期: 2021-11-10, 账户权益: 10000000.00, 可用资金: 10000000.00, 浮动盈亏: 0.00, 持仓盈亏: 0.00, 平仓盈亏: 0.00, 市值: 0.00, 保证金: 0.00, 手续费: 0.00, 风险度: 0.00%
    INFO - 日期: 2021-11-11, 账户权益: 10000000.00, 可用资金: 10000000.00, 浮动盈亏: 0.00, 持仓盈亏: 0.00, 平仓盈亏: 0.00, 市值: 0.00, 保证金: 0.00, 手续费: 0.00, 风险度: 0.00%
    INFO - 日期: 2021-11-12, 账户权益: 10000000.00, 可用资金: 10000000.00, 浮动盈亏: 0.00, 持仓盈亏: 0.00, 平仓盈亏: 0.00, 市值: 0.00, 保证金: 0.00, 手续费: 0.00, 风险度: 0.00%
    INFO - 日期: 2021-11-15, 账户权益: 10000000.00, 可用资金: 10000000.00, 浮动盈亏: 0.00, 持仓盈亏: 0.00, 平仓盈亏: 0.00, 市值: 0.00, 保证金: 0.00, 手续费: 0.00, 风险度: 0.00%
    INFO - 日期: 2021-11-16, 账户权益: 10000000.00, 可用资金: 10000000.00, 浮动盈亏: 0.00, 持仓盈亏: 0.00, 平仓盈亏: 0.00, 市值: 0.00, 保证金: 0.00, 手续费: 0.00, 风险度: 0.00%
    INFO - 日期: 2021-11-17, 账户权益: 10000000.00, 可用资金: 10000000.00, 浮动盈亏: 0.00, 持仓盈亏: 0.00, 平仓盈亏: 0.00, 市值: 0.00, 保证金: 0.00, 手续费: 0.00, 风险度: 0.00%
    INFO - 日期: 2021-11-18, 账户权益: 10000000.00, 可用资金: 10000000.00, 浮动盈亏: 0.00, 持仓盈亏: 0.00, 平仓盈亏: 0.00, 市值: 0.00, 保证金: 0.00, 手续费: 0.00, 风险度: 0.00%
    INFO - 日期: 2021-11-19, 账户权益: 10000000.00, 可用资金: 10000000.00, 浮动盈亏: 0.00, 持仓盈亏: 0.00, 平仓盈亏: 0.00, 市值: 0.00, 保证金: 0.00, 手续费: 0.00, 风险度: 0.00%
    INFO - 日期: 2021-11-22, 账户权益: 10000000.00, 可用资金: 10000000.00, 浮动盈亏: 0.00, 持仓盈亏: 0.00, 平仓盈亏: 0.00, 市值: 0.00, 保证金: 0.00, 手续费: 0.00, 风险度: 0.00%
    INFO - 日期: 2021-11-23, 账户权益: 10000000.00, 可用资金: 10000000.00, 浮动盈亏: 0.00, 持仓盈亏: 0.00, 平仓盈亏: 0.00, 市值: 0.00, 保证金: 0.00, 手续费: 0.00, 风险度: 0.00%
    INFO - 日期: 2021-11-24, 账户权益: 10000000.00, 可用资金: 10000000.00, 浮动盈亏: 0.00, 持仓盈亏: 0.00, 平仓盈亏: 0.00, 市值: 0.00, 保证金: 0.00, 手续费: 0.00, 风险度: 0.00%
    INFO - 胜率: 0.00%, 盈亏额比例: inf, 收益率: 0.00%, 年化收益率: 0.00%, 最大回撤: 0.00%, 年化夏普率: inf,年化索提诺比率: -15.8114
    INFO - 回测结束
extracted rank=42 jm2201.DCE DCE.jm2201 rows=11415 elapsed=13.04
    INFO - 模拟交易成交记录, 账户: TQSIM
    INFO - 模拟交易账户资金, 账户: TQSIM
    INFO - 日期: 2024-05-30, 账户权益: 10000000.00, 可用资金: 10000000.00, 浮动盈亏: 0.00, 持仓盈亏: 0.00, 平仓盈亏: 0.00, 市值: 0.00, 保证金: 0.00, 手续费: 0.00, 风险度: 0.00%
    INFO - 日期: 2024-05-31, 账户权益: 10000000.00, 可用资金: 10000000.00, 浮动盈亏: 0.00, 持仓盈亏: 0.00, 平仓盈亏: 0.00, 市值: 0.00, 保证金: 0.00, 手续费: 0.00, 风险度: 0.00%
    INFO - 日期: 2024-06-03, 账户权益: 10000000.00, 可用资金: 10000000.00, 浮动盈亏: 0.00, 持仓盈亏: 0.00, 平仓盈亏: 0.00, 市值: 0.00, 保证金: 0.00, 手续费: 0.00, 风险度: 0.00%
    INFO - 日期: 2024-06-04, 账户权益: 10000000.00, 可用资金: 10000000.00, 浮动盈亏: 0.00, 持仓盈亏: 0.00, 平仓盈亏: 0.00, 市值: 0.00, 保证金: 0.00, 手续费: 0.00, 风险度: 0.00%
    INFO - 日期: 2024-06-05, 账户权益: 10000000.00, 可用资金: 10000000.00, 浮动盈亏: 0.00, 持仓盈亏: 0.00, 平仓盈亏: 0.00, 市值: 0.00, 保证金: 0.00, 手续费: 0.00, 风险度: 0.00%
    INFO - 日期: 2024-06-06, 账户权益: 10000000.00, 可用资金: 10000000.00, 浮动盈亏: 0.00, 持仓盈亏: 0.00, 平仓盈亏: 0.00, 市值: 0.00, 保证金: 0.00, 手续费: 0.00, 风险度: 0.00%
    INFO - 日期: 2024-06-07, 账户权益: 10000000.00, 可用资金: 10000000.00, 浮动盈亏: 0.00, 持仓盈亏: 0.00, 平仓盈亏: 0.00, 市值: 0.00, 保证金: 0.00, 手续费: 0.00, 风险度: 0.00%
    INFO - 日期: 2024-06-11, 账户权益: 10000000.00, 可用资金: 10000000.00, 浮动盈亏: 0.00, 持仓盈亏: 0.00, 平仓盈亏: 0.00, 市值: 0.00, 保证金: 0.00, 手续费: 0.00, 风险度: 0.00%
    INFO - 日期: 2024-06-12, 账户权益: 10000000.00, 可用资金: 10000000.00, 浮动盈亏: 0.00, 持仓盈亏: 0.00, 平仓盈亏: 0.00, 市值: 0.00, 保证金: 0.00, 手续费: 0.00, 风险度: 0.00%
    INFO - 胜率: 0.00%, 盈亏额比例: inf, 收益率: 0.00%, 年化收益率: 0.00%, 最大回撤: 0.00%, 年化夏普率: inf,年化索提诺比率: -15.8114
    INFO - 回测结束
extracted rank=43 ru2409.SHFE SHFE.ru2409 rows=2445 elapsed=4.87
    INFO - 模拟交易成交记录, 账户: TQSIM
    INFO - 模拟交易账户资金, 账户: TQSIM
    INFO - 日期: 2023-06-02, 账户权益: 10000000.00, 可用资金: 10000000.00, 浮动盈亏: 0.00, 持仓盈亏: 0.00, 平仓盈亏: 0.00, 市值: 0.00, 保证金: 0.00, 手续费: 0.00, 风险度: 0.00%
    INFO - 日期: 2023-06-05, 账户权益: 10000000.00, 可用资金: 10000000.00, 浮动盈亏: 0.00, 持仓盈亏: 0.00, 平仓盈亏: 0.00, 市值: 0.00, 保证金: 0.00, 手续费: 0.00, 风险度: 0.00%
    INFO - 日期: 2023-06-06, 账户权益: 10000000.00, 可用资金: 10000000.00, 浮动盈亏: 0.00, 持仓盈亏: 0.00, 平仓盈亏: 0.00, 市值: 0.00, 保证金: 0.00, 手续费: 0.00, 风险度: 0.00%
    INFO - 日期: 2023-06-07, 账户权益: 10000000.00, 可用资金: 10000000.00, 浮动盈亏: 0.00, 持仓盈亏: 0.00, 平仓盈亏: 0.00, 市值: 0.00, 保证金: 0.00, 手续费: 0.00, 风险度: 0.00%
    INFO - 日期: 2023-06-08, 账户权益: 10000000.00, 可用资金: 10000000.00, 浮动盈亏: 0.00, 持仓盈亏: 0.00, 平仓盈亏: 0.00, 市值: 0.00, 保证金: 0.00, 手续费: 0.00, 风险度: 0.00%
    INFO - 日期: 2023-06-09, 账户权益: 10000000.00, 可用资金: 10000000.00, 浮动盈亏: 0.00, 持仓盈亏: 0.00, 平仓盈亏: 0.00, 市值: 0.00, 保证金: 0.00, 手续费: 0.00, 风险度: 0.00%
    INFO - 日期: 2023-06-12, 账户权益: 10000000.00, 可用资金: 10000000.00, 浮动盈亏: 0.00, 持仓盈亏: 0.00, 平仓盈亏: 0.00, 市值: 0.00, 保证金: 0.00, 手续费: 0.00, 风险度: 0.00%
    INFO - 日期: 2023-06-13, 账户权益: 10000000.00, 可用资金: 10000000.00, 浮动盈亏: 0.00, 持仓盈亏: 0.00, 平仓盈亏: 0.00, 市值: 0.00, 保证金: 0.00, 手续费: 0.00, 风险度: 0.00%
    INFO - 日期: 2023-06-14, 账户权益: 10000000.00, 可用资金: 10000000.00, 浮动盈亏: 0.00, 持仓盈亏: 0.00, 平仓盈亏: 0.00, 市值: 0.00, 保证金: 0.00, 手续费: 0.00, 风险度: 0.00%
    INFO - 日期: 2023-06-15, 账户权益: 10000000.00, 可用资金: 10000000.00, 浮动盈亏: 0.00, 持仓盈亏: 0.00, 平仓盈亏: 0.00, 市值: 0.00, 保证金: 0.00, 手续费: 0.00, 风险度: 0.00%
    INFO - 日期: 2023-06-16, 账户权益: 10000000.00, 可用资金: 10000000.00, 浮动盈亏: 0.00, 持仓盈亏: 0.00, 平仓盈亏: 0.00, 市值: 0.00, 保证金: 0.00, 手续费: 0.00, 风险度: 0.00%
    INFO - 日期: 2023-06-19, 账户权益: 10000000.00, 可用资金: 10000000.00, 浮动盈亏: 0.00, 持仓盈亏: 0.00, 平仓盈亏: 0.00, 市值: 0.00, 保证金: 0.00, 手续费: 0.00, 风险度: 0.00%
    INFO - 日期: 2023-06-20, 账户权益: 10000000.00, 可用资金: 10000000.00, 浮动盈亏: 0.00, 持仓盈亏: 0.00, 平仓盈亏: 0.00, 市值: 0.00, 保证金: 0.00, 手续费: 0.00, 风险度: 0.00%
    INFO - 日期: 2023-06-21, 账户权益: 10000000.00, 可用资金: 10000000.00, 浮动盈亏: 0.00, 持仓盈亏: 0.00, 平仓盈亏: 0.00, 市值: 0.00, 保证金: 0.00, 手续费: 0.00, 风险度: 0.00%
    INFO - 日期: 2023-06-26, 账户权益: 10000000.00, 可用资金: 10000000.00, 浮动盈亏: 0.00, 持仓盈亏: 0.00, 平仓盈亏: 0.00, 市值: 0.00, 保证金: 0.00, 手续费: 0.00, 风险度: 0.00%
    INFO - 日期: 2023-06-27, 账户权益: 10000000.00, 可用资金: 10000000.00, 浮动盈亏: 0.00, 持仓盈亏: 0.00, 平仓盈亏: 0.00, 市值: 0.00, 保证金: 0.00, 手续费: 0.00, 风险度: 0.00%
    INFO - 日期: 2023-06-28, 账户权益: 10000000.00, 可用资金: 10000000.00, 浮动盈亏: 0.00, 持仓盈亏: 0.00, 平仓盈亏: 0.00, 市值: 0.00, 保证金: 0.00, 手续费: 0.00, 风险度: 0.00%
    INFO - 日期: 2023-06-29, 账户权益: 10000000.00, 可用资金: 10000000.00, 浮动盈亏: 0.00, 持仓盈亏: 0.00, 平仓盈亏: 0.00, 市值: 0.00, 保证金: 0.00, 手续费: 0.00, 风险度: 0.00%
    INFO - 日期: 2023-06-30, 账户权益: 10000000.00, 可用资金: 10000000.00, 浮动盈亏: 0.00, 持仓盈亏: 0.00, 平仓盈亏: 0.00, 市值: 0.00, 保证金: 0.00, 手续费: 0.00, 风险度: 0.00%
    INFO - 日期: 2023-07-03, 账户权益: 10000000.00, 可用资金: 10000000.00, 浮动盈亏: 0.00, 持仓盈亏: 0.00, 平仓盈亏: 0.00, 市值: 0.00, 保证金: 0.00, 手续费: 0.00, 风险度: 0.00%
    INFO - 日期: 2023-07-04, 账户权益: 10000000.00, 可用资金: 10000000.00, 浮动盈亏: 0.00, 持仓盈亏: 0.00, 平仓盈亏: 0.00, 市值: 0.00, 保证金: 0.00, 手续费: 0.00, 风险度: 0.00%
    INFO - 日期: 2023-07-05, 账户权益: 10000000.00, 可用资金: 10000000.00, 浮动盈亏: 0.00, 持仓盈亏: 0.00, 平仓盈亏: 0.00, 市值: 0.00, 保证金: 0.00, 手续费: 0.00, 风险度: 0.00%
    INFO - 日期: 2023-07-06, 账户权益: 10000000.00, 可用资金: 10000000.00, 浮动盈亏: 0.00, 持仓盈亏: 0.00, 平仓盈亏: 0.00, 市值: 0.00, 保证金: 0.00, 手续费: 0.00, 风险度: 0.00%
    INFO - 日期: 2023-07-07, 账户权益: 10000000.00, 可用资金: 10000000.00, 浮动盈亏: 0.00, 持仓盈亏: 0.00, 平仓盈亏: 0.00, 市值: 0.00, 保证金: 0.00, 手续费: 0.00, 风险度: 0.00%
    INFO - 日期: 2023-07-10, 账户权益: 10000000.00, 可用资金: 10000000.00, 浮动盈亏: 0.00, 持仓盈亏: 0.00, 平仓盈亏: 0.00, 市值: 0.00, 保证金: 0.00, 手续费: 0.00, 风险度: 0.00%
    INFO - 日期: 2023-07-11, 账户权益: 10000000.00, 可用资金: 10000000.00, 浮动盈亏: 0.00, 持仓盈亏: 0.00, 平仓盈亏: 0.00, 市值: 0.00, 保证金: 0.00, 手续费: 0.00, 风险度: 0.00%
    INFO - 日期: 2023-07-12, 账户权益: 10000000.00, 可用资金: 10000000.00, 浮动盈亏: 0.00, 持仓盈亏: 0.00, 平仓盈亏: 0.00, 市值: 0.00, 保证金: 0.00, 手续费: 0.00, 风险度: 0.00%
    INFO - 日期: 2023-07-13, 账户权益: 10000000.00, 可用资金: 10000000.00, 浮动盈亏: 0.00, 持仓盈亏: 0.00, 平仓盈亏: 0.00, 市值: 0.00, 保证金: 0.00, 手续费: 0.00, 风险度: 0.00%
    INFO - 日期: 2023-07-14, 账户权益: 10000000.00, 可用资金: 10000000.00, 浮动盈亏: 0.00, 持仓盈亏: 0.00, 平仓盈亏: 0.00, 市值: 0.00, 保证金: 0.00, 手续费: 0.00, 风险度: 0.00%
    INFO - 日期: 2023-07-17, 账户权益: 10000000.00, 可用资金: 10000000.00, 浮动盈亏: 0.00, 持仓盈亏: 0.00, 平仓盈亏: 0.00, 市值: 0.00, 保证金: 0.00, 手续费: 0.00, 风险度: 0.00%
    INFO - 日期: 2023-07-18, 账户权益: 10000000.00, 可用资金: 10000000.00, 浮动盈亏: 0.00, 持仓盈亏: 0.00, 平仓盈亏: 0.00, 市值: 0.00, 保证金: 0.00, 手续费: 0.00, 风险度: 0.00%
    INFO - 胜率: 0.00%, 盈亏额比例: inf, 收益率: 0.00%, 年化收益率: 0.00%, 最大回撤: 0.00%, 年化夏普率: inf,年化索提诺比率: -15.8114
    INFO - 回测结束
extracted rank=44 CF309.CZCE CZCE.CF309 rows=10035 elapsed=12.46
cached_raw rank=45 fu2503.SHFE SHFE.fu2503 rows=8310 elapsed=0.0
    INFO - 模拟交易成交记录, 账户: TQSIM
    INFO - 模拟交易账户资金, 账户: TQSIM
    INFO - 日期: 2024-01-02, 账户权益: 10000000.00, 可用资金: 10000000.00, 浮动盈亏: 0.00, 持仓盈亏: 0.00, 平仓盈亏: 0.00, 市值: 0.00, 保证金: 0.00, 手续费: 0.00, 风险度: 0.00%
    INFO - 日期: 2024-01-03, 账户权益: 10000000.00, 可用资金: 10000000.00, 浮动盈亏: 0.00, 持仓盈亏: 0.00, 平仓盈亏: 0.00, 市值: 0.00, 保证金: 0.00, 手续费: 0.00, 风险度: 0.00%
    INFO - 日期: 2024-01-04, 账户权益: 10000000.00, 可用资金: 10000000.00, 浮动盈亏: 0.00, 持仓盈亏: 0.00, 平仓盈亏: 0.00, 市值: 0.00, 保证金: 0.00, 手续费: 0.00, 风险度: 0.00%
    INFO - 日期: 2024-01-05, 账户权益: 10000000.00, 可用资金: 10000000.00, 浮动盈亏: 0.00, 持仓盈亏: 0.00, 平仓盈亏: 0.00, 市值: 0.00, 保证金: 0.00, 手续费: 0.00, 风险度: 0.00%
    INFO - 日期: 2024-01-08, 账户权益: 10000000.00, 可用资金: 10000000.00, 浮动盈亏: 0.00, 持仓盈亏: 0.00, 平仓盈亏: 0.00, 市值: 0.00, 保证金: 0.00, 手续费: 0.00, 风险度: 0.00%
    INFO - 日期: 2024-01-09, 账户权益: 10000000.00, 可用资金: 10000000.00, 浮动盈亏: 0.00, 持仓盈亏: 0.00, 平仓盈亏: 0.00, 市值: 0.00, 保证金: 0.00, 手续费: 0.00, 风险度: 0.00%
    INFO - 日期: 2024-01-10, 账户权益: 10000000.00, 可用资金: 10000000.00, 浮动盈亏: 0.00, 持仓盈亏: 0.00, 平仓盈亏: 0.00, 市值: 0.00, 保证金: 0.00, 手续费: 0.00, 风险度: 0.00%
    INFO - 日期: 2024-01-11, 账户权益: 10000000.00, 可用资金: 10000000.00, 浮动盈亏: 0.00, 持仓盈亏: 0.00, 平仓盈亏: 0.00, 市值: 0.00, 保证金: 0.00, 手续费: 0.00, 风险度: 0.00%
    INFO - 日期: 2024-01-12, 账户权益: 10000000.00, 可用资金: 10000000.00, 浮动盈亏: 0.00, 持仓盈亏: 0.00, 平仓盈亏: 0.00, 市值: 0.00, 保证金: 0.00, 手续费: 0.00, 风险度: 0.00%
    INFO - 日期: 2024-01-15, 账户权益: 10000000.00, 可用资金: 10000000.00, 浮动盈亏: 0.00, 持仓盈亏: 0.00, 平仓盈亏: 0.00, 市值: 0.00, 保证金: 0.00, 手续费: 0.00, 风险度: 0.00%
    INFO - 日期: 2024-01-16, 账户权益: 10000000.00, 可用资金: 10000000.00, 浮动盈亏: 0.00, 持仓盈亏: 0.00, 平仓盈亏: 0.00, 市值: 0.00, 保证金: 0.00, 手续费: 0.00, 风险度: 0.00%
    INFO - 日期: 2024-01-17, 账户权益: 10000000.00, 可用资金: 10000000.00, 浮动盈亏: 0.00, 持仓盈亏: 0.00, 平仓盈亏: 0.00, 市值: 0.00, 保证金: 0.00, 手续费: 0.00, 风险度: 0.00%
    INFO - 日期: 2024-01-18, 账户权益: 10000000.00, 可用资金: 10000000.00, 浮动盈亏: 0.00, 持仓盈亏: 0.00, 平仓盈亏: 0.00, 市值: 0.00, 保证金: 0.00, 手续费: 0.00, 风险度: 0.00%
    INFO - 日期: 2024-01-19, 账户权益: 10000000.00, 可用资金: 10000000.00, 浮动盈亏: 0.00, 持仓盈亏: 0.00, 平仓盈亏: 0.00, 市值: 0.00, 保证金: 0.00, 手续费: 0.00, 风险度: 0.00%
    INFO - 日期: 2024-01-22, 账户权益: 10000000.00, 可用资金: 10000000.00, 浮动盈亏: 0.00, 持仓盈亏: 0.00, 平仓盈亏: 0.00, 市值: 0.00, 保证金: 0.00, 手续费: 0.00, 风险度: 0.00%
    INFO - 日期: 2024-01-23, 账户权益: 10000000.00, 可用资金: 10000000.00, 浮动盈亏: 0.00, 持仓盈亏: 0.00, 平仓盈亏: 0.00, 市值: 0.00, 保证金: 0.00, 手续费: 0.00, 风险度: 0.00%
    INFO - 日期: 2024-01-24, 账户权益: 10000000.00, 可用资金: 10000000.00, 浮动盈亏: 0.00, 持仓盈亏: 0.00, 平仓盈亏: 0.00, 市值: 0.00, 保证金: 0.00, 手续费: 0.00, 风险度: 0.00%
    INFO - 日期: 2024-01-25, 账户权益: 10000000.00, 可用资金: 10000000.00, 浮动盈亏: 0.00, 持仓盈亏: 0.00, 平仓盈亏: 0.00, 市值: 0.00, 保证金: 0.00, 手续费: 0.00, 风险度: 0.00%
    INFO - 日期: 2024-01-26, 账户权益: 10000000.00, 可用资金: 10000000.00, 浮动盈亏: 0.00, 持仓盈亏: 0.00, 平仓盈亏: 0.00, 市值: 0.00, 保证金: 0.00, 手续费: 0.00, 风险度: 0.00%
    INFO - 日期: 2024-01-29, 账户权益: 10000000.00, 可用资金: 10000000.00, 浮动盈亏: 0.00, 持仓盈亏: 0.00, 平仓盈亏: 0.00, 市值: 0.00, 保证金: 0.00, 手续费: 0.00, 风险度: 0.00%
    INFO - 日期: 2024-01-30, 账户权益: 10000000.00, 可用资金: 10000000.00, 浮动盈亏: 0.00, 持仓盈亏: 0.00, 平仓盈亏: 0.00, 市值: 0.00, 保证金: 0.00, 手续费: 0.00, 风险度: 0.00%
    INFO - 日期: 2024-01-31, 账户权益: 10000000.00, 可用资金: 10000000.00, 浮动盈亏: 0.00, 持仓盈亏: 0.00, 平仓盈亏: 0.00, 市值: 0.00, 保证金: 0.00, 手续费: 0.00, 风险度: 0.00%
    INFO - 日期: 2024-02-01, 账户权益: 10000000.00, 可用资金: 10000000.00, 浮动盈亏: 0.00, 持仓盈亏: 0.00, 平仓盈亏: 0.00, 市值: 0.00, 保证金: 0.00, 手续费: 0.00, 风险度: 0.00%
    INFO - 日期: 2024-02-02, 账户权益: 10000000.00, 可用资金: 10000000.00, 浮动盈亏: 0.00, 持仓盈亏: 0.00, 平仓盈亏: 0.00, 市值: 0.00, 保证金: 0.00, 手续费: 0.00, 风险度: 0.00%
    INFO - 日期: 2024-02-05, 账户权益: 10000000.00, 可用资金: 10000000.00, 浮动盈亏: 0.00, 持仓盈亏: 0.00, 平仓盈亏: 0.00, 市值: 0.00, 保证金: 0.00, 手续费: 0.00, 风险度: 0.00%
    INFO - 日期: 2024-02-06, 账户权益: 10000000.00, 可用资金: 10000000.00, 浮动盈亏: 0.00, 持仓盈亏: 0.00, 平仓盈亏: 0.00, 市值: 0.00, 保证金: 0.00, 手续费: 0.00, 风险度: 0.00%
    INFO - 日期: 2024-02-07, 账户权益: 10000000.00, 可用资金: 10000000.00, 浮动盈亏: 0.00, 持仓盈亏: 0.00, 平仓盈亏: 0.00, 市值: 0.00, 保证金: 0.00, 手续费: 0.00, 风险度: 0.00%
    INFO - 日期: 2024-02-08, 账户权益: 10000000.00, 可用资金: 10000000.00, 浮动盈亏: 0.00, 持仓盈亏: 0.00, 平仓盈亏: 0.00, 市值: 0.00, 保证金: 0.00, 手续费: 0.00, 风险度: 0.00%
    INFO - 日期: 2024-02-19, 账户权益: 10000000.00, 可用资金: 10000000.00, 浮动盈亏: 0.00, 持仓盈亏: 0.00, 平仓盈亏: 0.00, 市值: 0.00, 保证金: 0.00, 手续费: 0.00, 风险度: 0.00%
    INFO - 日期: 2024-02-20, 账户权益: 10000000.00, 可用资金: 10000000.00, 浮动盈亏: 0.00, 持仓盈亏: 0.00, 平仓盈亏: 0.00, 市值: 0.00, 保证金: 0.00, 手续费: 0.00, 风险度: 0.00%
    INFO - 日期: 2024-02-21, 账户权益: 10000000.00, 可用资金: 10000000.00, 浮动盈亏: 0.00, 持仓盈亏: 0.00, 平仓盈亏: 0.00, 市值: 0.00, 保证金: 0.00, 手续费: 0.00, 风险度: 0.00%
    INFO - 日期: 2024-02-22, 账户权益: 10000000.00, 可用资金: 10000000.00, 浮动盈亏: 0.00, 持仓盈亏: 0.00, 平仓盈亏: 0.00, 市值: 0.00, 保证金: 0.00, 手续费: 0.00, 风险度: 0.00%
    INFO - 日期: 2024-02-23, 账户权益: 10000000.00, 可用资金: 10000000.00, 浮动盈亏: 0.00, 持仓盈亏: 0.00, 平仓盈亏: 0.00, 市值: 0.00, 保证金: 0.00, 手续费: 0.00, 风险度: 0.00%
    INFO - 日期: 2024-02-26, 账户权益: 10000000.00, 可用资金: 10000000.00, 浮动盈亏: 0.00, 持仓盈亏: 0.00, 平仓盈亏: 0.00, 市值: 0.00, 保证金: 0.00, 手续费: 0.00, 风险度: 0.00%
    INFO - 日期: 2024-02-27, 账户权益: 10000000.00, 可用资金: 10000000.00, 浮动盈亏: 0.00, 持仓盈亏: 0.00, 平仓盈亏: 0.00, 市值: 0.00, 保证金: 0.00, 手续费: 0.00, 风险度: 0.00%
    INFO - 日期: 2024-02-28, 账户权益: 10000000.00, 可用资金: 10000000.00, 浮动盈亏: 0.00, 持仓盈亏: 0.00, 平仓盈亏: 0.00, 市值: 0.00, 保证金: 0.00, 手续费: 0.00, 风险度: 0.00%
    INFO - 日期: 2024-02-29, 账户权益: 10000000.00, 可用资金: 10000000.00, 浮动盈亏: 0.00, 持仓盈亏: 0.00, 平仓盈亏: 0.00, 市值: 0.00, 保证金: 0.00, 手续费: 0.00, 风险度: 0.00%
    INFO - 日期: 2024-03-01, 账户权益: 10000000.00, 可用资金: 10000000.00, 浮动盈亏: 0.00, 持仓盈亏: 0.00, 平仓盈亏: 0.00, 市值: 0.00, 保证金: 0.00, 手续费: 0.00, 风险度: 0.00%
    INFO - 日期: 2024-03-04, 账户权益: 10000000.00, 可用资金: 10000000.00, 浮动盈亏: 0.00, 持仓盈亏: 0.00, 平仓盈亏: 0.00, 市值: 0.00, 保证金: 0.00, 手续费: 0.00, 风险度: 0.00%
    INFO - 日期: 2024-03-05, 账户权益: 10000000.00, 可用资金: 10000000.00, 浮动盈亏: 0.00, 持仓盈亏: 0.00, 平仓盈亏: 0.00, 市值: 0.00, 保证金: 0.00, 手续费: 0.00, 风险度: 0.00%
    INFO - 日期: 2024-03-06, 账户权益: 10000000.00, 可用资金: 10000000.00, 浮动盈亏: 0.00, 持仓盈亏: 0.00, 平仓盈亏: 0.00, 市值: 0.00, 保证金: 0.00, 手续费: 0.00, 风险度: 0.00%
    INFO - 日期: 2024-03-07, 账户权益: 10000000.00, 可用资金: 10000000.00, 浮动盈亏: 0.00, 持仓盈亏: 0.00, 平仓盈亏: 0.00, 市值: 0.00, 保证金: 0.00, 手续费: 0.00, 风险度: 0.00%
    INFO - 日期: 2024-03-08, 账户权益: 10000000.00, 可用资金: 10000000.00, 浮动盈亏: 0.00, 持仓盈亏: 0.00, 平仓盈亏: 0.00, 市值: 0.00, 保证金: 0.00, 手续费: 0.00, 风险度: 0.00%
    INFO - 日期: 2024-03-11, 账户权益: 10000000.00, 可用资金: 10000000.00, 浮动盈亏: 0.00, 持仓盈亏: 0.00, 平仓盈亏: 0.00, 市值: 0.00, 保证金: 0.00, 手续费: 0.00, 风险度: 0.00%
    INFO - 日期: 2024-03-12, 账户权益: 10000000.00, 可用资金: 10000000.00, 浮动盈亏: 0.00, 持仓盈亏: 0.00, 平仓盈亏: 0.00, 市值: 0.00, 保证金: 0.00, 手续费: 0.00, 风险度: 0.00%
    INFO - 日期: 2024-03-13, 账户权益: 10000000.00, 可用资金: 10000000.00, 浮动盈亏: 0.00, 持仓盈亏: 0.00, 平仓盈亏: 0.00, 市值: 0.00, 保证金: 0.00, 手续费: 0.00, 风险度: 0.00%
    INFO - 日期: 2024-03-14, 账户权益: 10000000.00, 可用资金: 10000000.00, 浮动盈亏: 0.00, 持仓盈亏: 0.00, 平仓盈亏: 0.00, 市值: 0.00, 保证金: 0.00, 手续费: 0.00, 风险度: 0.00%
    INFO - 日期: 2024-03-15, 账户权益: 10000000.00, 可用资金: 10000000.00, 浮动盈亏: 0.00, 持仓盈亏: 0.00, 平仓盈亏: 0.00, 市值: 0.00, 保证金: 0.00, 手续费: 0.00, 风险度: 0.00%
    INFO - 日期: 2024-03-18, 账户权益: 10000000.00, 可用资金: 10000000.00, 浮动盈亏: 0.00, 持仓盈亏: 0.00, 平仓盈亏: 0.00, 市值: 0.00, 保证金: 0.00, 手续费: 0.00, 风险度: 0.00%
    INFO - 日期: 2024-03-19, 账户权益: 10000000.00, 可用资金: 10000000.00, 浮动盈亏: 0.00, 持仓盈亏: 0.00, 平仓盈亏: 0.00, 市值: 0.00, 保证金: 0.00, 手续费: 0.00, 风险度: 0.00%
    INFO - 日期: 2024-03-20, 账户权益: 10000000.00, 可用资金: 10000000.00, 浮动盈亏: 0.00, 持仓盈亏: 0.00, 平仓盈亏: 0.00, 市值: 0.00, 保证金: 0.00, 手续费: 0.00, 风险度: 0.00%
    INFO - 日期: 2024-03-21, 账户权益: 10000000.00, 可用资金: 10000000.00, 浮动盈亏: 0.00, 持仓盈亏: 0.00, 平仓盈亏: 0.00, 市值: 0.00, 保证金: 0.00, 手续费: 0.00, 风险度: 0.00%
    INFO - 日期: 2024-03-22, 账户权益: 10000000.00, 可用资金: 10000000.00, 浮动盈亏: 0.00, 持仓盈亏: 0.00, 平仓盈亏: 0.00, 市值: 0.00, 保证金: 0.00, 手续费: 0.00, 风险度: 0.00%
    INFO - 日期: 2024-03-25, 账户权益: 10000000.00, 可用资金: 10000000.00, 浮动盈亏: 0.00, 持仓盈亏: 0.00, 平仓盈亏: 0.00, 市值: 0.00, 保证金: 0.00, 手续费: 0.00, 风险度: 0.00%
    INFO - 日期: 2024-03-26, 账户权益: 10000000.00, 可用资金: 10000000.00, 浮动盈亏: 0.00, 持仓盈亏: 0.00, 平仓盈亏: 0.00, 市值: 0.00, 保证金: 0.00, 手续费: 0.00, 风险度: 0.00%
    INFO - 胜率: 0.00%, 盈亏额比例: inf, 收益率: 0.00%, 年化收益率: 0.00%, 最大回撤: 0.00%, 年化夏普率: inf,年化索提诺比率: -15.8114
    INFO - 回测结束
extracted rank=46 OI405.CZCE CZCE.OI405 rows=18315 elapsed=19.73
    INFO - 模拟交易成交记录, 账户: TQSIM
    INFO - 模拟交易账户资金, 账户: TQSIM
    INFO - 日期: 2022-08-26, 账户权益: 10000000.00, 可用资金: 10000000.00, 浮动盈亏: 0.00, 持仓盈亏: 0.00, 平仓盈亏: 0.00, 市值: 0.00, 保证金: 0.00, 手续费: 0.00, 风险度: 0.00%
    INFO - 日期: 2022-08-29, 账户权益: 10000000.00, 可用资金: 10000000.00, 浮动盈亏: 0.00, 持仓盈亏: 0.00, 平仓盈亏: 0.00, 市值: 0.00, 保证金: 0.00, 手续费: 0.00, 风险度: 0.00%
    INFO - 日期: 2022-08-30, 账户权益: 10000000.00, 可用资金: 10000000.00, 浮动盈亏: 0.00, 持仓盈亏: 0.00, 平仓盈亏: 0.00, 市值: 0.00, 保证金: 0.00, 手续费: 0.00, 风险度: 0.00%
    INFO - 日期: 2022-08-31, 账户权益: 10000000.00, 可用资金: 10000000.00, 浮动盈亏: 0.00, 持仓盈亏: 0.00, 平仓盈亏: 0.00, 市值: 0.00, 保证金: 0.00, 手续费: 0.00, 风险度: 0.00%
    INFO - 日期: 2022-09-01, 账户权益: 10000000.00, 可用资金: 10000000.00, 浮动盈亏: 0.00, 持仓盈亏: 0.00, 平仓盈亏: 0.00, 市值: 0.00, 保证金: 0.00, 手续费: 0.00, 风险度: 0.00%
    INFO - 日期: 2022-09-02, 账户权益: 10000000.00, 可用资金: 10000000.00, 浮动盈亏: 0.00, 持仓盈亏: 0.00, 平仓盈亏: 0.00, 市值: 0.00, 保证金: 0.00, 手续费: 0.00, 风险度: 0.00%
    INFO - 日期: 2022-09-05, 账户权益: 10000000.00, 可用资金: 10000000.00, 浮动盈亏: 0.00, 持仓盈亏: 0.00, 平仓盈亏: 0.00, 市值: 0.00, 保证金: 0.00, 手续费: 0.00, 风险度: 0.00%
    INFO - 日期: 2022-09-06, 账户权益: 10000000.00, 可用资金: 10000000.00, 浮动盈亏: 0.00, 持仓盈亏: 0.00, 平仓盈亏: 0.00, 市值: 0.00, 保证金: 0.00, 手续费: 0.00, 风险度: 0.00%
    INFO - 日期: 2022-09-07, 账户权益: 10000000.00, 可用资金: 10000000.00, 浮动盈亏: 0.00, 持仓盈亏: 0.00, 平仓盈亏: 0.00, 市值: 0.00, 保证金: 0.00, 手续费: 0.00, 风险度: 0.00%
    INFO - 日期: 2022-09-08, 账户权益: 10000000.00, 可用资金: 10000000.00, 浮动盈亏: 0.00, 持仓盈亏: 0.00, 平仓盈亏: 0.00, 市值: 0.00, 保证金: 0.00, 手续费: 0.00, 风险度: 0.00%
    INFO - 日期: 2022-09-09, 账户权益: 10000000.00, 可用资金: 10000000.00, 浮动盈亏: 0.00, 持仓盈亏: 0.00, 平仓盈亏: 0.00, 市值: 0.00, 保证金: 0.00, 手续费: 0.00, 风险度: 0.00%
    INFO - 日期: 2022-09-13, 账户权益: 10000000.00, 可用资金: 10000000.00, 浮动盈亏: 0.00, 持仓盈亏: 0.00, 平仓盈亏: 0.00, 市值: 0.00, 保证金: 0.00, 手续费: 0.00, 风险度: 0.00%
    INFO - 日期: 2022-09-14, 账户权益: 10000000.00, 可用资金: 10000000.00, 浮动盈亏: 0.00, 持仓盈亏: 0.00, 平仓盈亏: 0.00, 市值: 0.00, 保证金: 0.00, 手续费: 0.00, 风险度: 0.00%
    INFO - 日期: 2022-09-15, 账户权益: 10000000.00, 可用资金: 10000000.00, 浮动盈亏: 0.00, 持仓盈亏: 0.00, 平仓盈亏: 0.00, 市值: 0.00, 保证金: 0.00, 手续费: 0.00, 风险度: 0.00%
    INFO - 日期: 2022-09-16, 账户权益: 10000000.00, 可用资金: 10000000.00, 浮动盈亏: 0.00, 持仓盈亏: 0.00, 平仓盈亏: 0.00, 市值: 0.00, 保证金: 0.00, 手续费: 0.00, 风险度: 0.00%
    INFO - 日期: 2022-09-19, 账户权益: 10000000.00, 可用资金: 10000000.00, 浮动盈亏: 0.00, 持仓盈亏: 0.00, 平仓盈亏: 0.00, 市值: 0.00, 保证金: 0.00, 手续费: 0.00, 风险度: 0.00%
    INFO - 日期: 2022-09-20, 账户权益: 10000000.00, 可用资金: 10000000.00, 浮动盈亏: 0.00, 持仓盈亏: 0.00, 平仓盈亏: 0.00, 市值: 0.00, 保证金: 0.00, 手续费: 0.00, 风险度: 0.00%
    INFO - 日期: 2022-09-21, 账户权益: 10000000.00, 可用资金: 10000000.00, 浮动盈亏: 0.00, 持仓盈亏: 0.00, 平仓盈亏: 0.00, 市值: 0.00, 保证金: 0.00, 手续费: 0.00, 风险度: 0.00%
    INFO - 日期: 2022-09-22, 账户权益: 10000000.00, 可用资金: 10000000.00, 浮动盈亏: 0.00, 持仓盈亏: 0.00, 平仓盈亏: 0.00, 市值: 0.00, 保证金: 0.00, 手续费: 0.00, 风险度: 0.00%
    INFO - 日期: 2022-09-23, 账户权益: 10000000.00, 可用资金: 10000000.00, 浮动盈亏: 0.00, 持仓盈亏: 0.00, 平仓盈亏: 0.00, 市值: 0.00, 保证金: 0.00, 手续费: 0.00, 风险度: 0.00%
    INFO - 日期: 2022-09-26, 账户权益: 10000000.00, 可用资金: 10000000.00, 浮动盈亏: 0.00, 持仓盈亏: 0.00, 平仓盈亏: 0.00, 市值: 0.00, 保证金: 0.00, 手续费: 0.00, 风险度: 0.00%
    INFO - 日期: 2022-09-27, 账户权益: 10000000.00, 可用资金: 10000000.00, 浮动盈亏: 0.00, 持仓盈亏: 0.00, 平仓盈亏: 0.00, 市值: 0.00, 保证金: 0.00, 手续费: 0.00, 风险度: 0.00%
    INFO - 日期: 2022-09-28, 账户权益: 10000000.00, 可用资金: 10000000.00, 浮动盈亏: 0.00, 持仓盈亏: 0.00, 平仓盈亏: 0.00, 市值: 0.00, 保证金: 0.00, 手续费: 0.00, 风险度: 0.00%
    INFO - 日期: 2022-09-29, 账户权益: 10000000.00, 可用资金: 10000000.00, 浮动盈亏: 0.00, 持仓盈亏: 0.00, 平仓盈亏: 0.00, 市值: 0.00, 保证金: 0.00, 手续费: 0.00, 风险度: 0.00%
    INFO - 日期: 2022-09-30, 账户权益: 10000000.00, 可用资金: 10000000.00, 浮动盈亏: 0.00, 持仓盈亏: 0.00, 平仓盈亏: 0.00, 市值: 0.00, 保证金: 0.00, 手续费: 0.00, 风险度: 0.00%
    INFO - 日期: 2022-10-10, 账户权益: 10000000.00, 可用资金: 10000000.00, 浮动盈亏: 0.00, 持仓盈亏: 0.00, 平仓盈亏: 0.00, 市值: 0.00, 保证金: 0.00, 手续费: 0.00, 风险度: 0.00%
    INFO - 日期: 2022-10-11, 账户权益: 10000000.00, 可用资金: 10000000.00, 浮动盈亏: 0.00, 持仓盈亏: 0.00, 平仓盈亏: 0.00, 市值: 0.00, 保证金: 0.00, 手续费: 0.00, 风险度: 0.00%
    INFO - 日期: 2022-10-12, 账户权益: 10000000.00, 可用资金: 10000000.00, 浮动盈亏: 0.00, 持仓盈亏: 0.00, 平仓盈亏: 0.00, 市值: 0.00, 保证金: 0.00, 手续费: 0.00, 风险度: 0.00%
    INFO - 日期: 2022-10-13, 账户权益: 10000000.00, 可用资金: 10000000.00, 浮动盈亏: 0.00, 持仓盈亏: 0.00, 平仓盈亏: 0.00, 市值: 0.00, 保证金: 0.00, 手续费: 0.00, 风险度: 0.00%
    INFO - 日期: 2022-10-14, 账户权益: 10000000.00, 可用资金: 10000000.00, 浮动盈亏: 0.00, 持仓盈亏: 0.00, 平仓盈亏: 0.00, 市值: 0.00, 保证金: 0.00, 手续费: 0.00, 风险度: 0.00%
    INFO - 日期: 2022-10-17, 账户权益: 10000000.00, 可用资金: 10000000.00, 浮动盈亏: 0.00, 持仓盈亏: 0.00, 平仓盈亏: 0.00, 市值: 0.00, 保证金: 0.00, 手续费: 0.00, 风险度: 0.00%
    INFO - 日期: 2022-10-18, 账户权益: 10000000.00, 可用资金: 10000000.00, 浮动盈亏: 0.00, 持仓盈亏: 0.00, 平仓盈亏: 0.00, 市值: 0.00, 保证金: 0.00, 手续费: 0.00, 风险度: 0.00%
    INFO - 日期: 2022-10-19, 账户权益: 10000000.00, 可用资金: 10000000.00, 浮动盈亏: 0.00, 持仓盈亏: 0.00, 平仓盈亏: 0.00, 市值: 0.00, 保证金: 0.00, 手续费: 0.00, 风险度: 0.00%
    INFO - 日期: 2022-10-20, 账户权益: 10000000.00, 可用资金: 10000000.00, 浮动盈亏: 0.00, 持仓盈亏: 0.00, 平仓盈亏: 0.00, 市值: 0.00, 保证金: 0.00, 手续费: 0.00, 风险度: 0.00%
    INFO - 日期: 2022-10-21, 账户权益: 10000000.00, 可用资金: 10000000.00, 浮动盈亏: 0.00, 持仓盈亏: 0.00, 平仓盈亏: 0.00, 市值: 0.00, 保证金: 0.00, 手续费: 0.00, 风险度: 0.00%
    INFO - 日期: 2022-10-24, 账户权益: 10000000.00, 可用资金: 10000000.00, 浮动盈亏: 0.00, 持仓盈亏: 0.00, 平仓盈亏: 0.00, 市值: 0.00, 保证金: 0.00, 手续费: 0.00, 风险度: 0.00%
    INFO - 日期: 2022-10-25, 账户权益: 10000000.00, 可用资金: 10000000.00, 浮动盈亏: 0.00, 持仓盈亏: 0.00, 平仓盈亏: 0.00, 市值: 0.00, 保证金: 0.00, 手续费: 0.00, 风险度: 0.00%
    INFO - 日期: 2022-10-26, 账户权益: 10000000.00, 可用资金: 10000000.00, 浮动盈亏: 0.00, 持仓盈亏: 0.00, 平仓盈亏: 0.00, 市值: 0.00, 保证金: 0.00, 手续费: 0.00, 风险度: 0.00%
    INFO - 日期: 2022-10-27, 账户权益: 10000000.00, 可用资金: 10000000.00, 浮动盈亏: 0.00, 持仓盈亏: 0.00, 平仓盈亏: 0.00, 市值: 0.00, 保证金: 0.00, 手续费: 0.00, 风险度: 0.00%
    INFO - 日期: 2022-10-28, 账户权益: 10000000.00, 可用资金: 10000000.00, 浮动盈亏: 0.00, 持仓盈亏: 0.00, 平仓盈亏: 0.00, 市值: 0.00, 保证金: 0.00, 手续费: 0.00, 风险度: 0.00%
    INFO - 日期: 2022-10-31, 账户权益: 10000000.00, 可用资金: 10000000.00, 浮动盈亏: 0.00, 持仓盈亏: 0.00, 平仓盈亏: 0.00, 市值: 0.00, 保证金: 0.00, 手续费: 0.00, 风险度: 0.00%
    INFO - 日期: 2022-11-01, 账户权益: 10000000.00, 可用资金: 10000000.00, 浮动盈亏: 0.00, 持仓盈亏: 0.00, 平仓盈亏: 0.00, 市值: 0.00, 保证金: 0.00, 手续费: 0.00, 风险度: 0.00%
    INFO - 日期: 2022-11-02, 账户权益: 10000000.00, 可用资金: 10000000.00, 浮动盈亏: 0.00, 持仓盈亏: 0.00, 平仓盈亏: 0.00, 市值: 0.00, 保证金: 0.00, 手续费: 0.00, 风险度: 0.00%
    INFO - 日期: 2022-11-03, 账户权益: 10000000.00, 可用资金: 10000000.00, 浮动盈亏: 0.00, 持仓盈亏: 0.00, 平仓盈亏: 0.00, 市值: 0.00, 保证金: 0.00, 手续费: 0.00, 风险度: 0.00%
    INFO - 日期: 2022-11-04, 账户权益: 10000000.00, 可用资金: 10000000.00, 浮动盈亏: 0.00, 持仓盈亏: 0.00, 平仓盈亏: 0.00, 市值: 0.00, 保证金: 0.00, 手续费: 0.00, 风险度: 0.00%
    INFO - 日期: 2022-11-07, 账户权益: 10000000.00, 可用资金: 10000000.00, 浮动盈亏: 0.00, 持仓盈亏: 0.00, 平仓盈亏: 0.00, 市值: 0.00, 保证金: 0.00, 手续费: 0.00, 风险度: 0.00%
    INFO - 日期: 2022-11-08, 账户权益: 10000000.00, 可用资金: 10000000.00, 浮动盈亏: 0.00, 持仓盈亏: 0.00, 平仓盈亏: 0.00, 市值: 0.00, 保证金: 0.00, 手续费: 0.00, 风险度: 0.00%
    INFO - 日期: 2022-11-09, 账户权益: 10000000.00, 可用资金: 10000000.00, 浮动盈亏: 0.00, 持仓盈亏: 0.00, 平仓盈亏: 0.00, 市值: 0.00, 保证金: 0.00, 手续费: 0.00, 风险度: 0.00%
    INFO - 日期: 2022-11-10, 账户权益: 10000000.00, 可用资金: 10000000.00, 浮动盈亏: 0.00, 持仓盈亏: 0.00, 平仓盈亏: 0.00, 市值: 0.00, 保证金: 0.00, 手续费: 0.00, 风险度: 0.00%
    INFO - 日期: 2022-11-11, 账户权益: 10000000.00, 可用资金: 10000000.00, 浮动盈亏: 0.00, 持仓盈亏: 0.00, 平仓盈亏: 0.00, 市值: 0.00, 保证金: 0.00, 手续费: 0.00, 风险度: 0.00%
    INFO - 日期: 2022-11-14, 账户权益: 10000000.00, 可用资金: 10000000.00, 浮动盈亏: 0.00, 持仓盈亏: 0.00, 平仓盈亏: 0.00, 市值: 0.00, 保证金: 0.00, 手续费: 0.00, 风险度: 0.00%
    INFO - 日期: 2022-11-15, 账户权益: 10000000.00, 可用资金: 10000000.00, 浮动盈亏: 0.00, 持仓盈亏: 0.00, 平仓盈亏: 0.00, 市值: 0.00, 保证金: 0.00, 手续费: 0.00, 风险度: 0.00%
    INFO - 日期: 2022-11-16, 账户权益: 10000000.00, 可用资金: 10000000.00, 浮动盈亏: 0.00, 持仓盈亏: 0.00, 平仓盈亏: 0.00, 市值: 0.00, 保证金: 0.00, 手续费: 0.00, 风险度: 0.00%
    INFO - 日期: 2022-11-17, 账户权益: 10000000.00, 可用资金: 10000000.00, 浮动盈亏: 0.00, 持仓盈亏: 0.00, 平仓盈亏: 0.00, 市值: 0.00, 保证金: 0.00, 手续费: 0.00, 风险度: 0.00%
    INFO - 日期: 2022-11-18, 账户权益: 10000000.00, 可用资金: 10000000.00, 浮动盈亏: 0.00, 持仓盈亏: 0.00, 平仓盈亏: 0.00, 市值: 0.00, 保证金: 0.00, 手续费: 0.00, 风险度: 0.00%
    INFO - 日期: 2022-11-21, 账户权益: 10000000.00, 可用资金: 10000000.00, 浮动盈亏: 0.00, 持仓盈亏: 0.00, 平仓盈亏: 0.00, 市值: 0.00, 保证金: 0.00, 手续费: 0.00, 风险度: 0.00%
    INFO - 日期: 2022-11-22, 账户权益: 10000000.00, 可用资金: 10000000.00, 浮动盈亏: 0.00, 持仓盈亏: 0.00, 平仓盈亏: 0.00, 市值: 0.00, 保证金: 0.00, 手续费: 0.00, 风险度: 0.00%
    INFO - 日期: 2022-11-23, 账户权益: 10000000.00, 可用资金: 10000000.00, 浮动盈亏: 0.00, 持仓盈亏: 0.00, 平仓盈亏: 0.00, 市值: 0.00, 保证金: 0.00, 手续费: 0.00, 风险度: 0.00%
    INFO - 日期: 2022-11-24, 账户权益: 10000000.00, 可用资金: 10000000.00, 浮动盈亏: 0.00, 持仓盈亏: 0.00, 平仓盈亏: 0.00, 市值: 0.00, 保证金: 0.00, 手续费: 0.00, 风险度: 0.00%
    INFO - 日期: 2022-11-25, 账户权益: 10000000.00, 可用资金: 10000000.00, 浮动盈亏: 0.00, 持仓盈亏: 0.00, 平仓盈亏: 0.00, 市值: 0.00, 保证金: 0.00, 手续费: 0.00, 风险度: 0.00%
    INFO - 日期: 2022-11-28, 账户权益: 10000000.00, 可用资金: 10000000.00, 浮动盈亏: 0.00, 持仓盈亏: 0.00, 平仓盈亏: 0.00, 市值: 0.00, 保证金: 0.00, 手续费: 0.00, 风险度: 0.00%
    INFO - 日期: 2022-11-29, 账户权益: 10000000.00, 可用资金: 10000000.00, 浮动盈亏: 0.00, 持仓盈亏: 0.00, 平仓盈亏: 0.00, 市值: 0.00, 保证金: 0.00, 手续费: 0.00, 风险度: 0.00%
    INFO - 日期: 2022-11-30, 账户权益: 10000000.00, 可用资金: 10000000.00, 浮动盈亏: 0.00, 持仓盈亏: 0.00, 平仓盈亏: 0.00, 市值: 0.00, 保证金: 0.00, 手续费: 0.00, 风险度: 0.00%
    INFO - 日期: 2022-12-01, 账户权益: 10000000.00, 可用资金: 10000000.00, 浮动盈亏: 0.00, 持仓盈亏: 0.00, 平仓盈亏: 0.00, 市值: 0.00, 保证金: 0.00, 手续费: 0.00, 风险度: 0.00%
    INFO - 胜率: 0.00%, 盈亏额比例: inf, 收益率: 0.00%, 年化收益率: 0.00%, 最大回撤: 0.00%, 年化夏普率: inf,年化索提诺比率: -15.8114
    INFO - 回测结束
extracted rank=47 jm2301.DCE DCE.jm2301 rows=21300 elapsed=22.04
cached_raw rank=48 rb2605.SHFE SHFE.rb2605 rows=1530 elapsed=0.0
    INFO - 模拟交易成交记录, 账户: TQSIM
    INFO - 模拟交易账户资金, 账户: TQSIM
    INFO - 日期: 2024-02-21, 账户权益: 10000000.00, 可用资金: 10000000.00, 浮动盈亏: 0.00, 持仓盈亏: 0.00, 平仓盈亏: 0.00, 市值: 0.00, 保证金: 0.00, 手续费: 0.00, 风险度: 0.00%
    INFO - 日期: 2024-02-22, 账户权益: 10000000.00, 可用资金: 10000000.00, 浮动盈亏: 0.00, 持仓盈亏: 0.00, 平仓盈亏: 0.00, 市值: 0.00, 保证金: 0.00, 手续费: 0.00, 风险度: 0.00%
    INFO - 日期: 2024-02-23, 账户权益: 10000000.00, 可用资金: 10000000.00, 浮动盈亏: 0.00, 持仓盈亏: 0.00, 平仓盈亏: 0.00, 市值: 0.00, 保证金: 0.00, 手续费: 0.00, 风险度: 0.00%
    INFO - 日期: 2024-02-26, 账户权益: 10000000.00, 可用资金: 10000000.00, 浮动盈亏: 0.00, 持仓盈亏: 0.00, 平仓盈亏: 0.00, 市值: 0.00, 保证金: 0.00, 手续费: 0.00, 风险度: 0.00%
    INFO - 日期: 2024-02-27, 账户权益: 10000000.00, 可用资金: 10000000.00, 浮动盈亏: 0.00, 持仓盈亏: 0.00, 平仓盈亏: 0.00, 市值: 0.00, 保证金: 0.00, 手续费: 0.00, 风险度: 0.00%
    INFO - 日期: 2024-02-28, 账户权益: 10000000.00, 可用资金: 10000000.00, 浮动盈亏: 0.00, 持仓盈亏: 0.00, 平仓盈亏: 0.00, 市值: 0.00, 保证金: 0.00, 手续费: 0.00, 风险度: 0.00%
    INFO - 日期: 2024-02-29, 账户权益: 10000000.00, 可用资金: 10000000.00, 浮动盈亏: 0.00, 持仓盈亏: 0.00, 平仓盈亏: 0.00, 市值: 0.00, 保证金: 0.00, 手续费: 0.00, 风险度: 0.00%
    INFO - 日期: 2024-03-01, 账户权益: 10000000.00, 可用资金: 10000000.00, 浮动盈亏: 0.00, 持仓盈亏: 0.00, 平仓盈亏: 0.00, 市值: 0.00, 保证金: 0.00, 手续费: 0.00, 风险度: 0.00%
    INFO - 日期: 2024-03-04, 账户权益: 10000000.00, 可用资金: 10000000.00, 浮动盈亏: 0.00, 持仓盈亏: 0.00, 平仓盈亏: 0.00, 市值: 0.00, 保证金: 0.00, 手续费: 0.00, 风险度: 0.00%
    INFO - 日期: 2024-03-05, 账户权益: 10000000.00, 可用资金: 10000000.00, 浮动盈亏: 0.00, 持仓盈亏: 0.00, 平仓盈亏: 0.00, 市值: 0.00, 保证金: 0.00, 手续费: 0.00, 风险度: 0.00%
    INFO - 日期: 2024-03-06, 账户权益: 10000000.00, 可用资金: 10000000.00, 浮动盈亏: 0.00, 持仓盈亏: 0.00, 平仓盈亏: 0.00, 市值: 0.00, 保证金: 0.00, 手续费: 0.00, 风险度: 0.00%
    INFO - 日期: 2024-03-07, 账户权益: 10000000.00, 可用资金: 10000000.00, 浮动盈亏: 0.00, 持仓盈亏: 0.00, 平仓盈亏: 0.00, 市值: 0.00, 保证金: 0.00, 手续费: 0.00, 风险度: 0.00%
    INFO - 日期: 2024-03-08, 账户权益: 10000000.00, 可用资金: 10000000.00, 浮动盈亏: 0.00, 持仓盈亏: 0.00, 平仓盈亏: 0.00, 市值: 0.00, 保证金: 0.00, 手续费: 0.00, 风险度: 0.00%
    INFO - 日期: 2024-03-11, 账户权益: 10000000.00, 可用资金: 10000000.00, 浮动盈亏: 0.00, 持仓盈亏: 0.00, 平仓盈亏: 0.00, 市值: 0.00, 保证金: 0.00, 手续费: 0.00, 风险度: 0.00%
    INFO - 日期: 2024-03-12, 账户权益: 10000000.00, 可用资金: 10000000.00, 浮动盈亏: 0.00, 持仓盈亏: 0.00, 平仓盈亏: 0.00, 市值: 0.00, 保证金: 0.00, 手续费: 0.00, 风险度: 0.00%
    INFO - 胜率: 0.00%, 盈亏额比例: inf, 收益率: 0.00%, 年化收益率: 0.00%, 最大回撤: 0.00%, 年化夏普率: inf,年化索提诺比率: -15.8114
    INFO - 回测结束
extracted rank=49 fu2405.SHFE SHFE.fu2405 rows=4635 elapsed=7.17
    INFO - 模拟交易成交记录, 账户: TQSIM
    INFO - 模拟交易账户资金, 账户: TQSIM
    INFO - 日期: 2023-07-06, 账户权益: 10000000.00, 可用资金: 10000000.00, 浮动盈亏: 0.00, 持仓盈亏: 0.00, 平仓盈亏: 0.00, 市值: 0.00, 保证金: 0.00, 手续费: 0.00, 风险度: 0.00%
    INFO - 日期: 2023-07-07, 账户权益: 10000000.00, 可用资金: 10000000.00, 浮动盈亏: 0.00, 持仓盈亏: 0.00, 平仓盈亏: 0.00, 市值: 0.00, 保证金: 0.00, 手续费: 0.00, 风险度: 0.00%
    INFO - 日期: 2023-07-10, 账户权益: 10000000.00, 可用资金: 10000000.00, 浮动盈亏: 0.00, 持仓盈亏: 0.00, 平仓盈亏: 0.00, 市值: 0.00, 保证金: 0.00, 手续费: 0.00, 风险度: 0.00%
    INFO - 日期: 2023-07-11, 账户权益: 10000000.00, 可用资金: 10000000.00, 浮动盈亏: 0.00, 持仓盈亏: 0.00, 平仓盈亏: 0.00, 市值: 0.00, 保证金: 0.00, 手续费: 0.00, 风险度: 0.00%
    INFO - 日期: 2023-07-12, 账户权益: 10000000.00, 可用资金: 10000000.00, 浮动盈亏: 0.00, 持仓盈亏: 0.00, 平仓盈亏: 0.00, 市值: 0.00, 保证金: 0.00, 手续费: 0.00, 风险度: 0.00%
    INFO - 日期: 2023-07-13, 账户权益: 10000000.00, 可用资金: 10000000.00, 浮动盈亏: 0.00, 持仓盈亏: 0.00, 平仓盈亏: 0.00, 市值: 0.00, 保证金: 0.00, 手续费: 0.00, 风险度: 0.00%
    INFO - 日期: 2023-07-14, 账户权益: 10000000.00, 可用资金: 10000000.00, 浮动盈亏: 0.00, 持仓盈亏: 0.00, 平仓盈亏: 0.00, 市值: 0.00, 保证金: 0.00, 手续费: 0.00, 风险度: 0.00%
    INFO - 日期: 2023-07-17, 账户权益: 10000000.00, 可用资金: 10000000.00, 浮动盈亏: 0.00, 持仓盈亏: 0.00, 平仓盈亏: 0.00, 市值: 0.00, 保证金: 0.00, 手续费: 0.00, 风险度: 0.00%
    INFO - 日期: 2023-07-18, 账户权益: 10000000.00, 可用资金: 10000000.00, 浮动盈亏: 0.00, 持仓盈亏: 0.00, 平仓盈亏: 0.00, 市值: 0.00, 保证金: 0.00, 手续费: 0.00, 风险度: 0.00%
    INFO - 胜率: 0.00%, 盈亏额比例: inf, 收益率: 0.00%, 年化收益率: 0.00%, 最大回撤: 0.00%, 年化夏普率: inf,年化索提诺比率: -15.8114
    INFO - 回测结束
extracted rank=50 jm2309.DCE DCE.jm2309 rows=2565 elapsed=5.47
    INFO - 模拟交易成交记录, 账户: TQSIM
    INFO - 模拟交易账户资金, 账户: TQSIM
    INFO - 日期: 2023-08-21, 账户权益: 10000000.00, 可用资金: 10000000.00, 浮动盈亏: 0.00, 持仓盈亏: 0.00, 平仓盈亏: 0.00, 市值: 0.00, 保证金: 0.00, 手续费: 0.00, 风险度: 0.00%
    INFO - 日期: 2023-08-22, 账户权益: 10000000.00, 可用资金: 10000000.00, 浮动盈亏: 0.00, 持仓盈亏: 0.00, 平仓盈亏: 0.00, 市值: 0.00, 保证金: 0.00, 手续费: 0.00, 风险度: 0.00%
    INFO - 日期: 2023-08-23, 账户权益: 10000000.00, 可用资金: 10000000.00, 浮动盈亏: 0.00, 持仓盈亏: 0.00, 平仓盈亏: 0.00, 市值: 0.00, 保证金: 0.00, 手续费: 0.00, 风险度: 0.00%
    INFO - 日期: 2023-08-24, 账户权益: 10000000.00, 可用资金: 10000000.00, 浮动盈亏: 0.00, 持仓盈亏: 0.00, 平仓盈亏: 0.00, 市值: 0.00, 保证金: 0.00, 手续费: 0.00, 风险度: 0.00%
    INFO - 日期: 2023-08-25, 账户权益: 10000000.00, 可用资金: 10000000.00, 浮动盈亏: 0.00, 持仓盈亏: 0.00, 平仓盈亏: 0.00, 市值: 0.00, 保证金: 0.00, 手续费: 0.00, 风险度: 0.00%
    INFO - 日期: 2023-08-28, 账户权益: 10000000.00, 可用资金: 10000000.00, 浮动盈亏: 0.00, 持仓盈亏: 0.00, 平仓盈亏: 0.00, 市值: 0.00, 保证金: 0.00, 手续费: 0.00, 风险度: 0.00%
    INFO - 日期: 2023-08-29, 账户权益: 10000000.00, 可用资金: 10000000.00, 浮动盈亏: 0.00, 持仓盈亏: 0.00, 平仓盈亏: 0.00, 市值: 0.00, 保证金: 0.00, 手续费: 0.00, 风险度: 0.00%
    INFO - 日期: 2023-08-30, 账户权益: 10000000.00, 可用资金: 10000000.00, 浮动盈亏: 0.00, 持仓盈亏: 0.00, 平仓盈亏: 0.00, 市值: 0.00, 保证金: 0.00, 手续费: 0.00, 风险度: 0.00%
    INFO - 日期: 2023-08-31, 账户权益: 10000000.00, 可用资金: 10000000.00, 浮动盈亏: 0.00, 持仓盈亏: 0.00, 平仓盈亏: 0.00, 市值: 0.00, 保证金: 0.00, 手续费: 0.00, 风险度: 0.00%
    INFO - 日期: 2023-09-01, 账户权益: 10000000.00, 可用资金: 10000000.00, 浮动盈亏: 0.00, 持仓盈亏: 0.00, 平仓盈亏: 0.00, 市值: 0.00, 保证金: 0.00, 手续费: 0.00, 风险度: 0.00%
    INFO - 日期: 2023-09-04, 账户权益: 10000000.00, 可用资金: 10000000.00, 浮动盈亏: 0.00, 持仓盈亏: 0.00, 平仓盈亏: 0.00, 市值: 0.00, 保证金: 0.00, 手续费: 0.00, 风险度: 0.00%
    INFO - 日期: 2023-09-05, 账户权益: 10000000.00, 可用资金: 10000000.00, 浮动盈亏: 0.00, 持仓盈亏: 0.00, 平仓盈亏: 0.00, 市值: 0.00, 保证金: 0.00, 手续费: 0.00, 风险度: 0.00%
    INFO - 胜率: 0.00%, 盈亏额比例: inf, 收益率: 0.00%, 年化收益率: 0.00%, 最大回撤: 0.00%, 年化夏普率: inf,年化索提诺比率: -15.8114
    INFO - 回测结束
extracted rank=51 FG401.CZCE CZCE.FG401 rows=3600 elapsed=6.09
    INFO - 回测结束
    INFO - 模拟交易成交记录, 账户: TQSIM
    INFO - 模拟交易账户资金, 账户: TQSIM
    INFO - 日期: 2023-11-22, 账户权益: 10000000.00, 可用资金: 10000000.00, 浮动盈亏: 0.00, 持仓盈亏: 0.00, 平仓盈亏: 0.00, 市值: 0.00, 保证金: 0.00, 手续费: 0.00, 风险度: 0.00%
    INFO - 日期: 2023-11-23, 账户权益: 10000000.00, 可用资金: 10000000.00, 浮动盈亏: 0.00, 持仓盈亏: 0.00, 平仓盈亏: 0.00, 市值: 0.00, 保证金: 0.00, 手续费: 0.00, 风险度: 0.00%
    INFO - 日期: 2023-11-24, 账户权益: 10000000.00, 可用资金: 10000000.00, 浮动盈亏: 0.00, 持仓盈亏: 0.00, 平仓盈亏: 0.00, 市值: 0.00, 保证金: 0.00, 手续费: 0.00, 风险度: 0.00%
    INFO - 日期: 2023-11-27, 账户权益: 10000000.00, 可用资金: 10000000.00, 浮动盈亏: 0.00, 持仓盈亏: 0.00, 平仓盈亏: 0.00, 市值: 0.00, 保证金: 0.00, 手续费: 0.00, 风险度: 0.00%
    INFO - 日期: 2023-11-28, 账户权益: 10000000.00, 可用资金: 10000000.00, 浮动盈亏: 0.00, 持仓盈亏: 0.00, 平仓盈亏: 0.00, 市值: 0.00, 保证金: 0.00, 手续费: 0.00, 风险度: 0.00%
    INFO - 日期: 2023-11-29, 账户权益: 10000000.00, 可用资金: 10000000.00, 浮动盈亏: 0.00, 持仓盈亏: 0.00, 平仓盈亏: 0.00, 市值: 0.00, 保证金: 0.00, 手续费: 0.00, 风险度: 0.00%
    INFO - 日期: 2023-11-30, 账户权益: 10000000.00, 可用资金: 10000000.00, 浮动盈亏: 0.00, 持仓盈亏: 0.00, 平仓盈亏: 0.00, 市值: 0.00, 保证金: 0.00, 手续费: 0.00, 风险度: 0.00%
    INFO - 日期: 2023-12-01, 账户权益: 10000000.00, 可用资金: 10000000.00, 浮动盈亏: 0.00, 持仓盈亏: 0.00, 平仓盈亏: 0.00, 市值: 0.00, 保证金: 0.00, 手续费: 0.00, 风险度: 0.00%
    INFO - 日期: 2023-12-04, 账户权益: 10000000.00, 可用资金: 10000000.00, 浮动盈亏: 0.00, 持仓盈亏: 0.00, 平仓盈亏: 0.00, 市值: 0.00, 保证金: 0.00, 手续费: 0.00, 风险度: 0.00%
    INFO - 日期: 2023-12-05, 账户权益: 10000000.00, 可用资金: 10000000.00, 浮动盈亏: 0.00, 持仓盈亏: 0.00, 平仓盈亏: 0.00, 市值: 0.00, 保证金: 0.00, 手续费: 0.00, 风险度: 0.00%
    INFO - 日期: 2023-12-06, 账户权益: 10000000.00, 可用资金: 10000000.00, 浮动盈亏: 0.00, 持仓盈亏: 0.00, 平仓盈亏: 0.00, 市值: 0.00, 保证金: 0.00, 手续费: 0.00, 风险度: 0.00%
    INFO - 日期: 2023-12-07, 账户权益: 10000000.00, 可用资金: 10000000.00, 浮动盈亏: 0.00, 持仓盈亏: 0.00, 平仓盈亏: 0.00, 市值: 0.00, 保证金: 0.00, 手续费: 0.00, 风险度: 0.00%
    INFO - 日期: 2023-12-08, 账户权益: 10000000.00, 可用资金: 10000000.00, 浮动盈亏: 0.00, 持仓盈亏: 0.00, 平仓盈亏: 0.00, 市值: 0.00, 保证金: 0.00, 手续费: 0.00, 风险度: 0.00%
    INFO - 日期: 2023-12-11, 账户权益: 10000000.00, 可用资金: 10000000.00, 浮动盈亏: 0.00, 持仓盈亏: 0.00, 平仓盈亏: 0.00, 市值: 0.00, 保证金: 0.00, 手续费: 0.00, 风险度: 0.00%
    INFO - 日期: 2023-12-12, 账户权益: 10000000.00, 可用资金: 10000000.00, 浮动盈亏: 0.00, 持仓盈亏: 0.00, 平仓盈亏: 0.00, 市值: 0.00, 保证金: 0.00, 手续费: 0.00, 风险度: 0.00%
    INFO - 日期: 2023-12-13, 账户权益: 10000000.00, 可用资金: 10000000.00, 浮动盈亏: 0.00, 持仓盈亏: 0.00, 平仓盈亏: 0.00, 市值: 0.00, 保证金: 0.00, 手续费: 0.00, 风险度: 0.00%
    INFO - 日期: 2023-12-14, 账户权益: 10000000.00, 可用资金: 10000000.00, 浮动盈亏: 0.00, 持仓盈亏: 0.00, 平仓盈亏: 0.00, 市值: 0.00, 保证金: 0.00, 手续费: 0.00, 风险度: 0.00%
    INFO - 日期: 2023-12-15, 账户权益: 10000000.00, 可用资金: 10000000.00, 浮动盈亏: 0.00, 持仓盈亏: 0.00, 平仓盈亏: 0.00, 市值: 0.00, 保证金: 0.00, 手续费: 0.00, 风险度: 0.00%
    INFO - 日期: 2023-12-18, 账户权益: 10000000.00, 可用资金: 10000000.00, 浮动盈亏: 0.00, 持仓盈亏: 0.00, 平仓盈亏: 0.00, 市值: 0.00, 保证金: 0.00, 手续费: 0.00, 风险度: 0.00%
    INFO - 日期: 2023-12-19, 账户权益: 10000000.00, 可用资金: 10000000.00, 浮动盈亏: 0.00, 持仓盈亏: 0.00, 平仓盈亏: 0.00, 市值: 0.00, 保证金: 0.00, 手续费: 0.00, 风险度: 0.00%
    INFO - 日期: 2023-12-20, 账户权益: 10000000.00, 可用资金: 10000000.00, 浮动盈亏: 0.00, 持仓盈亏: 0.00, 平仓盈亏: 0.00, 市值: 0.00, 保证金: 0.00, 手续费: 0.00, 风险度: 0.00%
    INFO - 日期: 2023-12-21, 账户权益: 10000000.00, 可用资金: 10000000.00, 浮动盈亏: 0.00, 持仓盈亏: 0.00, 平仓盈亏: 0.00, 市值: 0.00, 保证金: 0.00, 手续费: 0.00, 风险度: 0.00%
    INFO - 日期: 2023-12-22, 账户权益: 10000000.00, 可用资金: 10000000.00, 浮动盈亏: 0.00, 持仓盈亏: 0.00, 平仓盈亏: 0.00, 市值: 0.00, 保证金: 0.00, 手续费: 0.00, 风险度: 0.00%
    INFO - 日期: 2023-12-25, 账户权益: 10000000.00, 可用资金: 10000000.00, 浮动盈亏: 0.00, 持仓盈亏: 0.00, 平仓盈亏: 0.00, 市值: 0.00, 保证金: 0.00, 手续费: 0.00, 风险度: 0.00%
    INFO - 胜率: 0.00%, 盈亏额比例: inf, 收益率: 0.00%, 年化收益率: 0.00%, 最大回撤: 0.00%, 年化夏普率: inf,年化索提诺比率: -15.8114
extracted rank=52 cu2401.SHFE SHFE.cu2401 rows=10484 elapsed=11.92
    INFO - 回测结束
    INFO - 模拟交易成交记录, 账户: TQSIM
    INFO - 模拟交易账户资金, 账户: TQSIM
    INFO - 日期: 2023-01-30, 账户权益: 10000000.00, 可用资金: 10000000.00, 浮动盈亏: 0.00, 持仓盈亏: 0.00, 平仓盈亏: 0.00, 市值: 0.00, 保证金: 0.00, 手续费: 0.00, 风险度: 0.00%
    INFO - 日期: 2023-01-31, 账户权益: 10000000.00, 可用资金: 10000000.00, 浮动盈亏: 0.00, 持仓盈亏: 0.00, 平仓盈亏: 0.00, 市值: 0.00, 保证金: 0.00, 手续费: 0.00, 风险度: 0.00%
    INFO - 日期: 2023-02-01, 账户权益: 10000000.00, 可用资金: 10000000.00, 浮动盈亏: 0.00, 持仓盈亏: 0.00, 平仓盈亏: 0.00, 市值: 0.00, 保证金: 0.00, 手续费: 0.00, 风险度: 0.00%
    INFO - 日期: 2023-02-02, 账户权益: 10000000.00, 可用资金: 10000000.00, 浮动盈亏: 0.00, 持仓盈亏: 0.00, 平仓盈亏: 0.00, 市值: 0.00, 保证金: 0.00, 手续费: 0.00, 风险度: 0.00%
    INFO - 日期: 2023-02-03, 账户权益: 10000000.00, 可用资金: 10000000.00, 浮动盈亏: 0.00, 持仓盈亏: 0.00, 平仓盈亏: 0.00, 市值: 0.00, 保证金: 0.00, 手续费: 0.00, 风险度: 0.00%
    INFO - 日期: 2023-02-06, 账户权益: 10000000.00, 可用资金: 10000000.00, 浮动盈亏: 0.00, 持仓盈亏: 0.00, 平仓盈亏: 0.00, 市值: 0.00, 保证金: 0.00, 手续费: 0.00, 风险度: 0.00%
    INFO - 日期: 2023-02-07, 账户权益: 10000000.00, 可用资金: 10000000.00, 浮动盈亏: 0.00, 持仓盈亏: 0.00, 平仓盈亏: 0.00, 市值: 0.00, 保证金: 0.00, 手续费: 0.00, 风险度: 0.00%
    INFO - 日期: 2023-02-08, 账户权益: 10000000.00, 可用资金: 10000000.00, 浮动盈亏: 0.00, 持仓盈亏: 0.00, 平仓盈亏: 0.00, 市值: 0.00, 保证金: 0.00, 手续费: 0.00, 风险度: 0.00%
    INFO - 日期: 2023-02-09, 账户权益: 10000000.00, 可用资金: 10000000.00, 浮动盈亏: 0.00, 持仓盈亏: 0.00, 平仓盈亏: 0.00, 市值: 0.00, 保证金: 0.00, 手续费: 0.00, 风险度: 0.00%
    INFO - 日期: 2023-02-10, 账户权益: 10000000.00, 可用资金: 10000000.00, 浮动盈亏: 0.00, 持仓盈亏: 0.00, 平仓盈亏: 0.00, 市值: 0.00, 保证金: 0.00, 手续费: 0.00, 风险度: 0.00%
    INFO - 日期: 2023-02-13, 账户权益: 10000000.00, 可用资金: 10000000.00, 浮动盈亏: 0.00, 持仓盈亏: 0.00, 平仓盈亏: 0.00, 市值: 0.00, 保证金: 0.00, 手续费: 0.00, 风险度: 0.00%
    INFO - 日期: 2023-02-14, 账户权益: 10000000.00, 可用资金: 10000000.00, 浮动盈亏: 0.00, 持仓盈亏: 0.00, 平仓盈亏: 0.00, 市值: 0.00, 保证金: 0.00, 手续费: 0.00, 风险度: 0.00%
    INFO - 日期: 2023-02-15, 账户权益: 10000000.00, 可用资金: 10000000.00, 浮动盈亏: 0.00, 持仓盈亏: 0.00, 平仓盈亏: 0.00, 市值: 0.00, 保证金: 0.00, 手续费: 0.00, 风险度: 0.00%
    INFO - 日期: 2023-02-16, 账户权益: 10000000.00, 可用资金: 10000000.00, 浮动盈亏: 0.00, 持仓盈亏: 0.00, 平仓盈亏: 0.00, 市值: 0.00, 保证金: 0.00, 手续费: 0.00, 风险度: 0.00%
    INFO - 日期: 2023-02-17, 账户权益: 10000000.00, 可用资金: 10000000.00, 浮动盈亏: 0.00, 持仓盈亏: 0.00, 平仓盈亏: 0.00, 市值: 0.00, 保证金: 0.00, 手续费: 0.00, 风险度: 0.00%
    INFO - 日期: 2023-02-20, 账户权益: 10000000.00, 可用资金: 10000000.00, 浮动盈亏: 0.00, 持仓盈亏: 0.00, 平仓盈亏: 0.00, 市值: 0.00, 保证金: 0.00, 手续费: 0.00, 风险度: 0.00%
    INFO - 日期: 2023-02-21, 账户权益: 10000000.00, 可用资金: 10000000.00, 浮动盈亏: 0.00, 持仓盈亏: 0.00, 平仓盈亏: 0.00, 市值: 0.00, 保证金: 0.00, 手续费: 0.00, 风险度: 0.00%
    INFO - 日期: 2023-02-22, 账户权益: 10000000.00, 可用资金: 10000000.00, 浮动盈亏: 0.00, 持仓盈亏: 0.00, 平仓盈亏: 0.00, 市值: 0.00, 保证金: 0.00, 手续费: 0.00, 风险度: 0.00%
    INFO - 日期: 2023-02-23, 账户权益: 10000000.00, 可用资金: 10000000.00, 浮动盈亏: 0.00, 持仓盈亏: 0.00, 平仓盈亏: 0.00, 市值: 0.00, 保证金: 0.00, 手续费: 0.00, 风险度: 0.00%
    INFO - 日期: 2023-02-24, 账户权益: 10000000.00, 可用资金: 10000000.00, 浮动盈亏: 0.00, 持仓盈亏: 0.00, 平仓盈亏: 0.00, 市值: 0.00, 保证金: 0.00, 手续费: 0.00, 风险度: 0.00%
    INFO - 日期: 2023-02-27, 账户权益: 10000000.00, 可用资金: 10000000.00, 浮动盈亏: 0.00, 持仓盈亏: 0.00, 平仓盈亏: 0.00, 市值: 0.00, 保证金: 0.00, 手续费: 0.00, 风险度: 0.00%
    INFO - 日期: 2023-02-28, 账户权益: 10000000.00, 可用资金: 10000000.00, 浮动盈亏: 0.00, 持仓盈亏: 0.00, 平仓盈亏: 0.00, 市值: 0.00, 保证金: 0.00, 手续费: 0.00, 风险度: 0.00%
    INFO - 日期: 2023-03-01, 账户权益: 10000000.00, 可用资金: 10000000.00, 浮动盈亏: 0.00, 持仓盈亏: 0.00, 平仓盈亏: 0.00, 市值: 0.00, 保证金: 0.00, 手续费: 0.00, 风险度: 0.00%
    INFO - 日期: 2023-03-02, 账户权益: 10000000.00, 可用资金: 10000000.00, 浮动盈亏: 0.00, 持仓盈亏: 0.00, 平仓盈亏: 0.00, 市值: 0.00, 保证金: 0.00, 手续费: 0.00, 风险度: 0.00%
    INFO - 日期: 2023-03-03, 账户权益: 10000000.00, 可用资金: 10000000.00, 浮动盈亏: 0.00, 持仓盈亏: 0.00, 平仓盈亏: 0.00, 市值: 0.00, 保证金: 0.00, 手续费: 0.00, 风险度: 0.00%
    INFO - 日期: 2023-03-06, 账户权益: 10000000.00, 可用资金: 10000000.00, 浮动盈亏: 0.00, 持仓盈亏: 0.00, 平仓盈亏: 0.00, 市值: 0.00, 保证金: 0.00, 手续费: 0.00, 风险度: 0.00%
    INFO - 日期: 2023-03-07, 账户权益: 10000000.00, 可用资金: 10000000.00, 浮动盈亏: 0.00, 持仓盈亏: 0.00, 平仓盈亏: 0.00, 市值: 0.00, 保证金: 0.00, 手续费: 0.00, 风险度: 0.00%
    INFO - 日期: 2023-03-08, 账户权益: 10000000.00, 可用资金: 10000000.00, 浮动盈亏: 0.00, 持仓盈亏: 0.00, 平仓盈亏: 0.00, 市值: 0.00, 保证金: 0.00, 手续费: 0.00, 风险度: 0.00%
    INFO - 日期: 2023-03-09, 账户权益: 10000000.00, 可用资金: 10000000.00, 浮动盈亏: 0.00, 持仓盈亏: 0.00, 平仓盈亏: 0.00, 市值: 0.00, 保证金: 0.00, 手续费: 0.00, 风险度: 0.00%
    INFO - 日期: 2023-03-10, 账户权益: 10000000.00, 可用资金: 10000000.00, 浮动盈亏: 0.00, 持仓盈亏: 0.00, 平仓盈亏: 0.00, 市值: 0.00, 保证金: 0.00, 手续费: 0.00, 风险度: 0.00%
    INFO - 日期: 2023-03-13, 账户权益: 10000000.00, 可用资金: 10000000.00, 浮动盈亏: 0.00, 持仓盈亏: 0.00, 平仓盈亏: 0.00, 市值: 0.00, 保证金: 0.00, 手续费: 0.00, 风险度: 0.00%
    INFO - 胜率: 0.00%, 盈亏额比例: inf, 收益率: 0.00%, 年化收益率: 0.00%, 最大回撤: 0.00%, 年化夏普率: inf,年化索提诺比率: -15.8114
extracted rank=53 fu2305.SHFE SHFE.fu2305 rows=10139 elapsed=11.66
    INFO - 模拟交易成交记录, 账户: TQSIM
    INFO - 模拟交易账户资金, 账户: TQSIM
    INFO - 日期: 2021-12-30, 账户权益: 10000000.00, 可用资金: 10000000.00, 浮动盈亏: 0.00, 持仓盈亏: 0.00, 平仓盈亏: 0.00, 市值: 0.00, 保证金: 0.00, 手续费: 0.00, 风险度: 0.00%
    INFO - 日期: 2021-12-31, 账户权益: 10000000.00, 可用资金: 10000000.00, 浮动盈亏: 0.00, 持仓盈亏: 0.00, 平仓盈亏: 0.00, 市值: 0.00, 保证金: 0.00, 手续费: 0.00, 风险度: 0.00%
    INFO - 日期: 2022-01-04, 账户权益: 10000000.00, 可用资金: 10000000.00, 浮动盈亏: 0.00, 持仓盈亏: 0.00, 平仓盈亏: 0.00, 市值: 0.00, 保证金: 0.00, 手续费: 0.00, 风险度: 0.00%
    INFO - 日期: 2022-01-05, 账户权益: 10000000.00, 可用资金: 10000000.00, 浮动盈亏: 0.00, 持仓盈亏: 0.00, 平仓盈亏: 0.00, 市值: 0.00, 保证金: 0.00, 手续费: 0.00, 风险度: 0.00%
    INFO - 日期: 2022-01-06, 账户权益: 10000000.00, 可用资金: 10000000.00, 浮动盈亏: 0.00, 持仓盈亏: 0.00, 平仓盈亏: 0.00, 市值: 0.00, 保证金: 0.00, 手续费: 0.00, 风险度: 0.00%
    INFO - 日期: 2022-01-07, 账户权益: 10000000.00, 可用资金: 10000000.00, 浮动盈亏: 0.00, 持仓盈亏: 0.00, 平仓盈亏: 0.00, 市值: 0.00, 保证金: 0.00, 手续费: 0.00, 风险度: 0.00%
    INFO - 日期: 2022-01-10, 账户权益: 10000000.00, 可用资金: 10000000.00, 浮动盈亏: 0.00, 持仓盈亏: 0.00, 平仓盈亏: 0.00, 市值: 0.00, 保证金: 0.00, 手续费: 0.00, 风险度: 0.00%
    INFO - 日期: 2022-01-11, 账户权益: 10000000.00, 可用资金: 10000000.00, 浮动盈亏: 0.00, 持仓盈亏: 0.00, 平仓盈亏: 0.00, 市值: 0.00, 保证金: 0.00, 手续费: 0.00, 风险度: 0.00%
    INFO - 日期: 2022-01-12, 账户权益: 10000000.00, 可用资金: 10000000.00, 浮动盈亏: 0.00, 持仓盈亏: 0.00, 平仓盈亏: 0.00, 市值: 0.00, 保证金: 0.00, 手续费: 0.00, 风险度: 0.00%
    INFO - 日期: 2022-01-13, 账户权益: 10000000.00, 可用资金: 10000000.00, 浮动盈亏: 0.00, 持仓盈亏: 0.00, 平仓盈亏: 0.00, 市值: 0.00, 保证金: 0.00, 手续费: 0.00, 风险度: 0.00%
    INFO - 日期: 2022-01-14, 账户权益: 10000000.00, 可用资金: 10000000.00, 浮动盈亏: 0.00, 持仓盈亏: 0.00, 平仓盈亏: 0.00, 市值: 0.00, 保证金: 0.00, 手续费: 0.00, 风险度: 0.00%
    INFO - 日期: 2022-01-17, 账户权益: 10000000.00, 可用资金: 10000000.00, 浮动盈亏: 0.00, 持仓盈亏: 0.00, 平仓盈亏: 0.00, 市值: 0.00, 保证金: 0.00, 手续费: 0.00, 风险度: 0.00%
    INFO - 日期: 2022-01-18, 账户权益: 10000000.00, 可用资金: 10000000.00, 浮动盈亏: 0.00, 持仓盈亏: 0.00, 平仓盈亏: 0.00, 市值: 0.00, 保证金: 0.00, 手续费: 0.00, 风险度: 0.00%
    INFO - 日期: 2022-01-19, 账户权益: 10000000.00, 可用资金: 10000000.00, 浮动盈亏: 0.00, 持仓盈亏: 0.00, 平仓盈亏: 0.00, 市值: 0.00, 保证金: 0.00, 手续费: 0.00, 风险度: 0.00%
    INFO - 日期: 2022-01-20, 账户权益: 10000000.00, 可用资金: 10000000.00, 浮动盈亏: 0.00, 持仓盈亏: 0.00, 平仓盈亏: 0.00, 市值: 0.00, 保证金: 0.00, 手续费: 0.00, 风险度: 0.00%
    INFO - 日期: 2022-01-21, 账户权益: 10000000.00, 可用资金: 10000000.00, 浮动盈亏: 0.00, 持仓盈亏: 0.00, 平仓盈亏: 0.00, 市值: 0.00, 保证金: 0.00, 手续费: 0.00, 风险度: 0.00%
    INFO - 日期: 2022-01-24, 账户权益: 10000000.00, 可用资金: 10000000.00, 浮动盈亏: 0.00, 持仓盈亏: 0.00, 平仓盈亏: 0.00, 市值: 0.00, 保证金: 0.00, 手续费: 0.00, 风险度: 0.00%
    INFO - 日期: 2022-01-25, 账户权益: 10000000.00, 可用资金: 10000000.00, 浮动盈亏: 0.00, 持仓盈亏: 0.00, 平仓盈亏: 0.00, 市值: 0.00, 保证金: 0.00, 手续费: 0.00, 风险度: 0.00%
    INFO - 日期: 2022-01-26, 账户权益: 10000000.00, 可用资金: 10000000.00, 浮动盈亏: 0.00, 持仓盈亏: 0.00, 平仓盈亏: 0.00, 市值: 0.00, 保证金: 0.00, 手续费: 0.00, 风险度: 0.00%
    INFO - 日期: 2022-01-27, 账户权益: 10000000.00, 可用资金: 10000000.00, 浮动盈亏: 0.00, 持仓盈亏: 0.00, 平仓盈亏: 0.00, 市值: 0.00, 保证金: 0.00, 手续费: 0.00, 风险度: 0.00%
    INFO - 日期: 2022-01-28, 账户权益: 10000000.00, 可用资金: 10000000.00, 浮动盈亏: 0.00, 持仓盈亏: 0.00, 平仓盈亏: 0.00, 市值: 0.00, 保证金: 0.00, 手续费: 0.00, 风险度: 0.00%
    INFO - 日期: 2022-02-07, 账户权益: 10000000.00, 可用资金: 10000000.00, 浮动盈亏: 0.00, 持仓盈亏: 0.00, 平仓盈亏: 0.00, 市值: 0.00, 保证金: 0.00, 手续费: 0.00, 风险度: 0.00%
    INFO - 日期: 2022-02-08, 账户权益: 10000000.00, 可用资金: 10000000.00, 浮动盈亏: 0.00, 持仓盈亏: 0.00, 平仓盈亏: 0.00, 市值: 0.00, 保证金: 0.00, 手续费: 0.00, 风险度: 0.00%
    INFO - 日期: 2022-02-09, 账户权益: 10000000.00, 可用资金: 10000000.00, 浮动盈亏: 0.00, 持仓盈亏: 0.00, 平仓盈亏: 0.00, 市值: 0.00, 保证金: 0.00, 手续费: 0.00, 风险度: 0.00%
    INFO - 日期: 2022-02-10, 账户权益: 10000000.00, 可用资金: 10000000.00, 浮动盈亏: 0.00, 持仓盈亏: 0.00, 平仓盈亏: 0.00, 市值: 0.00, 保证金: 0.00, 手续费: 0.00, 风险度: 0.00%
    INFO - 日期: 2022-02-11, 账户权益: 10000000.00, 可用资金: 10000000.00, 浮动盈亏: 0.00, 持仓盈亏: 0.00, 平仓盈亏: 0.00, 市值: 0.00, 保证金: 0.00, 手续费: 0.00, 风险度: 0.00%
    INFO - 日期: 2022-02-14, 账户权益: 10000000.00, 可用资金: 10000000.00, 浮动盈亏: 0.00, 持仓盈亏: 0.00, 平仓盈亏: 0.00, 市值: 0.00, 保证金: 0.00, 手续费: 0.00, 风险度: 0.00%
    INFO - 日期: 2022-02-15, 账户权益: 10000000.00, 可用资金: 10000000.00, 浮动盈亏: 0.00, 持仓盈亏: 0.00, 平仓盈亏: 0.00, 市值: 0.00, 保证金: 0.00, 手续费: 0.00, 风险度: 0.00%
    INFO - 日期: 2022-02-16, 账户权益: 10000000.00, 可用资金: 10000000.00, 浮动盈亏: 0.00, 持仓盈亏: 0.00, 平仓盈亏: 0.00, 市值: 0.00, 保证金: 0.00, 手续费: 0.00, 风险度: 0.00%
    INFO - 日期: 2022-02-17, 账户权益: 10000000.00, 可用资金: 10000000.00, 浮动盈亏: 0.00, 持仓盈亏: 0.00, 平仓盈亏: 0.00, 市值: 0.00, 保证金: 0.00, 手续费: 0.00, 风险度: 0.00%
    INFO - 日期: 2022-02-18, 账户权益: 10000000.00, 可用资金: 10000000.00, 浮动盈亏: 0.00, 持仓盈亏: 0.00, 平仓盈亏: 0.00, 市值: 0.00, 保证金: 0.00, 手续费: 0.00, 风险度: 0.00%
    INFO - 日期: 2022-02-21, 账户权益: 10000000.00, 可用资金: 10000000.00, 浮动盈亏: 0.00, 持仓盈亏: 0.00, 平仓盈亏: 0.00, 市值: 0.00, 保证金: 0.00, 手续费: 0.00, 风险度: 0.00%
    INFO - 日期: 2022-02-22, 账户权益: 10000000.00, 可用资金: 10000000.00, 浮动盈亏: 0.00, 持仓盈亏: 0.00, 平仓盈亏: 0.00, 市值: 0.00, 保证金: 0.00, 手续费: 0.00, 风险度: 0.00%
    INFO - 日期: 2022-02-23, 账户权益: 10000000.00, 可用资金: 10000000.00, 浮动盈亏: 0.00, 持仓盈亏: 0.00, 平仓盈亏: 0.00, 市值: 0.00, 保证金: 0.00, 手续费: 0.00, 风险度: 0.00%
    INFO - 日期: 2022-02-24, 账户权益: 10000000.00, 可用资金: 10000000.00, 浮动盈亏: 0.00, 持仓盈亏: 0.00, 平仓盈亏: 0.00, 市值: 0.00, 保证金: 0.00, 手续费: 0.00, 风险度: 0.00%
    INFO - 日期: 2022-02-25, 账户权益: 10000000.00, 可用资金: 10000000.00, 浮动盈亏: 0.00, 持仓盈亏: 0.00, 平仓盈亏: 0.00, 市值: 0.00, 保证金: 0.00, 手续费: 0.00, 风险度: 0.00%
    INFO - 日期: 2022-02-28, 账户权益: 10000000.00, 可用资金: 10000000.00, 浮动盈亏: 0.00, 持仓盈亏: 0.00, 平仓盈亏: 0.00, 市值: 0.00, 保证金: 0.00, 手续费: 0.00, 风险度: 0.00%
    INFO - 日期: 2022-03-01, 账户权益: 10000000.00, 可用资金: 10000000.00, 浮动盈亏: 0.00, 持仓盈亏: 0.00, 平仓盈亏: 0.00, 市值: 0.00, 保证金: 0.00, 手续费: 0.00, 风险度: 0.00%
    INFO - 日期: 2022-03-02, 账户权益: 10000000.00, 可用资金: 10000000.00, 浮动盈亏: 0.00, 持仓盈亏: 0.00, 平仓盈亏: 0.00, 市值: 0.00, 保证金: 0.00, 手续费: 0.00, 风险度: 0.00%
    INFO - 日期: 2022-03-03, 账户权益: 10000000.00, 可用资金: 10000000.00, 浮动盈亏: 0.00, 持仓盈亏: 0.00, 平仓盈亏: 0.00, 市值: 0.00, 保证金: 0.00, 手续费: 0.00, 风险度: 0.00%
    INFO - 日期: 2022-03-04, 账户权益: 10000000.00, 可用资金: 10000000.00, 浮动盈亏: 0.00, 持仓盈亏: 0.00, 平仓盈亏: 0.00, 市值: 0.00, 保证金: 0.00, 手续费: 0.00, 风险度: 0.00%
    INFO - 日期: 2022-03-07, 账户权益: 10000000.00, 可用资金: 10000000.00, 浮动盈亏: 0.00, 持仓盈亏: 0.00, 平仓盈亏: 0.00, 市值: 0.00, 保证金: 0.00, 手续费: 0.00, 风险度: 0.00%
    INFO - 日期: 2022-03-08, 账户权益: 10000000.00, 可用资金: 10000000.00, 浮动盈亏: 0.00, 持仓盈亏: 0.00, 平仓盈亏: 0.00, 市值: 0.00, 保证金: 0.00, 手续费: 0.00, 风险度: 0.00%
    INFO - 日期: 2022-03-09, 账户权益: 10000000.00, 可用资金: 10000000.00, 浮动盈亏: 0.00, 持仓盈亏: 0.00, 平仓盈亏: 0.00, 市值: 0.00, 保证金: 0.00, 手续费: 0.00, 风险度: 0.00%
    INFO - 日期: 2022-03-10, 账户权益: 10000000.00, 可用资金: 10000000.00, 浮动盈亏: 0.00, 持仓盈亏: 0.00, 平仓盈亏: 0.00, 市值: 0.00, 保证金: 0.00, 手续费: 0.00, 风险度: 0.00%
    INFO - 日期: 2022-03-11, 账户权益: 10000000.00, 可用资金: 10000000.00, 浮动盈亏: 0.00, 持仓盈亏: 0.00, 平仓盈亏: 0.00, 市值: 0.00, 保证金: 0.00, 手续费: 0.00, 风险度: 0.00%
    INFO - 日期: 2022-03-14, 账户权益: 10000000.00, 可用资金: 10000000.00, 浮动盈亏: 0.00, 持仓盈亏: 0.00, 平仓盈亏: 0.00, 市值: 0.00, 保证金: 0.00, 手续费: 0.00, 风险度: 0.00%
    INFO - 日期: 2022-03-15, 账户权益: 10000000.00, 可用资金: 10000000.00, 浮动盈亏: 0.00, 持仓盈亏: 0.00, 平仓盈亏: 0.00, 市值: 0.00, 保证金: 0.00, 手续费: 0.00, 风险度: 0.00%
    INFO - 胜率: 0.00%, 盈亏额比例: inf, 收益率: 0.00%, 年化收益率: 0.00%, 最大回撤: 0.00%, 年化夏普率: inf,年化索提诺比率: -15.8114
    INFO - 回测结束
extracted rank=54 sp2205.SHFE SHFE.sp2205 rows=15780 elapsed=16.68
    INFO - 回测结束
    INFO - 模拟交易成交记录, 账户: TQSIM
    INFO - 模拟交易账户资金, 账户: TQSIM
    INFO - 日期: 2023-01-03, 账户权益: 10000000.00, 可用资金: 10000000.00, 浮动盈亏: 0.00, 持仓盈亏: 0.00, 平仓盈亏: 0.00, 市值: 0.00, 保证金: 0.00, 手续费: 0.00, 风险度: 0.00%
    INFO - 日期: 2023-01-04, 账户权益: 10000000.00, 可用资金: 10000000.00, 浮动盈亏: 0.00, 持仓盈亏: 0.00, 平仓盈亏: 0.00, 市值: 0.00, 保证金: 0.00, 手续费: 0.00, 风险度: 0.00%
    INFO - 日期: 2023-01-05, 账户权益: 10000000.00, 可用资金: 10000000.00, 浮动盈亏: 0.00, 持仓盈亏: 0.00, 平仓盈亏: 0.00, 市值: 0.00, 保证金: 0.00, 手续费: 0.00, 风险度: 0.00%
    INFO - 日期: 2023-01-06, 账户权益: 10000000.00, 可用资金: 10000000.00, 浮动盈亏: 0.00, 持仓盈亏: 0.00, 平仓盈亏: 0.00, 市值: 0.00, 保证金: 0.00, 手续费: 0.00, 风险度: 0.00%
    INFO - 日期: 2023-01-09, 账户权益: 10000000.00, 可用资金: 10000000.00, 浮动盈亏: 0.00, 持仓盈亏: 0.00, 平仓盈亏: 0.00, 市值: 0.00, 保证金: 0.00, 手续费: 0.00, 风险度: 0.00%
    INFO - 日期: 2023-01-10, 账户权益: 10000000.00, 可用资金: 10000000.00, 浮动盈亏: 0.00, 持仓盈亏: 0.00, 平仓盈亏: 0.00, 市值: 0.00, 保证金: 0.00, 手续费: 0.00, 风险度: 0.00%
    INFO - 日期: 2023-01-11, 账户权益: 10000000.00, 可用资金: 10000000.00, 浮动盈亏: 0.00, 持仓盈亏: 0.00, 平仓盈亏: 0.00, 市值: 0.00, 保证金: 0.00, 手续费: 0.00, 风险度: 0.00%
    INFO - 日期: 2023-01-12, 账户权益: 10000000.00, 可用资金: 10000000.00, 浮动盈亏: 0.00, 持仓盈亏: 0.00, 平仓盈亏: 0.00, 市值: 0.00, 保证金: 0.00, 手续费: 0.00, 风险度: 0.00%
    INFO - 日期: 2023-01-13, 账户权益: 10000000.00, 可用资金: 10000000.00, 浮动盈亏: 0.00, 持仓盈亏: 0.00, 平仓盈亏: 0.00, 市值: 0.00, 保证金: 0.00, 手续费: 0.00, 风险度: 0.00%
    INFO - 日期: 2023-01-16, 账户权益: 10000000.00, 可用资金: 10000000.00, 浮动盈亏: 0.00, 持仓盈亏: 0.00, 平仓盈亏: 0.00, 市值: 0.00, 保证金: 0.00, 手续费: 0.00, 风险度: 0.00%
    INFO - 日期: 2023-01-17, 账户权益: 10000000.00, 可用资金: 10000000.00, 浮动盈亏: 0.00, 持仓盈亏: 0.00, 平仓盈亏: 0.00, 市值: 0.00, 保证金: 0.00, 手续费: 0.00, 风险度: 0.00%
    INFO - 日期: 2023-01-18, 账户权益: 10000000.00, 可用资金: 10000000.00, 浮动盈亏: 0.00, 持仓盈亏: 0.00, 平仓盈亏: 0.00, 市值: 0.00, 保证金: 0.00, 手续费: 0.00, 风险度: 0.00%
    INFO - 日期: 2023-01-19, 账户权益: 10000000.00, 可用资金: 10000000.00, 浮动盈亏: 0.00, 持仓盈亏: 0.00, 平仓盈亏: 0.00, 市值: 0.00, 保证金: 0.00, 手续费: 0.00, 风险度: 0.00%
    INFO - 日期: 2023-01-20, 账户权益: 10000000.00, 可用资金: 10000000.00, 浮动盈亏: 0.00, 持仓盈亏: 0.00, 平仓盈亏: 0.00, 市值: 0.00, 保证金: 0.00, 手续费: 0.00, 风险度: 0.00%
    INFO - 日期: 2023-01-30, 账户权益: 10000000.00, 可用资金: 10000000.00, 浮动盈亏: 0.00, 持仓盈亏: 0.00, 平仓盈亏: 0.00, 市值: 0.00, 保证金: 0.00, 手续费: 0.00, 风险度: 0.00%
    INFO - 日期: 2023-01-31, 账户权益: 10000000.00, 可用资金: 10000000.00, 浮动盈亏: 0.00, 持仓盈亏: 0.00, 平仓盈亏: 0.00, 市值: 0.00, 保证金: 0.00, 手续费: 0.00, 风险度: 0.00%
    INFO - 日期: 2023-02-01, 账户权益: 10000000.00, 可用资金: 10000000.00, 浮动盈亏: 0.00, 持仓盈亏: 0.00, 平仓盈亏: 0.00, 市值: 0.00, 保证金: 0.00, 手续费: 0.00, 风险度: 0.00%
    INFO - 日期: 2023-02-02, 账户权益: 10000000.00, 可用资金: 10000000.00, 浮动盈亏: 0.00, 持仓盈亏: 0.00, 平仓盈亏: 0.00, 市值: 0.00, 保证金: 0.00, 手续费: 0.00, 风险度: 0.00%
    INFO - 日期: 2023-02-03, 账户权益: 10000000.00, 可用资金: 10000000.00, 浮动盈亏: 0.00, 持仓盈亏: 0.00, 平仓盈亏: 0.00, 市值: 0.00, 保证金: 0.00, 手续费: 0.00, 风险度: 0.00%
    INFO - 日期: 2023-02-06, 账户权益: 10000000.00, 可用资金: 10000000.00, 浮动盈亏: 0.00, 持仓盈亏: 0.00, 平仓盈亏: 0.00, 市值: 0.00, 保证金: 0.00, 手续费: 0.00, 风险度: 0.00%
    INFO - 胜率: 0.00%, 盈亏额比例: inf, 收益率: 0.00%, 年化收益率: 0.00%, 最大回撤: 0.00%, 年化夏普率: inf,年化索提诺比率: -15.8114
extracted rank=55 MA305.CZCE CZCE.MA305 rows=6224 elapsed=8.39
    INFO - 模拟交易成交记录, 账户: TQSIM
    INFO - 模拟交易账户资金, 账户: TQSIM
    INFO - 日期: 2022-01-11, 账户权益: 10000000.00, 可用资金: 10000000.00, 浮动盈亏: 0.00, 持仓盈亏: 0.00, 平仓盈亏: 0.00, 市值: 0.00, 保证金: 0.00, 手续费: 0.00, 风险度: 0.00%
    INFO - 日期: 2022-01-12, 账户权益: 10000000.00, 可用资金: 10000000.00, 浮动盈亏: 0.00, 持仓盈亏: 0.00, 平仓盈亏: 0.00, 市值: 0.00, 保证金: 0.00, 手续费: 0.00, 风险度: 0.00%
    INFO - 日期: 2022-01-13, 账户权益: 10000000.00, 可用资金: 10000000.00, 浮动盈亏: 0.00, 持仓盈亏: 0.00, 平仓盈亏: 0.00, 市值: 0.00, 保证金: 0.00, 手续费: 0.00, 风险度: 0.00%
    INFO - 日期: 2022-01-14, 账户权益: 10000000.00, 可用资金: 10000000.00, 浮动盈亏: 0.00, 持仓盈亏: 0.00, 平仓盈亏: 0.00, 市值: 0.00, 保证金: 0.00, 手续费: 0.00, 风险度: 0.00%
    INFO - 日期: 2022-01-17, 账户权益: 10000000.00, 可用资金: 10000000.00, 浮动盈亏: 0.00, 持仓盈亏: 0.00, 平仓盈亏: 0.00, 市值: 0.00, 保证金: 0.00, 手续费: 0.00, 风险度: 0.00%
    INFO - 日期: 2022-01-18, 账户权益: 10000000.00, 可用资金: 10000000.00, 浮动盈亏: 0.00, 持仓盈亏: 0.00, 平仓盈亏: 0.00, 市值: 0.00, 保证金: 0.00, 手续费: 0.00, 风险度: 0.00%
    INFO - 日期: 2022-01-19, 账户权益: 10000000.00, 可用资金: 10000000.00, 浮动盈亏: 0.00, 持仓盈亏: 0.00, 平仓盈亏: 0.00, 市值: 0.00, 保证金: 0.00, 手续费: 0.00, 风险度: 0.00%
    INFO - 日期: 2022-01-20, 账户权益: 10000000.00, 可用资金: 10000000.00, 浮动盈亏: 0.00, 持仓盈亏: 0.00, 平仓盈亏: 0.00, 市值: 0.00, 保证金: 0.00, 手续费: 0.00, 风险度: 0.00%
    INFO - 日期: 2022-01-21, 账户权益: 10000000.00, 可用资金: 10000000.00, 浮动盈亏: 0.00, 持仓盈亏: 0.00, 平仓盈亏: 0.00, 市值: 0.00, 保证金: 0.00, 手续费: 0.00, 风险度: 0.00%
    INFO - 日期: 2022-01-24, 账户权益: 10000000.00, 可用资金: 10000000.00, 浮动盈亏: 0.00, 持仓盈亏: 0.00, 平仓盈亏: 0.00, 市值: 0.00, 保证金: 0.00, 手续费: 0.00, 风险度: 0.00%
    INFO - 日期: 2022-01-25, 账户权益: 10000000.00, 可用资金: 10000000.00, 浮动盈亏: 0.00, 持仓盈亏: 0.00, 平仓盈亏: 0.00, 市值: 0.00, 保证金: 0.00, 手续费: 0.00, 风险度: 0.00%
    INFO - 日期: 2022-01-26, 账户权益: 10000000.00, 可用资金: 10000000.00, 浮动盈亏: 0.00, 持仓盈亏: 0.00, 平仓盈亏: 0.00, 市值: 0.00, 保证金: 0.00, 手续费: 0.00, 风险度: 0.00%
    INFO - 日期: 2022-01-27, 账户权益: 10000000.00, 可用资金: 10000000.00, 浮动盈亏: 0.00, 持仓盈亏: 0.00, 平仓盈亏: 0.00, 市值: 0.00, 保证金: 0.00, 手续费: 0.00, 风险度: 0.00%
    INFO - 日期: 2022-01-28, 账户权益: 10000000.00, 可用资金: 10000000.00, 浮动盈亏: 0.00, 持仓盈亏: 0.00, 平仓盈亏: 0.00, 市值: 0.00, 保证金: 0.00, 手续费: 0.00, 风险度: 0.00%
    INFO - 日期: 2022-02-07, 账户权益: 10000000.00, 可用资金: 10000000.00, 浮动盈亏: 0.00, 持仓盈亏: 0.00, 平仓盈亏: 0.00, 市值: 0.00, 保证金: 0.00, 手续费: 0.00, 风险度: 0.00%
    INFO - 日期: 2022-02-08, 账户权益: 10000000.00, 可用资金: 10000000.00, 浮动盈亏: 0.00, 持仓盈亏: 0.00, 平仓盈亏: 0.00, 市值: 0.00, 保证金: 0.00, 手续费: 0.00, 风险度: 0.00%
    INFO - 日期: 2022-02-09, 账户权益: 10000000.00, 可用资金: 10000000.00, 浮动盈亏: 0.00, 持仓盈亏: 0.00, 平仓盈亏: 0.00, 市值: 0.00, 保证金: 0.00, 手续费: 0.00, 风险度: 0.00%
    INFO - 日期: 2022-02-10, 账户权益: 10000000.00, 可用资金: 10000000.00, 浮动盈亏: 0.00, 持仓盈亏: 0.00, 平仓盈亏: 0.00, 市值: 0.00, 保证金: 0.00, 手续费: 0.00, 风险度: 0.00%
    INFO - 日期: 2022-02-11, 账户权益: 10000000.00, 可用资金: 10000000.00, 浮动盈亏: 0.00, 持仓盈亏: 0.00, 平仓盈亏: 0.00, 市值: 0.00, 保证金: 0.00, 手续费: 0.00, 风险度: 0.00%
    INFO - 日期: 2022-02-14, 账户权益: 10000000.00, 可用资金: 10000000.00, 浮动盈亏: 0.00, 持仓盈亏: 0.00, 平仓盈亏: 0.00, 市值: 0.00, 保证金: 0.00, 手续费: 0.00, 风险度: 0.00%
    INFO - 日期: 2022-02-15, 账户权益: 10000000.00, 可用资金: 10000000.00, 浮动盈亏: 0.00, 持仓盈亏: 0.00, 平仓盈亏: 0.00, 市值: 0.00, 保证金: 0.00, 手续费: 0.00, 风险度: 0.00%
    INFO - 日期: 2022-02-16, 账户权益: 10000000.00, 可用资金: 10000000.00, 浮动盈亏: 0.00, 持仓盈亏: 0.00, 平仓盈亏: 0.00, 市值: 0.00, 保证金: 0.00, 手续费: 0.00, 风险度: 0.00%
    INFO - 日期: 2022-02-17, 账户权益: 10000000.00, 可用资金: 10000000.00, 浮动盈亏: 0.00, 持仓盈亏: 0.00, 平仓盈亏: 0.00, 市值: 0.00, 保证金: 0.00, 手续费: 0.00, 风险度: 0.00%
    INFO - 日期: 2022-02-18, 账户权益: 10000000.00, 可用资金: 10000000.00, 浮动盈亏: 0.00, 持仓盈亏: 0.00, 平仓盈亏: 0.00, 市值: 0.00, 保证金: 0.00, 手续费: 0.00, 风险度: 0.00%
    INFO - 日期: 2022-02-21, 账户权益: 10000000.00, 可用资金: 10000000.00, 浮动盈亏: 0.00, 持仓盈亏: 0.00, 平仓盈亏: 0.00, 市值: 0.00, 保证金: 0.00, 手续费: 0.00, 风险度: 0.00%
    INFO - 日期: 2022-02-22, 账户权益: 10000000.00, 可用资金: 10000000.00, 浮动盈亏: 0.00, 持仓盈亏: 0.00, 平仓盈亏: 0.00, 市值: 0.00, 保证金: 0.00, 手续费: 0.00, 风险度: 0.00%
    INFO - 日期: 2022-02-23, 账户权益: 10000000.00, 可用资金: 10000000.00, 浮动盈亏: 0.00, 持仓盈亏: 0.00, 平仓盈亏: 0.00, 市值: 0.00, 保证金: 0.00, 手续费: 0.00, 风险度: 0.00%
    INFO - 日期: 2022-02-24, 账户权益: 10000000.00, 可用资金: 10000000.00, 浮动盈亏: 0.00, 持仓盈亏: 0.00, 平仓盈亏: 0.00, 市值: 0.00, 保证金: 0.00, 手续费: 0.00, 风险度: 0.00%
    INFO - 日期: 2022-02-25, 账户权益: 10000000.00, 可用资金: 10000000.00, 浮动盈亏: 0.00, 持仓盈亏: 0.00, 平仓盈亏: 0.00, 市值: 0.00, 保证金: 0.00, 手续费: 0.00, 风险度: 0.00%
    INFO - 日期: 2022-02-28, 账户权益: 10000000.00, 可用资金: 10000000.00, 浮动盈亏: 0.00, 持仓盈亏: 0.00, 平仓盈亏: 0.00, 市值: 0.00, 保证金: 0.00, 手续费: 0.00, 风险度: 0.00%
    INFO - 日期: 2022-03-01, 账户权益: 10000000.00, 可用资金: 10000000.00, 浮动盈亏: 0.00, 持仓盈亏: 0.00, 平仓盈亏: 0.00, 市值: 0.00, 保证金: 0.00, 手续费: 0.00, 风险度: 0.00%
    INFO - 日期: 2022-03-02, 账户权益: 10000000.00, 可用资金: 10000000.00, 浮动盈亏: 0.00, 持仓盈亏: 0.00, 平仓盈亏: 0.00, 市值: 0.00, 保证金: 0.00, 手续费: 0.00, 风险度: 0.00%
    INFO - 日期: 2022-03-03, 账户权益: 10000000.00, 可用资金: 10000000.00, 浮动盈亏: 0.00, 持仓盈亏: 0.00, 平仓盈亏: 0.00, 市值: 0.00, 保证金: 0.00, 手续费: 0.00, 风险度: 0.00%
    INFO - 日期: 2022-03-04, 账户权益: 10000000.00, 可用资金: 10000000.00, 浮动盈亏: 0.00, 持仓盈亏: 0.00, 平仓盈亏: 0.00, 市值: 0.00, 保证金: 0.00, 手续费: 0.00, 风险度: 0.00%
    INFO - 日期: 2022-03-07, 账户权益: 10000000.00, 可用资金: 10000000.00, 浮动盈亏: 0.00, 持仓盈亏: 0.00, 平仓盈亏: 0.00, 市值: 0.00, 保证金: 0.00, 手续费: 0.00, 风险度: 0.00%
    INFO - 日期: 2022-03-08, 账户权益: 10000000.00, 可用资金: 10000000.00, 浮动盈亏: 0.00, 持仓盈亏: 0.00, 平仓盈亏: 0.00, 市值: 0.00, 保证金: 0.00, 手续费: 0.00, 风险度: 0.00%
    INFO - 日期: 2022-03-09, 账户权益: 10000000.00, 可用资金: 10000000.00, 浮动盈亏: 0.00, 持仓盈亏: 0.00, 平仓盈亏: 0.00, 市值: 0.00, 保证金: 0.00, 手续费: 0.00, 风险度: 0.00%
    INFO - 日期: 2022-03-10, 账户权益: 10000000.00, 可用资金: 10000000.00, 浮动盈亏: 0.00, 持仓盈亏: 0.00, 平仓盈亏: 0.00, 市值: 0.00, 保证金: 0.00, 手续费: 0.00, 风险度: 0.00%
    INFO - 日期: 2022-03-11, 账户权益: 10000000.00, 可用资金: 10000000.00, 浮动盈亏: 0.00, 持仓盈亏: 0.00, 平仓盈亏: 0.00, 市值: 0.00, 保证金: 0.00, 手续费: 0.00, 风险度: 0.00%
    INFO - 日期: 2022-03-14, 账户权益: 10000000.00, 可用资金: 10000000.00, 浮动盈亏: 0.00, 持仓盈亏: 0.00, 平仓盈亏: 0.00, 市值: 0.00, 保证金: 0.00, 手续费: 0.00, 风险度: 0.00%
    INFO - 日期: 2022-03-15, 账户权益: 10000000.00, 可用资金: 10000000.00, 浮动盈亏: 0.00, 持仓盈亏: 0.00, 平仓盈亏: 0.00, 市值: 0.00, 保证金: 0.00, 手续费: 0.00, 风险度: 0.00%
    INFO - 日期: 2022-03-16, 账户权益: 10000000.00, 可用资金: 10000000.00, 浮动盈亏: 0.00, 持仓盈亏: 0.00, 平仓盈亏: 0.00, 市值: 0.00, 保证金: 0.00, 手续费: 0.00, 风险度: 0.00%
    INFO - 胜率: 0.00%, 盈亏额比例: inf, 收益率: 0.00%, 年化收益率: 0.00%, 最大回撤: 0.00%, 年化夏普率: inf,年化索提诺比率: -15.8114
    INFO - 回测结束
extracted rank=56 SM205.CZCE CZCE.SM205 rows=9030 elapsed=10.81
    INFO - 模拟交易成交记录, 账户: TQSIM
    INFO - 模拟交易账户资金, 账户: TQSIM
    INFO - 日期: 2024-12-18, 账户权益: 10000000.00, 可用资金: 10000000.00, 浮动盈亏: 0.00, 持仓盈亏: 0.00, 平仓盈亏: 0.00, 市值: 0.00, 保证金: 0.00, 手续费: 0.00, 风险度: 0.00%
    INFO - 日期: 2024-12-19, 账户权益: 10000000.00, 可用资金: 10000000.00, 浮动盈亏: 0.00, 持仓盈亏: 0.00, 平仓盈亏: 0.00, 市值: 0.00, 保证金: 0.00, 手续费: 0.00, 风险度: 0.00%
    INFO - 日期: 2024-12-20, 账户权益: 10000000.00, 可用资金: 10000000.00, 浮动盈亏: 0.00, 持仓盈亏: 0.00, 平仓盈亏: 0.00, 市值: 0.00, 保证金: 0.00, 手续费: 0.00, 风险度: 0.00%
    INFO - 日期: 2024-12-23, 账户权益: 10000000.00, 可用资金: 10000000.00, 浮动盈亏: 0.00, 持仓盈亏: 0.00, 平仓盈亏: 0.00, 市值: 0.00, 保证金: 0.00, 手续费: 0.00, 风险度: 0.00%
    INFO - 日期: 2024-12-24, 账户权益: 10000000.00, 可用资金: 10000000.00, 浮动盈亏: 0.00, 持仓盈亏: 0.00, 平仓盈亏: 0.00, 市值: 0.00, 保证金: 0.00, 手续费: 0.00, 风险度: 0.00%
    INFO - 日期: 2024-12-25, 账户权益: 10000000.00, 可用资金: 10000000.00, 浮动盈亏: 0.00, 持仓盈亏: 0.00, 平仓盈亏: 0.00, 市值: 0.00, 保证金: 0.00, 手续费: 0.00, 风险度: 0.00%
    INFO - 日期: 2024-12-26, 账户权益: 10000000.00, 可用资金: 10000000.00, 浮动盈亏: 0.00, 持仓盈亏: 0.00, 平仓盈亏: 0.00, 市值: 0.00, 保证金: 0.00, 手续费: 0.00, 风险度: 0.00%
    INFO - 日期: 2024-12-27, 账户权益: 10000000.00, 可用资金: 10000000.00, 浮动盈亏: 0.00, 持仓盈亏: 0.00, 平仓盈亏: 0.00, 市值: 0.00, 保证金: 0.00, 手续费: 0.00, 风险度: 0.00%
    INFO - 日期: 2024-12-30, 账户权益: 10000000.00, 可用资金: 10000000.00, 浮动盈亏: 0.00, 持仓盈亏: 0.00, 平仓盈亏: 0.00, 市值: 0.00, 保证金: 0.00, 手续费: 0.00, 风险度: 0.00%
    INFO - 日期: 2024-12-31, 账户权益: 10000000.00, 可用资金: 10000000.00, 浮动盈亏: 0.00, 持仓盈亏: 0.00, 平仓盈亏: 0.00, 市值: 0.00, 保证金: 0.00, 手续费: 0.00, 风险度: 0.00%
    INFO - 日期: 2025-01-02, 账户权益: 10000000.00, 可用资金: 10000000.00, 浮动盈亏: 0.00, 持仓盈亏: 0.00, 平仓盈亏: 0.00, 市值: 0.00, 保证金: 0.00, 手续费: 0.00, 风险度: 0.00%
    INFO - 日期: 2025-01-03, 账户权益: 10000000.00, 可用资金: 10000000.00, 浮动盈亏: 0.00, 持仓盈亏: 0.00, 平仓盈亏: 0.00, 市值: 0.00, 保证金: 0.00, 手续费: 0.00, 风险度: 0.00%
    INFO - 日期: 2025-01-06, 账户权益: 10000000.00, 可用资金: 10000000.00, 浮动盈亏: 0.00, 持仓盈亏: 0.00, 平仓盈亏: 0.00, 市值: 0.00, 保证金: 0.00, 手续费: 0.00, 风险度: 0.00%
    INFO - 日期: 2025-01-07, 账户权益: 10000000.00, 可用资金: 10000000.00, 浮动盈亏: 0.00, 持仓盈亏: 0.00, 平仓盈亏: 0.00, 市值: 0.00, 保证金: 0.00, 手续费: 0.00, 风险度: 0.00%
    INFO - 日期: 2025-01-08, 账户权益: 10000000.00, 可用资金: 10000000.00, 浮动盈亏: 0.00, 持仓盈亏: 0.00, 平仓盈亏: 0.00, 市值: 0.00, 保证金: 0.00, 手续费: 0.00, 风险度: 0.00%
    INFO - 日期: 2025-01-09, 账户权益: 10000000.00, 可用资金: 10000000.00, 浮动盈亏: 0.00, 持仓盈亏: 0.00, 平仓盈亏: 0.00, 市值: 0.00, 保证金: 0.00, 手续费: 0.00, 风险度: 0.00%
    INFO - 日期: 2025-01-10, 账户权益: 10000000.00, 可用资金: 10000000.00, 浮动盈亏: 0.00, 持仓盈亏: 0.00, 平仓盈亏: 0.00, 市值: 0.00, 保证金: 0.00, 手续费: 0.00, 风险度: 0.00%
    INFO - 日期: 2025-01-13, 账户权益: 10000000.00, 可用资金: 10000000.00, 浮动盈亏: 0.00, 持仓盈亏: 0.00, 平仓盈亏: 0.00, 市值: 0.00, 保证金: 0.00, 手续费: 0.00, 风险度: 0.00%
    INFO - 日期: 2025-01-14, 账户权益: 10000000.00, 可用资金: 10000000.00, 浮动盈亏: 0.00, 持仓盈亏: 0.00, 平仓盈亏: 0.00, 市值: 0.00, 保证金: 0.00, 手续费: 0.00, 风险度: 0.00%
    INFO - 日期: 2025-01-15, 账户权益: 10000000.00, 可用资金: 10000000.00, 浮动盈亏: 0.00, 持仓盈亏: 0.00, 平仓盈亏: 0.00, 市值: 0.00, 保证金: 0.00, 手续费: 0.00, 风险度: 0.00%
    INFO - 日期: 2025-01-16, 账户权益: 10000000.00, 可用资金: 10000000.00, 浮动盈亏: 0.00, 持仓盈亏: 0.00, 平仓盈亏: 0.00, 市值: 0.00, 保证金: 0.00, 手续费: 0.00, 风险度: 0.00%
    INFO - 日期: 2025-01-17, 账户权益: 10000000.00, 可用资金: 10000000.00, 浮动盈亏: 0.00, 持仓盈亏: 0.00, 平仓盈亏: 0.00, 市值: 0.00, 保证金: 0.00, 手续费: 0.00, 风险度: 0.00%
    INFO - 日期: 2025-01-20, 账户权益: 10000000.00, 可用资金: 10000000.00, 浮动盈亏: 0.00, 持仓盈亏: 0.00, 平仓盈亏: 0.00, 市值: 0.00, 保证金: 0.00, 手续费: 0.00, 风险度: 0.00%
    INFO - 日期: 2025-01-21, 账户权益: 10000000.00, 可用资金: 10000000.00, 浮动盈亏: 0.00, 持仓盈亏: 0.00, 平仓盈亏: 0.00, 市值: 0.00, 保证金: 0.00, 手续费: 0.00, 风险度: 0.00%
    INFO - 日期: 2025-01-22, 账户权益: 10000000.00, 可用资金: 10000000.00, 浮动盈亏: 0.00, 持仓盈亏: 0.00, 平仓盈亏: 0.00, 市值: 0.00, 保证金: 0.00, 手续费: 0.00, 风险度: 0.00%
    INFO - 日期: 2025-01-23, 账户权益: 10000000.00, 可用资金: 10000000.00, 浮动盈亏: 0.00, 持仓盈亏: 0.00, 平仓盈亏: 0.00, 市值: 0.00, 保证金: 0.00, 手续费: 0.00, 风险度: 0.00%
    INFO - 日期: 2025-01-24, 账户权益: 10000000.00, 可用资金: 10000000.00, 浮动盈亏: 0.00, 持仓盈亏: 0.00, 平仓盈亏: 0.00, 市值: 0.00, 保证金: 0.00, 手续费: 0.00, 风险度: 0.00%
    INFO - 日期: 2025-01-27, 账户权益: 10000000.00, 可用资金: 10000000.00, 浮动盈亏: 0.00, 持仓盈亏: 0.00, 平仓盈亏: 0.00, 市值: 0.00, 保证金: 0.00, 手续费: 0.00, 风险度: 0.00%
    INFO - 日期: 2025-02-05, 账户权益: 10000000.00, 可用资金: 10000000.00, 浮动盈亏: 0.00, 持仓盈亏: 0.00, 平仓盈亏: 0.00, 市值: 0.00, 保证金: 0.00, 手续费: 0.00, 风险度: 0.00%
    INFO - 日期: 2025-02-06, 账户权益: 10000000.00, 可用资金: 10000000.00, 浮动盈亏: 0.00, 持仓盈亏: 0.00, 平仓盈亏: 0.00, 市值: 0.00, 保证金: 0.00, 手续费: 0.00, 风险度: 0.00%
    INFO - 日期: 2025-02-07, 账户权益: 10000000.00, 可用资金: 10000000.00, 浮动盈亏: 0.00, 持仓盈亏: 0.00, 平仓盈亏: 0.00, 市值: 0.00, 保证金: 0.00, 手续费: 0.00, 风险度: 0.00%
    INFO - 日期: 2025-02-10, 账户权益: 10000000.00, 可用资金: 10000000.00, 浮动盈亏: 0.00, 持仓盈亏: 0.00, 平仓盈亏: 0.00, 市值: 0.00, 保证金: 0.00, 手续费: 0.00, 风险度: 0.00%
    INFO - 日期: 2025-02-11, 账户权益: 10000000.00, 可用资金: 10000000.00, 浮动盈亏: 0.00, 持仓盈亏: 0.00, 平仓盈亏: 0.00, 市值: 0.00, 保证金: 0.00, 手续费: 0.00, 风险度: 0.00%
    INFO - 日期: 2025-02-12, 账户权益: 10000000.00, 可用资金: 10000000.00, 浮动盈亏: 0.00, 持仓盈亏: 0.00, 平仓盈亏: 0.00, 市值: 0.00, 保证金: 0.00, 手续费: 0.00, 风险度: 0.00%
    INFO - 日期: 2025-02-13, 账户权益: 10000000.00, 可用资金: 10000000.00, 浮动盈亏: 0.00, 持仓盈亏: 0.00, 平仓盈亏: 0.00, 市值: 0.00, 保证金: 0.00, 手续费: 0.00, 风险度: 0.00%
    INFO - 日期: 2025-02-14, 账户权益: 10000000.00, 可用资金: 10000000.00, 浮动盈亏: 0.00, 持仓盈亏: 0.00, 平仓盈亏: 0.00, 市值: 0.00, 保证金: 0.00, 手续费: 0.00, 风险度: 0.00%
    INFO - 日期: 2025-02-17, 账户权益: 10000000.00, 可用资金: 10000000.00, 浮动盈亏: 0.00, 持仓盈亏: 0.00, 平仓盈亏: 0.00, 市值: 0.00, 保证金: 0.00, 手续费: 0.00, 风险度: 0.00%
    INFO - 日期: 2025-02-18, 账户权益: 10000000.00, 可用资金: 10000000.00, 浮动盈亏: 0.00, 持仓盈亏: 0.00, 平仓盈亏: 0.00, 市值: 0.00, 保证金: 0.00, 手续费: 0.00, 风险度: 0.00%
    INFO - 日期: 2025-02-19, 账户权益: 10000000.00, 可用资金: 10000000.00, 浮动盈亏: 0.00, 持仓盈亏: 0.00, 平仓盈亏: 0.00, 市值: 0.00, 保证金: 0.00, 手续费: 0.00, 风险度: 0.00%
    INFO - 日期: 2025-02-20, 账户权益: 10000000.00, 可用资金: 10000000.00, 浮动盈亏: 0.00, 持仓盈亏: 0.00, 平仓盈亏: 0.00, 市值: 0.00, 保证金: 0.00, 手续费: 0.00, 风险度: 0.00%
    INFO - 日期: 2025-02-21, 账户权益: 10000000.00, 可用资金: 10000000.00, 浮动盈亏: 0.00, 持仓盈亏: 0.00, 平仓盈亏: 0.00, 市值: 0.00, 保证金: 0.00, 手续费: 0.00, 风险度: 0.00%
    INFO - 日期: 2025-02-24, 账户权益: 10000000.00, 可用资金: 10000000.00, 浮动盈亏: 0.00, 持仓盈亏: 0.00, 平仓盈亏: 0.00, 市值: 0.00, 保证金: 0.00, 手续费: 0.00, 风险度: 0.00%
    INFO - 日期: 2025-02-25, 账户权益: 10000000.00, 可用资金: 10000000.00, 浮动盈亏: 0.00, 持仓盈亏: 0.00, 平仓盈亏: 0.00, 市值: 0.00, 保证金: 0.00, 手续费: 0.00, 风险度: 0.00%
    INFO - 日期: 2025-02-26, 账户权益: 10000000.00, 可用资金: 10000000.00, 浮动盈亏: 0.00, 持仓盈亏: 0.00, 平仓盈亏: 0.00, 市值: 0.00, 保证金: 0.00, 手续费: 0.00, 风险度: 0.00%
    INFO - 日期: 2025-02-27, 账户权益: 10000000.00, 可用资金: 10000000.00, 浮动盈亏: 0.00, 持仓盈亏: 0.00, 平仓盈亏: 0.00, 市值: 0.00, 保证金: 0.00, 手续费: 0.00, 风险度: 0.00%
    INFO - 日期: 2025-02-28, 账户权益: 10000000.00, 可用资金: 10000000.00, 浮动盈亏: 0.00, 持仓盈亏: 0.00, 平仓盈亏: 0.00, 市值: 0.00, 保证金: 0.00, 手续费: 0.00, 风险度: 0.00%
    INFO - 日期: 2025-03-03, 账户权益: 10000000.00, 可用资金: 10000000.00, 浮动盈亏: 0.00, 持仓盈亏: 0.00, 平仓盈亏: 0.00, 市值: 0.00, 保证金: 0.00, 手续费: 0.00, 风险度: 0.00%
    INFO - 日期: 2025-03-04, 账户权益: 10000000.00, 可用资金: 10000000.00, 浮动盈亏: 0.00, 持仓盈亏: 0.00, 平仓盈亏: 0.00, 市值: 0.00, 保证金: 0.00, 手续费: 0.00, 风险度: 0.00%
    INFO - 日期: 2025-03-05, 账户权益: 10000000.00, 可用资金: 10000000.00, 浮动盈亏: 0.00, 持仓盈亏: 0.00, 平仓盈亏: 0.00, 市值: 0.00, 保证金: 0.00, 手续费: 0.00, 风险度: 0.00%
    INFO - 日期: 2025-03-06, 账户权益: 10000000.00, 可用资金: 10000000.00, 浮动盈亏: 0.00, 持仓盈亏: 0.00, 平仓盈亏: 0.00, 市值: 0.00, 保证金: 0.00, 手续费: 0.00, 风险度: 0.00%
    INFO - 日期: 2025-03-07, 账户权益: 10000000.00, 可用资金: 10000000.00, 浮动盈亏: 0.00, 持仓盈亏: 0.00, 平仓盈亏: 0.00, 市值: 0.00, 保证金: 0.00, 手续费: 0.00, 风险度: 0.00%
    INFO - 日期: 2025-03-10, 账户权益: 10000000.00, 可用资金: 10000000.00, 浮动盈亏: 0.00, 持仓盈亏: 0.00, 平仓盈亏: 0.00, 市值: 0.00, 保证金: 0.00, 手续费: 0.00, 风险度: 0.00%
    INFO - 日期: 2025-03-11, 账户权益: 10000000.00, 可用资金: 10000000.00, 浮动盈亏: 0.00, 持仓盈亏: 0.00, 平仓盈亏: 0.00, 市值: 0.00, 保证金: 0.00, 手续费: 0.00, 风险度: 0.00%
    INFO - 日期: 2025-03-12, 账户权益: 10000000.00, 可用资金: 10000000.00, 浮动盈亏: 0.00, 持仓盈亏: 0.00, 平仓盈亏: 0.00, 市值: 0.00, 保证金: 0.00, 手续费: 0.00, 风险度: 0.00%
    INFO - 日期: 2025-03-13, 账户权益: 10000000.00, 可用资金: 10000000.00, 浮动盈亏: 0.00, 持仓盈亏: 0.00, 平仓盈亏: 0.00, 市值: 0.00, 保证金: 0.00, 手续费: 0.00, 风险度: 0.00%
    INFO - 日期: 2025-03-14, 账户权益: 10000000.00, 可用资金: 10000000.00, 浮动盈亏: 0.00, 持仓盈亏: 0.00, 平仓盈亏: 0.00, 市值: 0.00, 保证金: 0.00, 手续费: 0.00, 风险度: 0.00%
    INFO - 日期: 2025-03-17, 账户权益: 10000000.00, 可用资金: 10000000.00, 浮动盈亏: 0.00, 持仓盈亏: 0.00, 平仓盈亏: 0.00, 市值: 0.00, 保证金: 0.00, 手续费: 0.00, 风险度: 0.00%
    INFO - 日期: 2025-03-18, 账户权益: 10000000.00, 可用资金: 10000000.00, 浮动盈亏: 0.00, 持仓盈亏: 0.00, 平仓盈亏: 0.00, 市值: 0.00, 保证金: 0.00, 手续费: 0.00, 风险度: 0.00%
    INFO - 日期: 2025-03-19, 账户权益: 10000000.00, 可用资金: 10000000.00, 浮动盈亏: 0.00, 持仓盈亏: 0.00, 平仓盈亏: 0.00, 市值: 0.00, 保证金: 0.00, 手续费: 0.00, 风险度: 0.00%
    INFO - 日期: 2025-03-20, 账户权益: 10000000.00, 可用资金: 10000000.00, 浮动盈亏: 0.00, 持仓盈亏: 0.00, 平仓盈亏: 0.00, 市值: 0.00, 保证金: 0.00, 手续费: 0.00, 风险度: 0.00%
    INFO - 日期: 2025-03-21, 账户权益: 10000000.00, 可用资金: 10000000.00, 浮动盈亏: 0.00, 持仓盈亏: 0.00, 平仓盈亏: 0.00, 市值: 0.00, 保证金: 0.00, 手续费: 0.00, 风险度: 0.00%
    INFO - 日期: 2025-03-24, 账户权益: 10000000.00, 可用资金: 10000000.00, 浮动盈亏: 0.00, 持仓盈亏: 0.00, 平仓盈亏: 0.00, 市值: 0.00, 保证金: 0.00, 手续费: 0.00, 风险度: 0.00%
    INFO - 日期: 2025-03-25, 账户权益: 10000000.00, 可用资金: 10000000.00, 浮动盈亏: 0.00, 持仓盈亏: 0.00, 平仓盈亏: 0.00, 市值: 0.00, 保证金: 0.00, 手续费: 0.00, 风险度: 0.00%
    INFO - 日期: 2025-03-26, 账户权益: 10000000.00, 可用资金: 10000000.00, 浮动盈亏: 0.00, 持仓盈亏: 0.00, 平仓盈亏: 0.00, 市值: 0.00, 保证金: 0.00, 手续费: 0.00, 风险度: 0.00%
    INFO - 日期: 2025-03-27, 账户权益: 10000000.00, 可用资金: 10000000.00, 浮动盈亏: 0.00, 持仓盈亏: 0.00, 平仓盈亏: 0.00, 市值: 0.00, 保证金: 0.00, 手续费: 0.00, 风险度: 0.00%
    INFO - 胜率: 0.00%, 盈亏额比例: inf, 收益率: 0.00%, 年化收益率: 0.00%, 最大回撤: 0.00%, 年化夏普率: inf,年化索提诺比率: -15.8114
    INFO - 回测结束
extracted rank=57 SM505.CZCE CZCE.SM505 rows=14205 elapsed=14.84
    INFO - 回测结束
    INFO - 模拟交易成交记录, 账户: TQSIM
    INFO - 模拟交易账户资金, 账户: TQSIM
    INFO - 日期: 2021-08-11, 账户权益: 10000000.00, 可用资金: 10000000.00, 浮动盈亏: 0.00, 持仓盈亏: 0.00, 平仓盈亏: 0.00, 市值: 0.00, 保证金: 0.00, 手续费: 0.00, 风险度: 0.00%
    INFO - 日期: 2021-08-12, 账户权益: 10000000.00, 可用资金: 10000000.00, 浮动盈亏: 0.00, 持仓盈亏: 0.00, 平仓盈亏: 0.00, 市值: 0.00, 保证金: 0.00, 手续费: 0.00, 风险度: 0.00%
    INFO - 日期: 2021-08-13, 账户权益: 10000000.00, 可用资金: 10000000.00, 浮动盈亏: 0.00, 持仓盈亏: 0.00, 平仓盈亏: 0.00, 市值: 0.00, 保证金: 0.00, 手续费: 0.00, 风险度: 0.00%
    INFO - 日期: 2021-08-16, 账户权益: 10000000.00, 可用资金: 10000000.00, 浮动盈亏: 0.00, 持仓盈亏: 0.00, 平仓盈亏: 0.00, 市值: 0.00, 保证金: 0.00, 手续费: 0.00, 风险度: 0.00%
    INFO - 日期: 2021-08-17, 账户权益: 10000000.00, 可用资金: 10000000.00, 浮动盈亏: 0.00, 持仓盈亏: 0.00, 平仓盈亏: 0.00, 市值: 0.00, 保证金: 0.00, 手续费: 0.00, 风险度: 0.00%
    INFO - 日期: 2021-08-18, 账户权益: 10000000.00, 可用资金: 10000000.00, 浮动盈亏: 0.00, 持仓盈亏: 0.00, 平仓盈亏: 0.00, 市值: 0.00, 保证金: 0.00, 手续费: 0.00, 风险度: 0.00%
    INFO - 日期: 2021-08-19, 账户权益: 10000000.00, 可用资金: 10000000.00, 浮动盈亏: 0.00, 持仓盈亏: 0.00, 平仓盈亏: 0.00, 市值: 0.00, 保证金: 0.00, 手续费: 0.00, 风险度: 0.00%
    INFO - 日期: 2021-08-20, 账户权益: 10000000.00, 可用资金: 10000000.00, 浮动盈亏: 0.00, 持仓盈亏: 0.00, 平仓盈亏: 0.00, 市值: 0.00, 保证金: 0.00, 手续费: 0.00, 风险度: 0.00%
    INFO - 日期: 2021-08-23, 账户权益: 10000000.00, 可用资金: 10000000.00, 浮动盈亏: 0.00, 持仓盈亏: 0.00, 平仓盈亏: 0.00, 市值: 0.00, 保证金: 0.00, 手续费: 0.00, 风险度: 0.00%
    INFO - 日期: 2021-08-24, 账户权益: 10000000.00, 可用资金: 10000000.00, 浮动盈亏: 0.00, 持仓盈亏: 0.00, 平仓盈亏: 0.00, 市值: 0.00, 保证金: 0.00, 手续费: 0.00, 风险度: 0.00%
    INFO - 日期: 2021-08-25, 账户权益: 10000000.00, 可用资金: 10000000.00, 浮动盈亏: 0.00, 持仓盈亏: 0.00, 平仓盈亏: 0.00, 市值: 0.00, 保证金: 0.00, 手续费: 0.00, 风险度: 0.00%
    INFO - 日期: 2021-08-26, 账户权益: 10000000.00, 可用资金: 10000000.00, 浮动盈亏: 0.00, 持仓盈亏: 0.00, 平仓盈亏: 0.00, 市值: 0.00, 保证金: 0.00, 手续费: 0.00, 风险度: 0.00%
    INFO - 日期: 2021-08-27, 账户权益: 10000000.00, 可用资金: 10000000.00, 浮动盈亏: 0.00, 持仓盈亏: 0.00, 平仓盈亏: 0.00, 市值: 0.00, 保证金: 0.00, 手续费: 0.00, 风险度: 0.00%
    INFO - 日期: 2021-08-30, 账户权益: 10000000.00, 可用资金: 10000000.00, 浮动盈亏: 0.00, 持仓盈亏: 0.00, 平仓盈亏: 0.00, 市值: 0.00, 保证金: 0.00, 手续费: 0.00, 风险度: 0.00%
    INFO - 日期: 2021-08-31, 账户权益: 10000000.00, 可用资金: 10000000.00, 浮动盈亏: 0.00, 持仓盈亏: 0.00, 平仓盈亏: 0.00, 市值: 0.00, 保证金: 0.00, 手续费: 0.00, 风险度: 0.00%
    INFO - 日期: 2021-09-01, 账户权益: 10000000.00, 可用资金: 10000000.00, 浮动盈亏: 0.00, 持仓盈亏: 0.00, 平仓盈亏: 0.00, 市值: 0.00, 保证金: 0.00, 手续费: 0.00, 风险度: 0.00%
    INFO - 日期: 2021-09-02, 账户权益: 10000000.00, 可用资金: 10000000.00, 浮动盈亏: 0.00, 持仓盈亏: 0.00, 平仓盈亏: 0.00, 市值: 0.00, 保证金: 0.00, 手续费: 0.00, 风险度: 0.00%
    INFO - 日期: 2021-09-03, 账户权益: 10000000.00, 可用资金: 10000000.00, 浮动盈亏: 0.00, 持仓盈亏: 0.00, 平仓盈亏: 0.00, 市值: 0.00, 保证金: 0.00, 手续费: 0.00, 风险度: 0.00%
    INFO - 日期: 2021-09-06, 账户权益: 10000000.00, 可用资金: 10000000.00, 浮动盈亏: 0.00, 持仓盈亏: 0.00, 平仓盈亏: 0.00, 市值: 0.00, 保证金: 0.00, 手续费: 0.00, 风险度: 0.00%
    INFO - 日期: 2021-09-07, 账户权益: 10000000.00, 可用资金: 10000000.00, 浮动盈亏: 0.00, 持仓盈亏: 0.00, 平仓盈亏: 0.00, 市值: 0.00, 保证金: 0.00, 手续费: 0.00, 风险度: 0.00%
    INFO - 日期: 2021-09-08, 账户权益: 10000000.00, 可用资金: 10000000.00, 浮动盈亏: 0.00, 持仓盈亏: 0.00, 平仓盈亏: 0.00, 市值: 0.00, 保证金: 0.00, 手续费: 0.00, 风险度: 0.00%
    INFO - 日期: 2021-09-09, 账户权益: 10000000.00, 可用资金: 10000000.00, 浮动盈亏: 0.00, 持仓盈亏: 0.00, 平仓盈亏: 0.00, 市值: 0.00, 保证金: 0.00, 手续费: 0.00, 风险度: 0.00%
    INFO - 日期: 2021-09-10, 账户权益: 10000000.00, 可用资金: 10000000.00, 浮动盈亏: 0.00, 持仓盈亏: 0.00, 平仓盈亏: 0.00, 市值: 0.00, 保证金: 0.00, 手续费: 0.00, 风险度: 0.00%
    INFO - 日期: 2021-09-13, 账户权益: 10000000.00, 可用资金: 10000000.00, 浮动盈亏: 0.00, 持仓盈亏: 0.00, 平仓盈亏: 0.00, 市值: 0.00, 保证金: 0.00, 手续费: 0.00, 风险度: 0.00%
    INFO - 日期: 2021-09-14, 账户权益: 10000000.00, 可用资金: 10000000.00, 浮动盈亏: 0.00, 持仓盈亏: 0.00, 平仓盈亏: 0.00, 市值: 0.00, 保证金: 0.00, 手续费: 0.00, 风险度: 0.00%
    INFO - 日期: 2021-09-15, 账户权益: 10000000.00, 可用资金: 10000000.00, 浮动盈亏: 0.00, 持仓盈亏: 0.00, 平仓盈亏: 0.00, 市值: 0.00, 保证金: 0.00, 手续费: 0.00, 风险度: 0.00%
    INFO - 日期: 2021-09-16, 账户权益: 10000000.00, 可用资金: 10000000.00, 浮动盈亏: 0.00, 持仓盈亏: 0.00, 平仓盈亏: 0.00, 市值: 0.00, 保证金: 0.00, 手续费: 0.00, 风险度: 0.00%
    INFO - 日期: 2021-09-17, 账户权益: 10000000.00, 可用资金: 10000000.00, 浮动盈亏: 0.00, 持仓盈亏: 0.00, 平仓盈亏: 0.00, 市值: 0.00, 保证金: 0.00, 手续费: 0.00, 风险度: 0.00%
    INFO - 日期: 2021-09-22, 账户权益: 10000000.00, 可用资金: 10000000.00, 浮动盈亏: 0.00, 持仓盈亏: 0.00, 平仓盈亏: 0.00, 市值: 0.00, 保证金: 0.00, 手续费: 0.00, 风险度: 0.00%
    INFO - 日期: 2021-09-23, 账户权益: 10000000.00, 可用资金: 10000000.00, 浮动盈亏: 0.00, 持仓盈亏: 0.00, 平仓盈亏: 0.00, 市值: 0.00, 保证金: 0.00, 手续费: 0.00, 风险度: 0.00%
    INFO - 日期: 2021-09-24, 账户权益: 10000000.00, 可用资金: 10000000.00, 浮动盈亏: 0.00, 持仓盈亏: 0.00, 平仓盈亏: 0.00, 市值: 0.00, 保证金: 0.00, 手续费: 0.00, 风险度: 0.00%
    INFO - 日期: 2021-09-27, 账户权益: 10000000.00, 可用资金: 10000000.00, 浮动盈亏: 0.00, 持仓盈亏: 0.00, 平仓盈亏: 0.00, 市值: 0.00, 保证金: 0.00, 手续费: 0.00, 风险度: 0.00%
    INFO - 日期: 2021-09-28, 账户权益: 10000000.00, 可用资金: 10000000.00, 浮动盈亏: 0.00, 持仓盈亏: 0.00, 平仓盈亏: 0.00, 市值: 0.00, 保证金: 0.00, 手续费: 0.00, 风险度: 0.00%
    INFO - 日期: 2021-09-29, 账户权益: 10000000.00, 可用资金: 10000000.00, 浮动盈亏: 0.00, 持仓盈亏: 0.00, 平仓盈亏: 0.00, 市值: 0.00, 保证金: 0.00, 手续费: 0.00, 风险度: 0.00%
    INFO - 日期: 2021-09-30, 账户权益: 10000000.00, 可用资金: 10000000.00, 浮动盈亏: 0.00, 持仓盈亏: 0.00, 平仓盈亏: 0.00, 市值: 0.00, 保证金: 0.00, 手续费: 0.00, 风险度: 0.00%
    INFO - 日期: 2021-10-08, 账户权益: 10000000.00, 可用资金: 10000000.00, 浮动盈亏: 0.00, 持仓盈亏: 0.00, 平仓盈亏: 0.00, 市值: 0.00, 保证金: 0.00, 手续费: 0.00, 风险度: 0.00%
    INFO - 日期: 2021-10-11, 账户权益: 10000000.00, 可用资金: 10000000.00, 浮动盈亏: 0.00, 持仓盈亏: 0.00, 平仓盈亏: 0.00, 市值: 0.00, 保证金: 0.00, 手续费: 0.00, 风险度: 0.00%
    INFO - 胜率: 0.00%, 盈亏额比例: inf, 收益率: 0.00%, 年化收益率: 0.00%, 最大回撤: 0.00%, 年化夏普率: inf,年化索提诺比率: -15.8114
extracted rank=58 CF201.CZCE CZCE.CF201 rows=11969 elapsed=13.05
    INFO - 模拟交易成交记录, 账户: TQSIM
    INFO - 模拟交易账户资金, 账户: TQSIM
    INFO - 日期: 2021-04-14, 账户权益: 10000000.00, 可用资金: 10000000.00, 浮动盈亏: 0.00, 持仓盈亏: 0.00, 平仓盈亏: 0.00, 市值: 0.00, 保证金: 0.00, 手续费: 0.00, 风险度: 0.00%
    INFO - 日期: 2021-04-15, 账户权益: 10000000.00, 可用资金: 10000000.00, 浮动盈亏: 0.00, 持仓盈亏: 0.00, 平仓盈亏: 0.00, 市值: 0.00, 保证金: 0.00, 手续费: 0.00, 风险度: 0.00%
    INFO - 日期: 2021-04-16, 账户权益: 10000000.00, 可用资金: 10000000.00, 浮动盈亏: 0.00, 持仓盈亏: 0.00, 平仓盈亏: 0.00, 市值: 0.00, 保证金: 0.00, 手续费: 0.00, 风险度: 0.00%
    INFO - 日期: 2021-04-19, 账户权益: 10000000.00, 可用资金: 10000000.00, 浮动盈亏: 0.00, 持仓盈亏: 0.00, 平仓盈亏: 0.00, 市值: 0.00, 保证金: 0.00, 手续费: 0.00, 风险度: 0.00%
    INFO - 日期: 2021-04-20, 账户权益: 10000000.00, 可用资金: 10000000.00, 浮动盈亏: 0.00, 持仓盈亏: 0.00, 平仓盈亏: 0.00, 市值: 0.00, 保证金: 0.00, 手续费: 0.00, 风险度: 0.00%
    INFO - 日期: 2021-04-21, 账户权益: 10000000.00, 可用资金: 10000000.00, 浮动盈亏: 0.00, 持仓盈亏: 0.00, 平仓盈亏: 0.00, 市值: 0.00, 保证金: 0.00, 手续费: 0.00, 风险度: 0.00%
    INFO - 日期: 2021-04-22, 账户权益: 10000000.00, 可用资金: 10000000.00, 浮动盈亏: 0.00, 持仓盈亏: 0.00, 平仓盈亏: 0.00, 市值: 0.00, 保证金: 0.00, 手续费: 0.00, 风险度: 0.00%
    INFO - 日期: 2021-04-23, 账户权益: 10000000.00, 可用资金: 10000000.00, 浮动盈亏: 0.00, 持仓盈亏: 0.00, 平仓盈亏: 0.00, 市值: 0.00, 保证金: 0.00, 手续费: 0.00, 风险度: 0.00%
    INFO - 日期: 2021-04-26, 账户权益: 10000000.00, 可用资金: 10000000.00, 浮动盈亏: 0.00, 持仓盈亏: 0.00, 平仓盈亏: 0.00, 市值: 0.00, 保证金: 0.00, 手续费: 0.00, 风险度: 0.00%
    INFO - 日期: 2021-04-27, 账户权益: 10000000.00, 可用资金: 10000000.00, 浮动盈亏: 0.00, 持仓盈亏: 0.00, 平仓盈亏: 0.00, 市值: 0.00, 保证金: 0.00, 手续费: 0.00, 风险度: 0.00%
    INFO - 日期: 2021-04-28, 账户权益: 10000000.00, 可用资金: 10000000.00, 浮动盈亏: 0.00, 持仓盈亏: 0.00, 平仓盈亏: 0.00, 市值: 0.00, 保证金: 0.00, 手续费: 0.00, 风险度: 0.00%
    INFO - 日期: 2021-04-29, 账户权益: 10000000.00, 可用资金: 10000000.00, 浮动盈亏: 0.00, 持仓盈亏: 0.00, 平仓盈亏: 0.00, 市值: 0.00, 保证金: 0.00, 手续费: 0.00, 风险度: 0.00%
    INFO - 日期: 2021-04-30, 账户权益: 10000000.00, 可用资金: 10000000.00, 浮动盈亏: 0.00, 持仓盈亏: 0.00, 平仓盈亏: 0.00, 市值: 0.00, 保证金: 0.00, 手续费: 0.00, 风险度: 0.00%
    INFO - 日期: 2021-05-06, 账户权益: 10000000.00, 可用资金: 10000000.00, 浮动盈亏: 0.00, 持仓盈亏: 0.00, 平仓盈亏: 0.00, 市值: 0.00, 保证金: 0.00, 手续费: 0.00, 风险度: 0.00%
    INFO - 日期: 2021-05-07, 账户权益: 10000000.00, 可用资金: 10000000.00, 浮动盈亏: 0.00, 持仓盈亏: 0.00, 平仓盈亏: 0.00, 市值: 0.00, 保证金: 0.00, 手续费: 0.00, 风险度: 0.00%
    INFO - 日期: 2021-05-10, 账户权益: 10000000.00, 可用资金: 10000000.00, 浮动盈亏: 0.00, 持仓盈亏: 0.00, 平仓盈亏: 0.00, 市值: 0.00, 保证金: 0.00, 手续费: 0.00, 风险度: 0.00%
    INFO - 日期: 2021-05-11, 账户权益: 10000000.00, 可用资金: 10000000.00, 浮动盈亏: 0.00, 持仓盈亏: 0.00, 平仓盈亏: 0.00, 市值: 0.00, 保证金: 0.00, 手续费: 0.00, 风险度: 0.00%
    INFO - 日期: 2021-05-12, 账户权益: 10000000.00, 可用资金: 10000000.00, 浮动盈亏: 0.00, 持仓盈亏: 0.00, 平仓盈亏: 0.00, 市值: 0.00, 保证金: 0.00, 手续费: 0.00, 风险度: 0.00%
    INFO - 日期: 2021-05-13, 账户权益: 10000000.00, 可用资金: 10000000.00, 浮动盈亏: 0.00, 持仓盈亏: 0.00, 平仓盈亏: 0.00, 市值: 0.00, 保证金: 0.00, 手续费: 0.00, 风险度: 0.00%
    INFO - 日期: 2021-05-14, 账户权益: 10000000.00, 可用资金: 10000000.00, 浮动盈亏: 0.00, 持仓盈亏: 0.00, 平仓盈亏: 0.00, 市值: 0.00, 保证金: 0.00, 手续费: 0.00, 风险度: 0.00%
    INFO - 日期: 2021-05-17, 账户权益: 10000000.00, 可用资金: 10000000.00, 浮动盈亏: 0.00, 持仓盈亏: 0.00, 平仓盈亏: 0.00, 市值: 0.00, 保证金: 0.00, 手续费: 0.00, 风险度: 0.00%
    INFO - 日期: 2021-05-18, 账户权益: 10000000.00, 可用资金: 10000000.00, 浮动盈亏: 0.00, 持仓盈亏: 0.00, 平仓盈亏: 0.00, 市值: 0.00, 保证金: 0.00, 手续费: 0.00, 风险度: 0.00%
    INFO - 日期: 2021-05-19, 账户权益: 10000000.00, 可用资金: 10000000.00, 浮动盈亏: 0.00, 持仓盈亏: 0.00, 平仓盈亏: 0.00, 市值: 0.00, 保证金: 0.00, 手续费: 0.00, 风险度: 0.00%
    INFO - 日期: 2021-05-20, 账户权益: 10000000.00, 可用资金: 10000000.00, 浮动盈亏: 0.00, 持仓盈亏: 0.00, 平仓盈亏: 0.00, 市值: 0.00, 保证金: 0.00, 手续费: 0.00, 风险度: 0.00%
    INFO - 日期: 2021-05-21, 账户权益: 10000000.00, 可用资金: 10000000.00, 浮动盈亏: 0.00, 持仓盈亏: 0.00, 平仓盈亏: 0.00, 市值: 0.00, 保证金: 0.00, 手续费: 0.00, 风险度: 0.00%
    INFO - 日期: 2021-05-24, 账户权益: 10000000.00, 可用资金: 10000000.00, 浮动盈亏: 0.00, 持仓盈亏: 0.00, 平仓盈亏: 0.00, 市值: 0.00, 保证金: 0.00, 手续费: 0.00, 风险度: 0.00%
    INFO - 日期: 2021-05-25, 账户权益: 10000000.00, 可用资金: 10000000.00, 浮动盈亏: 0.00, 持仓盈亏: 0.00, 平仓盈亏: 0.00, 市值: 0.00, 保证金: 0.00, 手续费: 0.00, 风险度: 0.00%
    INFO - 日期: 2021-05-26, 账户权益: 10000000.00, 可用资金: 10000000.00, 浮动盈亏: 0.00, 持仓盈亏: 0.00, 平仓盈亏: 0.00, 市值: 0.00, 保证金: 0.00, 手续费: 0.00, 风险度: 0.00%
    INFO - 日期: 2021-05-27, 账户权益: 10000000.00, 可用资金: 10000000.00, 浮动盈亏: 0.00, 持仓盈亏: 0.00, 平仓盈亏: 0.00, 市值: 0.00, 保证金: 0.00, 手续费: 0.00, 风险度: 0.00%
    INFO - 日期: 2021-05-28, 账户权益: 10000000.00, 可用资金: 10000000.00, 浮动盈亏: 0.00, 持仓盈亏: 0.00, 平仓盈亏: 0.00, 市值: 0.00, 保证金: 0.00, 手续费: 0.00, 风险度: 0.00%
    INFO - 日期: 2021-05-31, 账户权益: 10000000.00, 可用资金: 10000000.00, 浮动盈亏: 0.00, 持仓盈亏: 0.00, 平仓盈亏: 0.00, 市值: 0.00, 保证金: 0.00, 手续费: 0.00, 风险度: 0.00%
    INFO - 日期: 2021-06-01, 账户权益: 10000000.00, 可用资金: 10000000.00, 浮动盈亏: 0.00, 持仓盈亏: 0.00, 平仓盈亏: 0.00, 市值: 0.00, 保证金: 0.00, 手续费: 0.00, 风险度: 0.00%
    INFO - 日期: 2021-06-02, 账户权益: 10000000.00, 可用资金: 10000000.00, 浮动盈亏: 0.00, 持仓盈亏: 0.00, 平仓盈亏: 0.00, 市值: 0.00, 保证金: 0.00, 手续费: 0.00, 风险度: 0.00%
    INFO - 日期: 2021-06-03, 账户权益: 10000000.00, 可用资金: 10000000.00, 浮动盈亏: 0.00, 持仓盈亏: 0.00, 平仓盈亏: 0.00, 市值: 0.00, 保证金: 0.00, 手续费: 0.00, 风险度: 0.00%
    INFO - 日期: 2021-06-04, 账户权益: 10000000.00, 可用资金: 10000000.00, 浮动盈亏: 0.00, 持仓盈亏: 0.00, 平仓盈亏: 0.00, 市值: 0.00, 保证金: 0.00, 手续费: 0.00, 风险度: 0.00%
    INFO - 日期: 2021-06-07, 账户权益: 10000000.00, 可用资金: 10000000.00, 浮动盈亏: 0.00, 持仓盈亏: 0.00, 平仓盈亏: 0.00, 市值: 0.00, 保证金: 0.00, 手续费: 0.00, 风险度: 0.00%
    INFO - 日期: 2021-06-08, 账户权益: 10000000.00, 可用资金: 10000000.00, 浮动盈亏: 0.00, 持仓盈亏: 0.00, 平仓盈亏: 0.00, 市值: 0.00, 保证金: 0.00, 手续费: 0.00, 风险度: 0.00%
    INFO - 日期: 2021-06-09, 账户权益: 10000000.00, 可用资金: 10000000.00, 浮动盈亏: 0.00, 持仓盈亏: 0.00, 平仓盈亏: 0.00, 市值: 0.00, 保证金: 0.00, 手续费: 0.00, 风险度: 0.00%
    INFO - 日期: 2021-06-10, 账户权益: 10000000.00, 可用资金: 10000000.00, 浮动盈亏: 0.00, 持仓盈亏: 0.00, 平仓盈亏: 0.00, 市值: 0.00, 保证金: 0.00, 手续费: 0.00, 风险度: 0.00%
    INFO - 日期: 2021-06-11, 账户权益: 10000000.00, 可用资金: 10000000.00, 浮动盈亏: 0.00, 持仓盈亏: 0.00, 平仓盈亏: 0.00, 市值: 0.00, 保证金: 0.00, 手续费: 0.00, 风险度: 0.00%
    INFO - 日期: 2021-06-15, 账户权益: 10000000.00, 可用资金: 10000000.00, 浮动盈亏: 0.00, 持仓盈亏: 0.00, 平仓盈亏: 0.00, 市值: 0.00, 保证金: 0.00, 手续费: 0.00, 风险度: 0.00%
    INFO - 日期: 2021-06-16, 账户权益: 10000000.00, 可用资金: 10000000.00, 浮动盈亏: 0.00, 持仓盈亏: 0.00, 平仓盈亏: 0.00, 市值: 0.00, 保证金: 0.00, 手续费: 0.00, 风险度: 0.00%
    INFO - 日期: 2021-06-17, 账户权益: 10000000.00, 可用资金: 10000000.00, 浮动盈亏: 0.00, 持仓盈亏: 0.00, 平仓盈亏: 0.00, 市值: 0.00, 保证金: 0.00, 手续费: 0.00, 风险度: 0.00%
    INFO - 日期: 2021-06-18, 账户权益: 10000000.00, 可用资金: 10000000.00, 浮动盈亏: 0.00, 持仓盈亏: 0.00, 平仓盈亏: 0.00, 市值: 0.00, 保证金: 0.00, 手续费: 0.00, 风险度: 0.00%
    INFO - 日期: 2021-06-21, 账户权益: 10000000.00, 可用资金: 10000000.00, 浮动盈亏: 0.00, 持仓盈亏: 0.00, 平仓盈亏: 0.00, 市值: 0.00, 保证金: 0.00, 手续费: 0.00, 风险度: 0.00%
    INFO - 日期: 2021-06-22, 账户权益: 10000000.00, 可用资金: 10000000.00, 浮动盈亏: 0.00, 持仓盈亏: 0.00, 平仓盈亏: 0.00, 市值: 0.00, 保证金: 0.00, 手续费: 0.00, 风险度: 0.00%
    INFO - 日期: 2021-06-23, 账户权益: 10000000.00, 可用资金: 10000000.00, 浮动盈亏: 0.00, 持仓盈亏: 0.00, 平仓盈亏: 0.00, 市值: 0.00, 保证金: 0.00, 手续费: 0.00, 风险度: 0.00%
    INFO - 日期: 2021-06-24, 账户权益: 10000000.00, 可用资金: 10000000.00, 浮动盈亏: 0.00, 持仓盈亏: 0.00, 平仓盈亏: 0.00, 市值: 0.00, 保证金: 0.00, 手续费: 0.00, 风险度: 0.00%
    INFO - 日期: 2021-06-25, 账户权益: 10000000.00, 可用资金: 10000000.00, 浮动盈亏: 0.00, 持仓盈亏: 0.00, 平仓盈亏: 0.00, 市值: 0.00, 保证金: 0.00, 手续费: 0.00, 风险度: 0.00%
    INFO - 日期: 2021-06-28, 账户权益: 10000000.00, 可用资金: 10000000.00, 浮动盈亏: 0.00, 持仓盈亏: 0.00, 平仓盈亏: 0.00, 市值: 0.00, 保证金: 0.00, 手续费: 0.00, 风险度: 0.00%
    INFO - 日期: 2021-06-29, 账户权益: 10000000.00, 可用资金: 10000000.00, 浮动盈亏: 0.00, 持仓盈亏: 0.00, 平仓盈亏: 0.00, 市值: 0.00, 保证金: 0.00, 手续费: 0.00, 风险度: 0.00%
    INFO - 日期: 2021-06-30, 账户权益: 10000000.00, 可用资金: 10000000.00, 浮动盈亏: 0.00, 持仓盈亏: 0.00, 平仓盈亏: 0.00, 市值: 0.00, 保证金: 0.00, 手续费: 0.00, 风险度: 0.00%
    INFO - 日期: 2021-07-01, 账户权益: 10000000.00, 可用资金: 10000000.00, 浮动盈亏: 0.00, 持仓盈亏: 0.00, 平仓盈亏: 0.00, 市值: 0.00, 保证金: 0.00, 手续费: 0.00, 风险度: 0.00%
    INFO - 日期: 2021-07-02, 账户权益: 10000000.00, 可用资金: 10000000.00, 浮动盈亏: 0.00, 持仓盈亏: 0.00, 平仓盈亏: 0.00, 市值: 0.00, 保证金: 0.00, 手续费: 0.00, 风险度: 0.00%
    INFO - 日期: 2021-07-05, 账户权益: 10000000.00, 可用资金: 10000000.00, 浮动盈亏: 0.00, 持仓盈亏: 0.00, 平仓盈亏: 0.00, 市值: 0.00, 保证金: 0.00, 手续费: 0.00, 风险度: 0.00%
    INFO - 日期: 2021-07-06, 账户权益: 10000000.00, 可用资金: 10000000.00, 浮动盈亏: 0.00, 持仓盈亏: 0.00, 平仓盈亏: 0.00, 市值: 0.00, 保证金: 0.00, 手续费: 0.00, 风险度: 0.00%
    INFO - 胜率: 0.00%, 盈亏额比例: inf, 收益率: 0.00%, 年化收益率: 0.00%, 最大回撤: 0.00%, 年化夏普率: inf,年化索提诺比率: -15.8114
    INFO - 回测结束
extracted rank=59 CF109.CZCE CZCE.CF109 rows=18540 elapsed=18.18
    INFO - 模拟交易成交记录, 账户: TQSIM
    INFO - 模拟交易账户资金, 账户: TQSIM
    INFO - 日期: 2022-05-12, 账户权益: 10000000.00, 可用资金: 10000000.00, 浮动盈亏: 0.00, 持仓盈亏: 0.00, 平仓盈亏: 0.00, 市值: 0.00, 保证金: 0.00, 手续费: 0.00, 风险度: 0.00%
    INFO - 日期: 2022-05-13, 账户权益: 10000000.00, 可用资金: 10000000.00, 浮动盈亏: 0.00, 持仓盈亏: 0.00, 平仓盈亏: 0.00, 市值: 0.00, 保证金: 0.00, 手续费: 0.00, 风险度: 0.00%
    INFO - 日期: 2022-05-16, 账户权益: 10000000.00, 可用资金: 10000000.00, 浮动盈亏: 0.00, 持仓盈亏: 0.00, 平仓盈亏: 0.00, 市值: 0.00, 保证金: 0.00, 手续费: 0.00, 风险度: 0.00%
    INFO - 日期: 2022-05-17, 账户权益: 10000000.00, 可用资金: 10000000.00, 浮动盈亏: 0.00, 持仓盈亏: 0.00, 平仓盈亏: 0.00, 市值: 0.00, 保证金: 0.00, 手续费: 0.00, 风险度: 0.00%
    INFO - 日期: 2022-05-18, 账户权益: 10000000.00, 可用资金: 10000000.00, 浮动盈亏: 0.00, 持仓盈亏: 0.00, 平仓盈亏: 0.00, 市值: 0.00, 保证金: 0.00, 手续费: 0.00, 风险度: 0.00%
    INFO - 日期: 2022-05-19, 账户权益: 10000000.00, 可用资金: 10000000.00, 浮动盈亏: 0.00, 持仓盈亏: 0.00, 平仓盈亏: 0.00, 市值: 0.00, 保证金: 0.00, 手续费: 0.00, 风险度: 0.00%
    INFO - 日期: 2022-05-20, 账户权益: 10000000.00, 可用资金: 10000000.00, 浮动盈亏: 0.00, 持仓盈亏: 0.00, 平仓盈亏: 0.00, 市值: 0.00, 保证金: 0.00, 手续费: 0.00, 风险度: 0.00%
    INFO - 日期: 2022-05-23, 账户权益: 10000000.00, 可用资金: 10000000.00, 浮动盈亏: 0.00, 持仓盈亏: 0.00, 平仓盈亏: 0.00, 市值: 0.00, 保证金: 0.00, 手续费: 0.00, 风险度: 0.00%
    INFO - 日期: 2022-05-24, 账户权益: 10000000.00, 可用资金: 10000000.00, 浮动盈亏: 0.00, 持仓盈亏: 0.00, 平仓盈亏: 0.00, 市值: 0.00, 保证金: 0.00, 手续费: 0.00, 风险度: 0.00%
    INFO - 日期: 2022-05-25, 账户权益: 10000000.00, 可用资金: 10000000.00, 浮动盈亏: 0.00, 持仓盈亏: 0.00, 平仓盈亏: 0.00, 市值: 0.00, 保证金: 0.00, 手续费: 0.00, 风险度: 0.00%
    INFO - 日期: 2022-05-26, 账户权益: 10000000.00, 可用资金: 10000000.00, 浮动盈亏: 0.00, 持仓盈亏: 0.00, 平仓盈亏: 0.00, 市值: 0.00, 保证金: 0.00, 手续费: 0.00, 风险度: 0.00%
    INFO - 日期: 2022-05-27, 账户权益: 10000000.00, 可用资金: 10000000.00, 浮动盈亏: 0.00, 持仓盈亏: 0.00, 平仓盈亏: 0.00, 市值: 0.00, 保证金: 0.00, 手续费: 0.00, 风险度: 0.00%
    INFO - 日期: 2022-05-30, 账户权益: 10000000.00, 可用资金: 10000000.00, 浮动盈亏: 0.00, 持仓盈亏: 0.00, 平仓盈亏: 0.00, 市值: 0.00, 保证金: 0.00, 手续费: 0.00, 风险度: 0.00%
    INFO - 日期: 2022-05-31, 账户权益: 10000000.00, 可用资金: 10000000.00, 浮动盈亏: 0.00, 持仓盈亏: 0.00, 平仓盈亏: 0.00, 市值: 0.00, 保证金: 0.00, 手续费: 0.00, 风险度: 0.00%
    INFO - 日期: 2022-06-01, 账户权益: 10000000.00, 可用资金: 10000000.00, 浮动盈亏: 0.00, 持仓盈亏: 0.00, 平仓盈亏: 0.00, 市值: 0.00, 保证金: 0.00, 手续费: 0.00, 风险度: 0.00%
    INFO - 日期: 2022-06-02, 账户权益: 10000000.00, 可用资金: 10000000.00, 浮动盈亏: 0.00, 持仓盈亏: 0.00, 平仓盈亏: 0.00, 市值: 0.00, 保证金: 0.00, 手续费: 0.00, 风险度: 0.00%
    INFO - 日期: 2022-06-06, 账户权益: 10000000.00, 可用资金: 10000000.00, 浮动盈亏: 0.00, 持仓盈亏: 0.00, 平仓盈亏: 0.00, 市值: 0.00, 保证金: 0.00, 手续费: 0.00, 风险度: 0.00%
    INFO - 日期: 2022-06-07, 账户权益: 10000000.00, 可用资金: 10000000.00, 浮动盈亏: 0.00, 持仓盈亏: 0.00, 平仓盈亏: 0.00, 市值: 0.00, 保证金: 0.00, 手续费: 0.00, 风险度: 0.00%
    INFO - 日期: 2022-06-08, 账户权益: 10000000.00, 可用资金: 10000000.00, 浮动盈亏: 0.00, 持仓盈亏: 0.00, 平仓盈亏: 0.00, 市值: 0.00, 保证金: 0.00, 手续费: 0.00, 风险度: 0.00%
    INFO - 日期: 2022-06-09, 账户权益: 10000000.00, 可用资金: 10000000.00, 浮动盈亏: 0.00, 持仓盈亏: 0.00, 平仓盈亏: 0.00, 市值: 0.00, 保证金: 0.00, 手续费: 0.00, 风险度: 0.00%
    INFO - 日期: 2022-06-10, 账户权益: 10000000.00, 可用资金: 10000000.00, 浮动盈亏: 0.00, 持仓盈亏: 0.00, 平仓盈亏: 0.00, 市值: 0.00, 保证金: 0.00, 手续费: 0.00, 风险度: 0.00%
    INFO - 日期: 2022-06-13, 账户权益: 10000000.00, 可用资金: 10000000.00, 浮动盈亏: 0.00, 持仓盈亏: 0.00, 平仓盈亏: 0.00, 市值: 0.00, 保证金: 0.00, 手续费: 0.00, 风险度: 0.00%
    INFO - 日期: 2022-06-14, 账户权益: 10000000.00, 可用资金: 10000000.00, 浮动盈亏: 0.00, 持仓盈亏: 0.00, 平仓盈亏: 0.00, 市值: 0.00, 保证金: 0.00, 手续费: 0.00, 风险度: 0.00%
    INFO - 胜率: 0.00%, 盈亏额比例: inf, 收益率: 0.00%, 年化收益率: 0.00%, 最大回撤: 0.00%, 年化夏普率: inf,年化索提诺比率: -15.8114
    INFO - 回测结束
extracted rank=60 MA209.CZCE CZCE.MA209 rows=7275 elapsed=9.6
{
  "model_tag": "stage449_minute_session_rebuild_full_shard001_060_v1",
  "line_id": "futures_trend_drawdown30_preserve_return",
  "generated_at": "2026-05-28 04:49:37",
  "target_scope": "all",
  "symbol_offset": 0,
  "max_symbols": 60,
  "selected_symbols": 60,
  "extracted_or_cached_symbols": 60,
  "failed_or_timeout_or_empty_symbols": 0,
  "extracted_minute_bars": 883797,
  "target_windows": 1750,
  "covered_windows": 778,
  "coverage_rate": 0.44457142857142856,
  "covered_trade_count": 318,
  "valid_same_day_close_trade_count": 249,
  "valid_next_open_trade_count": 299,
  "invalid_same_day_close_count": 69,
  "invalid_next_open_count": 0,
  "same_last5_large_mismatch_count": 143,
  "same_last5_large_mismatch_rate": 0.5742971887550201,
  "real_open_vs_daily_next_open_large_mismatch_count": 139,
  "real_open_vs_daily_next_open_large_mismatch_rate": 0.46488294314381273,
  "max_same_last5_abs_minus_same_close": 68616.0,
  "max_same_last5_abs_minus_same_close_valid": 440.1999999999998,
  "max_real_open_abs_minus_daily_next_open": 473.0,
  "max_real_open_abs_minus_daily_next_open_valid": 473.0,
  "preferred_real_open_cash_delta_vs_same_close": -569700788.04,
  "decision": "session_proxy_mismatch_confirmed_extend_full_rebuild",
  "outputs": {
    "extract_status": "/Users/bytedance/Desktop/person/vnpy/examples/portfolio_backtesting/backtest_outputs/qmt_roll_stage449_minute_session_rebuild_full_shard001_060_extract_status_stage449_minute_session_rebuild_full_shard001_060_v1.csv",
    "minute_bars": "/Users/bytedance/Desktop/person/vnpy/examples/portfolio_backtesting/backtest_outputs/qmt_roll_stage449_minute_session_rebuild_full_shard001_060_minute_bars_stage449_minute_session_rebuild_full_shard001_060_v1.csv",
    "window_coverage": "/Users/bytedance/Desktop/person/vnpy/examples/portfolio_backtesting/backtest_outputs/qmt_roll_stage449_minute_session_rebuild_full_shard001_060_window_coverage_stage449_minute_session_rebuild_full_shard001_060_v1.csv",
    "proxy_prices": "/Users/bytedance/Desktop/person/vnpy/examples/portfolio_backtesting/backtest_outputs/qmt_roll_stage449_minute_session_rebuild_full_shard001_060_proxy_prices_stage449_minute_session_rebuild_full_shard001_060_v1.csv",
    "ledger_proxy_detail": "/Users/bytedance/Desktop/person/vnpy/examples/portfolio_backtesting/backtest_outputs/qmt_roll_stage449_minute_session_rebuild_full_shard001_060_ledger_proxy_detail_stage449_minute_session_rebuild_full_shard001_060_v1.csv",
    "metric_summary": "/Users/bytedance/Desktop/person/vnpy/examples/portfolio_backtesting/backtest_outputs/qmt_roll_stage449_minute_session_rebuild_full_shard001_060_metric_summary_stage449_minute_session_rebuild_full_shard001_060_v1.csv",
    "symbol_summary": "/Users/bytedance/Desktop/person/vnpy/examples/portfolio_backtesting/backtest_outputs/qmt_roll_stage449_minute_session_rebuild_full_shard001_060_symbol_summary_stage449_minute_session_rebuild_full_shard001_060_v1.csv",
    "report": "/Users/bytedance/Desktop/person/vnpy/examples/portfolio_backtesting/backtest_outputs/qmt_roll_stage449_minute_session_rebuild_full_shard001_060_report_stage449_minute_session_rebuild_full_shard001_060_v1.md"
  },
  "next_step": "继续分批扩展到全量Stage443订单，完成分钟会话执行ledger后再比较Stage079/Stage103与任何新候选。"
}
wrote: /Users/bytedance/Desktop/person/vnpy/examples/portfolio_backtesting/backtest_outputs/qmt_roll_stage449_minute_session_rebuild_full_shard001_060_report_stage449_minute_session_rebuild_full_shard001_060_v1.md
