在使用天勤量化之前，默认您已经知晓并同意以下免责条款，如果不同意请立即停止使用：https://www.shinnytech.com/blog/disclaimer/
    INFO - 模拟交易成交记录, 账户: TQSIM
    INFO - 模拟交易账户资金, 账户: TQSIM
    INFO - 日期: 2021-04-30, 账户权益: 10000000.00, 可用资金: 10000000.00, 浮动盈亏: 0.00, 持仓盈亏: 0.00, 平仓盈亏: 0.00, 市值: 0.00, 保证金: 0.00, 手续费: 0.00, 风险度: 0.00%
    INFO - 日期: 2021-05-06, 账户权益: 10000000.00, 可用资金: 10000000.00, 浮动盈亏: 0.00, 持仓盈亏: 0.00, 平仓盈亏: 0.00, 市值: 0.00, 保证金: 0.00, 手续费: 0.00, 风险度: 0.00%
    INFO - 日期: 2021-05-07, 账户权益: 10000000.00, 可用资金: 10000000.00, 浮动盈亏: 0.00, 持仓盈亏: 0.00, 平仓盈亏: 0.00, 市值: 0.00, 保证金: 0.00, 手续费: 0.00, 风险度: 0.00%
    INFO - 日期: 2021-05-10, 账户权益: 10000000.00, 可用资金: 10000000.00, 浮动盈亏: 0.00, 持仓盈亏: 0.00, 平仓盈亏: 0.00, 市值: 0.00, 保证金: 0.00, 手续费: 0.00, 风险度: 0.00%
    INFO - 日期: 2021-05-11, 账户权益: 10000000.00, 可用资金: 10000000.00, 浮动盈亏: 0.00, 持仓盈亏: 0.00, 平仓盈亏: 0.00, 市值: 0.00, 保证金: 0.00, 手续费: 0.00, 风险度: 0.00%
    INFO - 日期: 2021-05-12, 账户权益: 10000000.00, 可用资金: 10000000.00, 浮动盈亏: 0.00, 持仓盈亏: 0.00, 平仓盈亏: 0.00, 市值: 0.00, 保证金: 0.00, 手续费: 0.00, 风险度: 0.00%
    INFO - 日期: 2021-05-13, 账户权益: 10000000.00, 可用资金: 10000000.00, 浮动盈亏: 0.00, 持仓盈亏: 0.00, 平仓盈亏: 0.00, 市值: 0.00, 保证金: 0.00, 手续费: 0.00, 风险度: 0.00%
    INFO - 日期: 2021-05-14, 账户权益: 10000000.00, 可用资金: 10000000.00, 浮动盈亏: 0.00, 持仓盈亏: 0.00, 平仓盈亏: 0.00, 市值: 0.00, 保证金: 0.00, 手续费: 0.00, 风险度: 0.00%
    INFO - 日期: 2021-05-17, 账户权益: 10000000.00, 可用资金: 10000000.00, 浮动盈亏: 0.00, 持仓盈亏: 0.00, 平仓盈亏: 0.00, 市值: 0.00, 保证金: 0.00, 手续费: 0.00, 风险度: 0.00%
    INFO - 日期: 2021-05-18, 账户权益: 10000000.00, 可用资金: 10000000.00, 浮动盈亏: 0.00, 持仓盈亏: 0.00, 平仓盈亏: 0.00, 市值: 0.00, 保证金: 0.00, 手续费: 0.00, 风险度: 0.00%
    INFO - 日期: 2021-05-19, 账户权益: 10000000.00, 可用资金: 10000000.00, 浮动盈亏: 0.00, 持仓盈亏: 0.00, 平仓盈亏: 0.00, 市值: 0.00, 保证金: 0.00, 手续费: 0.00, 风险度: 0.00%
    INFO - 日期: 2021-05-20, 账户权益: 10000000.00, 可用资金: 10000000.00, 浮动盈亏: 0.00, 持仓盈亏: 0.00, 平仓盈亏: 0.00, 市值: 0.00, 保证金: 0.00, 手续费: 0.00, 风险度: 0.00%
    INFO - 日期: 2021-05-21, 账户权益: 10000000.00, 可用资金: 10000000.00, 浮动盈亏: 0.00, 持仓盈亏: 0.00, 平仓盈亏: 0.00, 市值: 0.00, 保证金: 0.00, 手续费: 0.00, 风险度: 0.00%
    INFO - 日期: 2021-05-24, 账户权益: 10000000.00, 可用资金: 10000000.00, 浮动盈亏: 0.00, 持仓盈亏: 0.00, 平仓盈亏: 0.00, 市值: 0.00, 保证金: 0.00, 手续费: 0.00, 风险度: 0.00%
    INFO - 日期: 2021-05-25, 账户权益: 10000000.00, 可用资金: 10000000.00, 浮动盈亏: 0.00, 持仓盈亏: 0.00, 平仓盈亏: 0.00, 市值: 0.00, 保证金: 0.00, 手续费: 0.00, 风险度: 0.00%
    INFO - 日期: 2021-05-26, 账户权益: 10000000.00, 可用资金: 10000000.00, 浮动盈亏: 0.00, 持仓盈亏: 0.00, 平仓盈亏: 0.00, 市值: 0.00, 保证金: 0.00, 手续费: 0.00, 风险度: 0.00%
    INFO - 日期: 2021-05-27, 账户权益: 10000000.00, 可用资金: 10000000.00, 浮动盈亏: 0.00, 持仓盈亏: 0.00, 平仓盈亏: 0.00, 市值: 0.00, 保证金: 0.00, 手续费: 0.00, 风险度: 0.00%
    INFO - 日期: 2021-05-28, 账户权益: 10000000.00, 可用资金: 10000000.00, 浮动盈亏: 0.00, 持仓盈亏: 0.00, 平仓盈亏: 0.00, 市值: 0.00, 保证金: 0.00, 手续费: 0.00, 风险度: 0.00%
    INFO - 日期: 2021-05-31, 账户权益: 10000000.00, 可用资金: 10000000.00, 浮动盈亏: 0.00, 持仓盈亏: 0.00, 平仓盈亏: 0.00, 市值: 0.00, 保证金: 0.00, 手续费: 0.00, 风险度: 0.00%
    INFO - 日期: 2021-06-01, 账户权益: 10000000.00, 可用资金: 10000000.00, 浮动盈亏: 0.00, 持仓盈亏: 0.00, 平仓盈亏: 0.00, 市值: 0.00, 保证金: 0.00, 手续费: 0.00, 风险度: 0.00%
    INFO - 日期: 2021-06-02, 账户权益: 10000000.00, 可用资金: 10000000.00, 浮动盈亏: 0.00, 持仓盈亏: 0.00, 平仓盈亏: 0.00, 市值: 0.00, 保证金: 0.00, 手续费: 0.00, 风险度: 0.00%
    INFO - 日期: 2021-06-03, 账户权益: 10000000.00, 可用资金: 10000000.00, 浮动盈亏: 0.00, 持仓盈亏: 0.00, 平仓盈亏: 0.00, 市值: 0.00, 保证金: 0.00, 手续费: 0.00, 风险度: 0.00%
    INFO - 日期: 2021-06-04, 账户权益: 10000000.00, 可用资金: 10000000.00, 浮动盈亏: 0.00, 持仓盈亏: 0.00, 平仓盈亏: 0.00, 市值: 0.00, 保证金: 0.00, 手续费: 0.00, 风险度: 0.00%
    INFO - 日期: 2021-06-07, 账户权益: 10000000.00, 可用资金: 10000000.00, 浮动盈亏: 0.00, 持仓盈亏: 0.00, 平仓盈亏: 0.00, 市值: 0.00, 保证金: 0.00, 手续费: 0.00, 风险度: 0.00%
    INFO - 日期: 2021-06-08, 账户权益: 10000000.00, 可用资金: 10000000.00, 浮动盈亏: 0.00, 持仓盈亏: 0.00, 平仓盈亏: 0.00, 市值: 0.00, 保证金: 0.00, 手续费: 0.00, 风险度: 0.00%
    INFO - 日期: 2021-06-09, 账户权益: 10000000.00, 可用资金: 10000000.00, 浮动盈亏: 0.00, 持仓盈亏: 0.00, 平仓盈亏: 0.00, 市值: 0.00, 保证金: 0.00, 手续费: 0.00, 风险度: 0.00%
    INFO - 日期: 2021-06-10, 账户权益: 10000000.00, 可用资金: 10000000.00, 浮动盈亏: 0.00, 持仓盈亏: 0.00, 平仓盈亏: 0.00, 市值: 0.00, 保证金: 0.00, 手续费: 0.00, 风险度: 0.00%
    INFO - 日期: 2021-06-11, 账户权益: 10000000.00, 可用资金: 10000000.00, 浮动盈亏: 0.00, 持仓盈亏: 0.00, 平仓盈亏: 0.00, 市值: 0.00, 保证金: 0.00, 手续费: 0.00, 风险度: 0.00%
    INFO - 日期: 2021-06-15, 账户权益: 10000000.00, 可用资金: 10000000.00, 浮动盈亏: 0.00, 持仓盈亏: 0.00, 平仓盈亏: 0.00, 市值: 0.00, 保证金: 0.00, 手续费: 0.00, 风险度: 0.00%
    INFO - 日期: 2021-06-16, 账户权益: 10000000.00, 可用资金: 10000000.00, 浮动盈亏: 0.00, 持仓盈亏: 0.00, 平仓盈亏: 0.00, 市值: 0.00, 保证金: 0.00, 手续费: 0.00, 风险度: 0.00%
    INFO - 日期: 2021-06-17, 账户权益: 10000000.00, 可用资金: 10000000.00, 浮动盈亏: 0.00, 持仓盈亏: 0.00, 平仓盈亏: 0.00, 市值: 0.00, 保证金: 0.00, 手续费: 0.00, 风险度: 0.00%
    INFO - 日期: 2021-06-18, 账户权益: 10000000.00, 可用资金: 10000000.00, 浮动盈亏: 0.00, 持仓盈亏: 0.00, 平仓盈亏: 0.00, 市值: 0.00, 保证金: 0.00, 手续费: 0.00, 风险度: 0.00%
    INFO - 日期: 2021-06-21, 账户权益: 10000000.00, 可用资金: 10000000.00, 浮动盈亏: 0.00, 持仓盈亏: 0.00, 平仓盈亏: 0.00, 市值: 0.00, 保证金: 0.00, 手续费: 0.00, 风险度: 0.00%
    INFO - 日期: 2021-06-22, 账户权益: 10000000.00, 可用资金: 10000000.00, 浮动盈亏: 0.00, 持仓盈亏: 0.00, 平仓盈亏: 0.00, 市值: 0.00, 保证金: 0.00, 手续费: 0.00, 风险度: 0.00%
    INFO - 日期: 2021-06-23, 账户权益: 10000000.00, 可用资金: 10000000.00, 浮动盈亏: 0.00, 持仓盈亏: 0.00, 平仓盈亏: 0.00, 市值: 0.00, 保证金: 0.00, 手续费: 0.00, 风险度: 0.00%
    INFO - 日期: 2021-06-24, 账户权益: 10000000.00, 可用资金: 10000000.00, 浮动盈亏: 0.00, 持仓盈亏: 0.00, 平仓盈亏: 0.00, 市值: 0.00, 保证金: 0.00, 手续费: 0.00, 风险度: 0.00%
    INFO - 日期: 2021-06-25, 账户权益: 10000000.00, 可用资金: 10000000.00, 浮动盈亏: 0.00, 持仓盈亏: 0.00, 平仓盈亏: 0.00, 市值: 0.00, 保证金: 0.00, 手续费: 0.00, 风险度: 0.00%
    INFO - 日期: 2021-06-28, 账户权益: 10000000.00, 可用资金: 10000000.00, 浮动盈亏: 0.00, 持仓盈亏: 0.00, 平仓盈亏: 0.00, 市值: 0.00, 保证金: 0.00, 手续费: 0.00, 风险度: 0.00%
    INFO - 日期: 2021-06-29, 账户权益: 10000000.00, 可用资金: 10000000.00, 浮动盈亏: 0.00, 持仓盈亏: 0.00, 平仓盈亏: 0.00, 市值: 0.00, 保证金: 0.00, 手续费: 0.00, 风险度: 0.00%
    INFO - 日期: 2021-06-30, 账户权益: 10000000.00, 可用资金: 10000000.00, 浮动盈亏: 0.00, 持仓盈亏: 0.00, 平仓盈亏: 0.00, 市值: 0.00, 保证金: 0.00, 手续费: 0.00, 风险度: 0.00%
    INFO - 日期: 2021-07-01, 账户权益: 10000000.00, 可用资金: 10000000.00, 浮动盈亏: 0.00, 持仓盈亏: 0.00, 平仓盈亏: 0.00, 市值: 0.00, 保证金: 0.00, 手续费: 0.00, 风险度: 0.00%
    INFO - 日期: 2021-07-02, 账户权益: 10000000.00, 可用资金: 10000000.00, 浮动盈亏: 0.00, 持仓盈亏: 0.00, 平仓盈亏: 0.00, 市值: 0.00, 保证金: 0.00, 手续费: 0.00, 风险度: 0.00%
    INFO - 日期: 2021-07-05, 账户权益: 10000000.00, 可用资金: 10000000.00, 浮动盈亏: 0.00, 持仓盈亏: 0.00, 平仓盈亏: 0.00, 市值: 0.00, 保证金: 0.00, 手续费: 0.00, 风险度: 0.00%
    INFO - 日期: 2021-07-06, 账户权益: 10000000.00, 可用资金: 10000000.00, 浮动盈亏: 0.00, 持仓盈亏: 0.00, 平仓盈亏: 0.00, 市值: 0.00, 保证金: 0.00, 手续费: 0.00, 风险度: 0.00%
    INFO - 日期: 2021-07-07, 账户权益: 10000000.00, 可用资金: 10000000.00, 浮动盈亏: 0.00, 持仓盈亏: 0.00, 平仓盈亏: 0.00, 市值: 0.00, 保证金: 0.00, 手续费: 0.00, 风险度: 0.00%
    INFO - 日期: 2021-07-08, 账户权益: 10000000.00, 可用资金: 10000000.00, 浮动盈亏: 0.00, 持仓盈亏: 0.00, 平仓盈亏: 0.00, 市值: 0.00, 保证金: 0.00, 手续费: 0.00, 风险度: 0.00%
    INFO - 日期: 2021-07-09, 账户权益: 10000000.00, 可用资金: 10000000.00, 浮动盈亏: 0.00, 持仓盈亏: 0.00, 平仓盈亏: 0.00, 市值: 0.00, 保证金: 0.00, 手续费: 0.00, 风险度: 0.00%
    INFO - 日期: 2021-07-12, 账户权益: 10000000.00, 可用资金: 10000000.00, 浮动盈亏: 0.00, 持仓盈亏: 0.00, 平仓盈亏: 0.00, 市值: 0.00, 保证金: 0.00, 手续费: 0.00, 风险度: 0.00%
    INFO - 日期: 2021-07-13, 账户权益: 10000000.00, 可用资金: 10000000.00, 浮动盈亏: 0.00, 持仓盈亏: 0.00, 平仓盈亏: 0.00, 市值: 0.00, 保证金: 0.00, 手续费: 0.00, 风险度: 0.00%
    INFO - 日期: 2021-07-14, 账户权益: 10000000.00, 可用资金: 10000000.00, 浮动盈亏: 0.00, 持仓盈亏: 0.00, 平仓盈亏: 0.00, 市值: 0.00, 保证金: 0.00, 手续费: 0.00, 风险度: 0.00%
    INFO - 日期: 2021-07-15, 账户权益: 10000000.00, 可用资金: 10000000.00, 浮动盈亏: 0.00, 持仓盈亏: 0.00, 平仓盈亏: 0.00, 市值: 0.00, 保证金: 0.00, 手续费: 0.00, 风险度: 0.00%
    INFO - 日期: 2021-07-16, 账户权益: 10000000.00, 可用资金: 10000000.00, 浮动盈亏: 0.00, 持仓盈亏: 0.00, 平仓盈亏: 0.00, 市值: 0.00, 保证金: 0.00, 手续费: 0.00, 风险度: 0.00%
    INFO - 日期: 2021-07-19, 账户权益: 10000000.00, 可用资金: 10000000.00, 浮动盈亏: 0.00, 持仓盈亏: 0.00, 平仓盈亏: 0.00, 市值: 0.00, 保证金: 0.00, 手续费: 0.00, 风险度: 0.00%
    INFO - 日期: 2021-07-20, 账户权益: 10000000.00, 可用资金: 10000000.00, 浮动盈亏: 0.00, 持仓盈亏: 0.00, 平仓盈亏: 0.00, 市值: 0.00, 保证金: 0.00, 手续费: 0.00, 风险度: 0.00%
    INFO - 胜率: 0.00%, 盈亏额比例: inf, 收益率: 0.00%, 年化收益率: 0.00%, 最大回撤: 0.00%, 年化夏普率: inf,年化索提诺比率: -15.8114
    INFO - 回测结束
extracted rank=61 MA109.CZCE CZCE.MA109 rows=17850 elapsed=19.69
    INFO - 回测结束
    INFO - 模拟交易成交记录, 账户: TQSIM
    INFO - 模拟交易账户资金, 账户: TQSIM
    INFO - 日期: 2024-05-06, 账户权益: 10000000.00, 可用资金: 10000000.00, 浮动盈亏: 0.00, 持仓盈亏: 0.00, 平仓盈亏: 0.00, 市值: 0.00, 保证金: 0.00, 手续费: 0.00, 风险度: 0.00%
    INFO - 日期: 2024-05-07, 账户权益: 10000000.00, 可用资金: 10000000.00, 浮动盈亏: 0.00, 持仓盈亏: 0.00, 平仓盈亏: 0.00, 市值: 0.00, 保证金: 0.00, 手续费: 0.00, 风险度: 0.00%
    INFO - 日期: 2024-05-08, 账户权益: 10000000.00, 可用资金: 10000000.00, 浮动盈亏: 0.00, 持仓盈亏: 0.00, 平仓盈亏: 0.00, 市值: 0.00, 保证金: 0.00, 手续费: 0.00, 风险度: 0.00%
    INFO - 日期: 2024-05-09, 账户权益: 10000000.00, 可用资金: 10000000.00, 浮动盈亏: 0.00, 持仓盈亏: 0.00, 平仓盈亏: 0.00, 市值: 0.00, 保证金: 0.00, 手续费: 0.00, 风险度: 0.00%
    INFO - 日期: 2024-05-10, 账户权益: 10000000.00, 可用资金: 10000000.00, 浮动盈亏: 0.00, 持仓盈亏: 0.00, 平仓盈亏: 0.00, 市值: 0.00, 保证金: 0.00, 手续费: 0.00, 风险度: 0.00%
    INFO - 日期: 2024-05-13, 账户权益: 10000000.00, 可用资金: 10000000.00, 浮动盈亏: 0.00, 持仓盈亏: 0.00, 平仓盈亏: 0.00, 市值: 0.00, 保证金: 0.00, 手续费: 0.00, 风险度: 0.00%
    INFO - 日期: 2024-05-14, 账户权益: 10000000.00, 可用资金: 10000000.00, 浮动盈亏: 0.00, 持仓盈亏: 0.00, 平仓盈亏: 0.00, 市值: 0.00, 保证金: 0.00, 手续费: 0.00, 风险度: 0.00%
    INFO - 日期: 2024-05-15, 账户权益: 10000000.00, 可用资金: 10000000.00, 浮动盈亏: 0.00, 持仓盈亏: 0.00, 平仓盈亏: 0.00, 市值: 0.00, 保证金: 0.00, 手续费: 0.00, 风险度: 0.00%
    INFO - 日期: 2024-05-16, 账户权益: 10000000.00, 可用资金: 10000000.00, 浮动盈亏: 0.00, 持仓盈亏: 0.00, 平仓盈亏: 0.00, 市值: 0.00, 保证金: 0.00, 手续费: 0.00, 风险度: 0.00%
    INFO - 日期: 2024-05-17, 账户权益: 10000000.00, 可用资金: 10000000.00, 浮动盈亏: 0.00, 持仓盈亏: 0.00, 平仓盈亏: 0.00, 市值: 0.00, 保证金: 0.00, 手续费: 0.00, 风险度: 0.00%
    INFO - 日期: 2024-05-20, 账户权益: 10000000.00, 可用资金: 10000000.00, 浮动盈亏: 0.00, 持仓盈亏: 0.00, 平仓盈亏: 0.00, 市值: 0.00, 保证金: 0.00, 手续费: 0.00, 风险度: 0.00%
    INFO - 日期: 2024-05-21, 账户权益: 10000000.00, 可用资金: 10000000.00, 浮动盈亏: 0.00, 持仓盈亏: 0.00, 平仓盈亏: 0.00, 市值: 0.00, 保证金: 0.00, 手续费: 0.00, 风险度: 0.00%
    INFO - 日期: 2024-05-22, 账户权益: 10000000.00, 可用资金: 10000000.00, 浮动盈亏: 0.00, 持仓盈亏: 0.00, 平仓盈亏: 0.00, 市值: 0.00, 保证金: 0.00, 手续费: 0.00, 风险度: 0.00%
    INFO - 日期: 2024-05-23, 账户权益: 10000000.00, 可用资金: 10000000.00, 浮动盈亏: 0.00, 持仓盈亏: 0.00, 平仓盈亏: 0.00, 市值: 0.00, 保证金: 0.00, 手续费: 0.00, 风险度: 0.00%
    INFO - 日期: 2024-05-24, 账户权益: 10000000.00, 可用资金: 10000000.00, 浮动盈亏: 0.00, 持仓盈亏: 0.00, 平仓盈亏: 0.00, 市值: 0.00, 保证金: 0.00, 手续费: 0.00, 风险度: 0.00%
    INFO - 日期: 2024-05-27, 账户权益: 10000000.00, 可用资金: 10000000.00, 浮动盈亏: 0.00, 持仓盈亏: 0.00, 平仓盈亏: 0.00, 市值: 0.00, 保证金: 0.00, 手续费: 0.00, 风险度: 0.00%
    INFO - 日期: 2024-05-28, 账户权益: 10000000.00, 可用资金: 10000000.00, 浮动盈亏: 0.00, 持仓盈亏: 0.00, 平仓盈亏: 0.00, 市值: 0.00, 保证金: 0.00, 手续费: 0.00, 风险度: 0.00%
    INFO - 日期: 2024-05-29, 账户权益: 10000000.00, 可用资金: 10000000.00, 浮动盈亏: 0.00, 持仓盈亏: 0.00, 平仓盈亏: 0.00, 市值: 0.00, 保证金: 0.00, 手续费: 0.00, 风险度: 0.00%
    INFO - 日期: 2024-05-30, 账户权益: 10000000.00, 可用资金: 10000000.00, 浮动盈亏: 0.00, 持仓盈亏: 0.00, 平仓盈亏: 0.00, 市值: 0.00, 保证金: 0.00, 手续费: 0.00, 风险度: 0.00%
    INFO - 日期: 2024-05-31, 账户权益: 10000000.00, 可用资金: 10000000.00, 浮动盈亏: 0.00, 持仓盈亏: 0.00, 平仓盈亏: 0.00, 市值: 0.00, 保证金: 0.00, 手续费: 0.00, 风险度: 0.00%
    INFO - 日期: 2024-06-03, 账户权益: 10000000.00, 可用资金: 10000000.00, 浮动盈亏: 0.00, 持仓盈亏: 0.00, 平仓盈亏: 0.00, 市值: 0.00, 保证金: 0.00, 手续费: 0.00, 风险度: 0.00%
    INFO - 胜率: 0.00%, 盈亏额比例: inf, 收益率: 0.00%, 年化收益率: 0.00%, 最大回撤: 0.00%, 年化夏普率: inf,年化索提诺比率: -15.8114
extracted rank=62 FG409.CZCE CZCE.FG409 rows=6689 elapsed=9.37
    INFO - 回测结束
    INFO - 模拟交易成交记录, 账户: TQSIM
    INFO - 模拟交易账户资金, 账户: TQSIM
    INFO - 日期: 2020-12-17, 账户权益: 10000000.00, 可用资金: 10000000.00, 浮动盈亏: 0.00, 持仓盈亏: 0.00, 平仓盈亏: 0.00, 市值: 0.00, 保证金: 0.00, 手续费: 0.00, 风险度: 0.00%
    INFO - 日期: 2020-12-18, 账户权益: 10000000.00, 可用资金: 10000000.00, 浮动盈亏: 0.00, 持仓盈亏: 0.00, 平仓盈亏: 0.00, 市值: 0.00, 保证金: 0.00, 手续费: 0.00, 风险度: 0.00%
    INFO - 日期: 2020-12-21, 账户权益: 10000000.00, 可用资金: 10000000.00, 浮动盈亏: 0.00, 持仓盈亏: 0.00, 平仓盈亏: 0.00, 市值: 0.00, 保证金: 0.00, 手续费: 0.00, 风险度: 0.00%
    INFO - 日期: 2020-12-22, 账户权益: 10000000.00, 可用资金: 10000000.00, 浮动盈亏: 0.00, 持仓盈亏: 0.00, 平仓盈亏: 0.00, 市值: 0.00, 保证金: 0.00, 手续费: 0.00, 风险度: 0.00%
    INFO - 日期: 2020-12-23, 账户权益: 10000000.00, 可用资金: 10000000.00, 浮动盈亏: 0.00, 持仓盈亏: 0.00, 平仓盈亏: 0.00, 市值: 0.00, 保证金: 0.00, 手续费: 0.00, 风险度: 0.00%
    INFO - 日期: 2020-12-24, 账户权益: 10000000.00, 可用资金: 10000000.00, 浮动盈亏: 0.00, 持仓盈亏: 0.00, 平仓盈亏: 0.00, 市值: 0.00, 保证金: 0.00, 手续费: 0.00, 风险度: 0.00%
    INFO - 日期: 2020-12-25, 账户权益: 10000000.00, 可用资金: 10000000.00, 浮动盈亏: 0.00, 持仓盈亏: 0.00, 平仓盈亏: 0.00, 市值: 0.00, 保证金: 0.00, 手续费: 0.00, 风险度: 0.00%
    INFO - 日期: 2020-12-28, 账户权益: 10000000.00, 可用资金: 10000000.00, 浮动盈亏: 0.00, 持仓盈亏: 0.00, 平仓盈亏: 0.00, 市值: 0.00, 保证金: 0.00, 手续费: 0.00, 风险度: 0.00%
    INFO - 日期: 2020-12-29, 账户权益: 10000000.00, 可用资金: 10000000.00, 浮动盈亏: 0.00, 持仓盈亏: 0.00, 平仓盈亏: 0.00, 市值: 0.00, 保证金: 0.00, 手续费: 0.00, 风险度: 0.00%
    INFO - 日期: 2020-12-30, 账户权益: 10000000.00, 可用资金: 10000000.00, 浮动盈亏: 0.00, 持仓盈亏: 0.00, 平仓盈亏: 0.00, 市值: 0.00, 保证金: 0.00, 手续费: 0.00, 风险度: 0.00%
    INFO - 日期: 2020-12-31, 账户权益: 10000000.00, 可用资金: 10000000.00, 浮动盈亏: 0.00, 持仓盈亏: 0.00, 平仓盈亏: 0.00, 市值: 0.00, 保证金: 0.00, 手续费: 0.00, 风险度: 0.00%
    INFO - 日期: 2021-01-04, 账户权益: 10000000.00, 可用资金: 10000000.00, 浮动盈亏: 0.00, 持仓盈亏: 0.00, 平仓盈亏: 0.00, 市值: 0.00, 保证金: 0.00, 手续费: 0.00, 风险度: 0.00%
    INFO - 日期: 2021-01-05, 账户权益: 10000000.00, 可用资金: 10000000.00, 浮动盈亏: 0.00, 持仓盈亏: 0.00, 平仓盈亏: 0.00, 市值: 0.00, 保证金: 0.00, 手续费: 0.00, 风险度: 0.00%
    INFO - 日期: 2021-01-06, 账户权益: 10000000.00, 可用资金: 10000000.00, 浮动盈亏: 0.00, 持仓盈亏: 0.00, 平仓盈亏: 0.00, 市值: 0.00, 保证金: 0.00, 手续费: 0.00, 风险度: 0.00%
    INFO - 日期: 2021-01-07, 账户权益: 10000000.00, 可用资金: 10000000.00, 浮动盈亏: 0.00, 持仓盈亏: 0.00, 平仓盈亏: 0.00, 市值: 0.00, 保证金: 0.00, 手续费: 0.00, 风险度: 0.00%
    INFO - 日期: 2021-01-08, 账户权益: 10000000.00, 可用资金: 10000000.00, 浮动盈亏: 0.00, 持仓盈亏: 0.00, 平仓盈亏: 0.00, 市值: 0.00, 保证金: 0.00, 手续费: 0.00, 风险度: 0.00%
    INFO - 日期: 2021-01-11, 账户权益: 10000000.00, 可用资金: 10000000.00, 浮动盈亏: 0.00, 持仓盈亏: 0.00, 平仓盈亏: 0.00, 市值: 0.00, 保证金: 0.00, 手续费: 0.00, 风险度: 0.00%
    INFO - 日期: 2021-01-12, 账户权益: 10000000.00, 可用资金: 10000000.00, 浮动盈亏: 0.00, 持仓盈亏: 0.00, 平仓盈亏: 0.00, 市值: 0.00, 保证金: 0.00, 手续费: 0.00, 风险度: 0.00%
    INFO - 日期: 2021-01-13, 账户权益: 10000000.00, 可用资金: 10000000.00, 浮动盈亏: 0.00, 持仓盈亏: 0.00, 平仓盈亏: 0.00, 市值: 0.00, 保证金: 0.00, 手续费: 0.00, 风险度: 0.00%
    INFO - 日期: 2021-01-14, 账户权益: 10000000.00, 可用资金: 10000000.00, 浮动盈亏: 0.00, 持仓盈亏: 0.00, 平仓盈亏: 0.00, 市值: 0.00, 保证金: 0.00, 手续费: 0.00, 风险度: 0.00%
    INFO - 日期: 2021-01-15, 账户权益: 10000000.00, 可用资金: 10000000.00, 浮动盈亏: 0.00, 持仓盈亏: 0.00, 平仓盈亏: 0.00, 市值: 0.00, 保证金: 0.00, 手续费: 0.00, 风险度: 0.00%
    INFO - 胜率: 0.00%, 盈亏额比例: inf, 收益率: 0.00%, 年化收益率: 0.00%, 最大回撤: 0.00%, 年化夏普率: inf,年化索提诺比率: -15.8114
extracted rank=63 SM105.CZCE CZCE.SM105 rows=4514 elapsed=7.41
    INFO - 回测结束
    INFO - 模拟交易成交记录, 账户: TQSIM
    INFO - 模拟交易账户资金, 账户: TQSIM
    INFO - 日期: 2021-08-10, 账户权益: 10000000.00, 可用资金: 10000000.00, 浮动盈亏: 0.00, 持仓盈亏: 0.00, 平仓盈亏: 0.00, 市值: 0.00, 保证金: 0.00, 手续费: 0.00, 风险度: 0.00%
    INFO - 日期: 2021-08-11, 账户权益: 10000000.00, 可用资金: 10000000.00, 浮动盈亏: 0.00, 持仓盈亏: 0.00, 平仓盈亏: 0.00, 市值: 0.00, 保证金: 0.00, 手续费: 0.00, 风险度: 0.00%
    INFO - 日期: 2021-08-12, 账户权益: 10000000.00, 可用资金: 10000000.00, 浮动盈亏: 0.00, 持仓盈亏: 0.00, 平仓盈亏: 0.00, 市值: 0.00, 保证金: 0.00, 手续费: 0.00, 风险度: 0.00%
    INFO - 日期: 2021-08-13, 账户权益: 10000000.00, 可用资金: 10000000.00, 浮动盈亏: 0.00, 持仓盈亏: 0.00, 平仓盈亏: 0.00, 市值: 0.00, 保证金: 0.00, 手续费: 0.00, 风险度: 0.00%
    INFO - 日期: 2021-08-16, 账户权益: 10000000.00, 可用资金: 10000000.00, 浮动盈亏: 0.00, 持仓盈亏: 0.00, 平仓盈亏: 0.00, 市值: 0.00, 保证金: 0.00, 手续费: 0.00, 风险度: 0.00%
    INFO - 日期: 2021-08-17, 账户权益: 10000000.00, 可用资金: 10000000.00, 浮动盈亏: 0.00, 持仓盈亏: 0.00, 平仓盈亏: 0.00, 市值: 0.00, 保证金: 0.00, 手续费: 0.00, 风险度: 0.00%
    INFO - 日期: 2021-08-18, 账户权益: 10000000.00, 可用资金: 10000000.00, 浮动盈亏: 0.00, 持仓盈亏: 0.00, 平仓盈亏: 0.00, 市值: 0.00, 保证金: 0.00, 手续费: 0.00, 风险度: 0.00%
    INFO - 日期: 2021-08-19, 账户权益: 10000000.00, 可用资金: 10000000.00, 浮动盈亏: 0.00, 持仓盈亏: 0.00, 平仓盈亏: 0.00, 市值: 0.00, 保证金: 0.00, 手续费: 0.00, 风险度: 0.00%
    INFO - 日期: 2021-08-20, 账户权益: 10000000.00, 可用资金: 10000000.00, 浮动盈亏: 0.00, 持仓盈亏: 0.00, 平仓盈亏: 0.00, 市值: 0.00, 保证金: 0.00, 手续费: 0.00, 风险度: 0.00%
    INFO - 日期: 2021-08-23, 账户权益: 10000000.00, 可用资金: 10000000.00, 浮动盈亏: 0.00, 持仓盈亏: 0.00, 平仓盈亏: 0.00, 市值: 0.00, 保证金: 0.00, 手续费: 0.00, 风险度: 0.00%
    INFO - 日期: 2021-08-24, 账户权益: 10000000.00, 可用资金: 10000000.00, 浮动盈亏: 0.00, 持仓盈亏: 0.00, 平仓盈亏: 0.00, 市值: 0.00, 保证金: 0.00, 手续费: 0.00, 风险度: 0.00%
    INFO - 日期: 2021-08-25, 账户权益: 10000000.00, 可用资金: 10000000.00, 浮动盈亏: 0.00, 持仓盈亏: 0.00, 平仓盈亏: 0.00, 市值: 0.00, 保证金: 0.00, 手续费: 0.00, 风险度: 0.00%
    INFO - 日期: 2021-08-26, 账户权益: 10000000.00, 可用资金: 10000000.00, 浮动盈亏: 0.00, 持仓盈亏: 0.00, 平仓盈亏: 0.00, 市值: 0.00, 保证金: 0.00, 手续费: 0.00, 风险度: 0.00%
    INFO - 日期: 2021-08-27, 账户权益: 10000000.00, 可用资金: 10000000.00, 浮动盈亏: 0.00, 持仓盈亏: 0.00, 平仓盈亏: 0.00, 市值: 0.00, 保证金: 0.00, 手续费: 0.00, 风险度: 0.00%
    INFO - 日期: 2021-08-30, 账户权益: 10000000.00, 可用资金: 10000000.00, 浮动盈亏: 0.00, 持仓盈亏: 0.00, 平仓盈亏: 0.00, 市值: 0.00, 保证金: 0.00, 手续费: 0.00, 风险度: 0.00%
    INFO - 日期: 2021-08-31, 账户权益: 10000000.00, 可用资金: 10000000.00, 浮动盈亏: 0.00, 持仓盈亏: 0.00, 平仓盈亏: 0.00, 市值: 0.00, 保证金: 0.00, 手续费: 0.00, 风险度: 0.00%
    INFO - 日期: 2021-09-01, 账户权益: 10000000.00, 可用资金: 10000000.00, 浮动盈亏: 0.00, 持仓盈亏: 0.00, 平仓盈亏: 0.00, 市值: 0.00, 保证金: 0.00, 手续费: 0.00, 风险度: 0.00%
    INFO - 日期: 2021-09-02, 账户权益: 10000000.00, 可用资金: 10000000.00, 浮动盈亏: 0.00, 持仓盈亏: 0.00, 平仓盈亏: 0.00, 市值: 0.00, 保证金: 0.00, 手续费: 0.00, 风险度: 0.00%
    INFO - 日期: 2021-09-03, 账户权益: 10000000.00, 可用资金: 10000000.00, 浮动盈亏: 0.00, 持仓盈亏: 0.00, 平仓盈亏: 0.00, 市值: 0.00, 保证金: 0.00, 手续费: 0.00, 风险度: 0.00%
    INFO - 日期: 2021-09-06, 账户权益: 10000000.00, 可用资金: 10000000.00, 浮动盈亏: 0.00, 持仓盈亏: 0.00, 平仓盈亏: 0.00, 市值: 0.00, 保证金: 0.00, 手续费: 0.00, 风险度: 0.00%
    INFO - 日期: 2021-09-07, 账户权益: 10000000.00, 可用资金: 10000000.00, 浮动盈亏: 0.00, 持仓盈亏: 0.00, 平仓盈亏: 0.00, 市值: 0.00, 保证金: 0.00, 手续费: 0.00, 风险度: 0.00%
    INFO - 日期: 2021-09-08, 账户权益: 10000000.00, 可用资金: 10000000.00, 浮动盈亏: 0.00, 持仓盈亏: 0.00, 平仓盈亏: 0.00, 市值: 0.00, 保证金: 0.00, 手续费: 0.00, 风险度: 0.00%
    INFO - 日期: 2021-09-09, 账户权益: 10000000.00, 可用资金: 10000000.00, 浮动盈亏: 0.00, 持仓盈亏: 0.00, 平仓盈亏: 0.00, 市值: 0.00, 保证金: 0.00, 手续费: 0.00, 风险度: 0.00%
    INFO - 日期: 2021-09-10, 账户权益: 10000000.00, 可用资金: 10000000.00, 浮动盈亏: 0.00, 持仓盈亏: 0.00, 平仓盈亏: 0.00, 市值: 0.00, 保证金: 0.00, 手续费: 0.00, 风险度: 0.00%
    INFO - 日期: 2021-09-13, 账户权益: 10000000.00, 可用资金: 10000000.00, 浮动盈亏: 0.00, 持仓盈亏: 0.00, 平仓盈亏: 0.00, 市值: 0.00, 保证金: 0.00, 手续费: 0.00, 风险度: 0.00%
    INFO - 胜率: 0.00%, 盈亏额比例: inf, 收益率: 0.00%, 年化收益率: 0.00%, 最大回撤: 0.00%, 年化夏普率: inf,年化索提诺比率: -15.8114
extracted rank=64 SA201.CZCE CZCE.SA201 rows=8069 elapsed=10.35
    INFO - 模拟交易成交记录, 账户: TQSIM
    INFO - 模拟交易账户资金, 账户: TQSIM
    INFO - 日期: 2021-06-02, 账户权益: 10000000.00, 可用资金: 10000000.00, 浮动盈亏: 0.00, 持仓盈亏: 0.00, 平仓盈亏: 0.00, 市值: 0.00, 保证金: 0.00, 手续费: 0.00, 风险度: 0.00%
    INFO - 日期: 2021-06-03, 账户权益: 10000000.00, 可用资金: 10000000.00, 浮动盈亏: 0.00, 持仓盈亏: 0.00, 平仓盈亏: 0.00, 市值: 0.00, 保证金: 0.00, 手续费: 0.00, 风险度: 0.00%
    INFO - 日期: 2021-06-04, 账户权益: 10000000.00, 可用资金: 10000000.00, 浮动盈亏: 0.00, 持仓盈亏: 0.00, 平仓盈亏: 0.00, 市值: 0.00, 保证金: 0.00, 手续费: 0.00, 风险度: 0.00%
    INFO - 日期: 2021-06-07, 账户权益: 10000000.00, 可用资金: 10000000.00, 浮动盈亏: 0.00, 持仓盈亏: 0.00, 平仓盈亏: 0.00, 市值: 0.00, 保证金: 0.00, 手续费: 0.00, 风险度: 0.00%
    INFO - 日期: 2021-06-08, 账户权益: 10000000.00, 可用资金: 10000000.00, 浮动盈亏: 0.00, 持仓盈亏: 0.00, 平仓盈亏: 0.00, 市值: 0.00, 保证金: 0.00, 手续费: 0.00, 风险度: 0.00%
    INFO - 日期: 2021-06-09, 账户权益: 10000000.00, 可用资金: 10000000.00, 浮动盈亏: 0.00, 持仓盈亏: 0.00, 平仓盈亏: 0.00, 市值: 0.00, 保证金: 0.00, 手续费: 0.00, 风险度: 0.00%
    INFO - 日期: 2021-06-10, 账户权益: 10000000.00, 可用资金: 10000000.00, 浮动盈亏: 0.00, 持仓盈亏: 0.00, 平仓盈亏: 0.00, 市值: 0.00, 保证金: 0.00, 手续费: 0.00, 风险度: 0.00%
    INFO - 日期: 2021-06-11, 账户权益: 10000000.00, 可用资金: 10000000.00, 浮动盈亏: 0.00, 持仓盈亏: 0.00, 平仓盈亏: 0.00, 市值: 0.00, 保证金: 0.00, 手续费: 0.00, 风险度: 0.00%
    INFO - 日期: 2021-06-15, 账户权益: 10000000.00, 可用资金: 10000000.00, 浮动盈亏: 0.00, 持仓盈亏: 0.00, 平仓盈亏: 0.00, 市值: 0.00, 保证金: 0.00, 手续费: 0.00, 风险度: 0.00%
    INFO - 日期: 2021-06-16, 账户权益: 10000000.00, 可用资金: 10000000.00, 浮动盈亏: 0.00, 持仓盈亏: 0.00, 平仓盈亏: 0.00, 市值: 0.00, 保证金: 0.00, 手续费: 0.00, 风险度: 0.00%
    INFO - 日期: 2021-06-17, 账户权益: 10000000.00, 可用资金: 10000000.00, 浮动盈亏: 0.00, 持仓盈亏: 0.00, 平仓盈亏: 0.00, 市值: 0.00, 保证金: 0.00, 手续费: 0.00, 风险度: 0.00%
    INFO - 日期: 2021-06-18, 账户权益: 10000000.00, 可用资金: 10000000.00, 浮动盈亏: 0.00, 持仓盈亏: 0.00, 平仓盈亏: 0.00, 市值: 0.00, 保证金: 0.00, 手续费: 0.00, 风险度: 0.00%
    INFO - 日期: 2021-06-21, 账户权益: 10000000.00, 可用资金: 10000000.00, 浮动盈亏: 0.00, 持仓盈亏: 0.00, 平仓盈亏: 0.00, 市值: 0.00, 保证金: 0.00, 手续费: 0.00, 风险度: 0.00%
    INFO - 日期: 2021-06-22, 账户权益: 10000000.00, 可用资金: 10000000.00, 浮动盈亏: 0.00, 持仓盈亏: 0.00, 平仓盈亏: 0.00, 市值: 0.00, 保证金: 0.00, 手续费: 0.00, 风险度: 0.00%
    INFO - 日期: 2021-06-23, 账户权益: 10000000.00, 可用资金: 10000000.00, 浮动盈亏: 0.00, 持仓盈亏: 0.00, 平仓盈亏: 0.00, 市值: 0.00, 保证金: 0.00, 手续费: 0.00, 风险度: 0.00%
    INFO - 日期: 2021-06-24, 账户权益: 10000000.00, 可用资金: 10000000.00, 浮动盈亏: 0.00, 持仓盈亏: 0.00, 平仓盈亏: 0.00, 市值: 0.00, 保证金: 0.00, 手续费: 0.00, 风险度: 0.00%
    INFO - 日期: 2021-06-25, 账户权益: 10000000.00, 可用资金: 10000000.00, 浮动盈亏: 0.00, 持仓盈亏: 0.00, 平仓盈亏: 0.00, 市值: 0.00, 保证金: 0.00, 手续费: 0.00, 风险度: 0.00%
    INFO - 日期: 2021-06-28, 账户权益: 10000000.00, 可用资金: 10000000.00, 浮动盈亏: 0.00, 持仓盈亏: 0.00, 平仓盈亏: 0.00, 市值: 0.00, 保证金: 0.00, 手续费: 0.00, 风险度: 0.00%
    INFO - 日期: 2021-06-29, 账户权益: 10000000.00, 可用资金: 10000000.00, 浮动盈亏: 0.00, 持仓盈亏: 0.00, 平仓盈亏: 0.00, 市值: 0.00, 保证金: 0.00, 手续费: 0.00, 风险度: 0.00%
    INFO - 日期: 2021-06-30, 账户权益: 10000000.00, 可用资金: 10000000.00, 浮动盈亏: 0.00, 持仓盈亏: 0.00, 平仓盈亏: 0.00, 市值: 0.00, 保证金: 0.00, 手续费: 0.00, 风险度: 0.00%
    INFO - 日期: 2021-07-01, 账户权益: 10000000.00, 可用资金: 10000000.00, 浮动盈亏: 0.00, 持仓盈亏: 0.00, 平仓盈亏: 0.00, 市值: 0.00, 保证金: 0.00, 手续费: 0.00, 风险度: 0.00%
    INFO - 日期: 2021-07-02, 账户权益: 10000000.00, 可用资金: 10000000.00, 浮动盈亏: 0.00, 持仓盈亏: 0.00, 平仓盈亏: 0.00, 市值: 0.00, 保证金: 0.00, 手续费: 0.00, 风险度: 0.00%
    INFO - 日期: 2021-07-05, 账户权益: 10000000.00, 可用资金: 10000000.00, 浮动盈亏: 0.00, 持仓盈亏: 0.00, 平仓盈亏: 0.00, 市值: 0.00, 保证金: 0.00, 手续费: 0.00, 风险度: 0.00%
    INFO - 日期: 2021-07-06, 账户权益: 10000000.00, 可用资金: 10000000.00, 浮动盈亏: 0.00, 持仓盈亏: 0.00, 平仓盈亏: 0.00, 市值: 0.00, 保证金: 0.00, 手续费: 0.00, 风险度: 0.00%
    INFO - 日期: 2021-07-07, 账户权益: 10000000.00, 可用资金: 10000000.00, 浮动盈亏: 0.00, 持仓盈亏: 0.00, 平仓盈亏: 0.00, 市值: 0.00, 保证金: 0.00, 手续费: 0.00, 风险度: 0.00%
    INFO - 日期: 2021-07-08, 账户权益: 10000000.00, 可用资金: 10000000.00, 浮动盈亏: 0.00, 持仓盈亏: 0.00, 平仓盈亏: 0.00, 市值: 0.00, 保证金: 0.00, 手续费: 0.00, 风险度: 0.00%
    INFO - 日期: 2021-07-09, 账户权益: 10000000.00, 可用资金: 10000000.00, 浮动盈亏: 0.00, 持仓盈亏: 0.00, 平仓盈亏: 0.00, 市值: 0.00, 保证金: 0.00, 手续费: 0.00, 风险度: 0.00%
    INFO - 日期: 2021-07-12, 账户权益: 10000000.00, 可用资金: 10000000.00, 浮动盈亏: 0.00, 持仓盈亏: 0.00, 平仓盈亏: 0.00, 市值: 0.00, 保证金: 0.00, 手续费: 0.00, 风险度: 0.00%
    INFO - 日期: 2021-07-13, 账户权益: 10000000.00, 可用资金: 10000000.00, 浮动盈亏: 0.00, 持仓盈亏: 0.00, 平仓盈亏: 0.00, 市值: 0.00, 保证金: 0.00, 手续费: 0.00, 风险度: 0.00%
    INFO - 日期: 2021-07-14, 账户权益: 10000000.00, 可用资金: 10000000.00, 浮动盈亏: 0.00, 持仓盈亏: 0.00, 平仓盈亏: 0.00, 市值: 0.00, 保证金: 0.00, 手续费: 0.00, 风险度: 0.00%
    INFO - 日期: 2021-07-15, 账户权益: 10000000.00, 可用资金: 10000000.00, 浮动盈亏: 0.00, 持仓盈亏: 0.00, 平仓盈亏: 0.00, 市值: 0.00, 保证金: 0.00, 手续费: 0.00, 风险度: 0.00%
    INFO - 日期: 2021-07-16, 账户权益: 10000000.00, 可用资金: 10000000.00, 浮动盈亏: 0.00, 持仓盈亏: 0.00, 平仓盈亏: 0.00, 市值: 0.00, 保证金: 0.00, 手续费: 0.00, 风险度: 0.00%
    INFO - 日期: 2021-07-19, 账户权益: 10000000.00, 可用资金: 10000000.00, 浮动盈亏: 0.00, 持仓盈亏: 0.00, 平仓盈亏: 0.00, 市值: 0.00, 保证金: 0.00, 手续费: 0.00, 风险度: 0.00%
    INFO - 日期: 2021-07-20, 账户权益: 10000000.00, 可用资金: 10000000.00, 浮动盈亏: 0.00, 持仓盈亏: 0.00, 平仓盈亏: 0.00, 市值: 0.00, 保证金: 0.00, 手续费: 0.00, 风险度: 0.00%
    INFO - 日期: 2021-07-21, 账户权益: 10000000.00, 可用资金: 10000000.00, 浮动盈亏: 0.00, 持仓盈亏: 0.00, 平仓盈亏: 0.00, 市值: 0.00, 保证金: 0.00, 手续费: 0.00, 风险度: 0.00%
    INFO - 日期: 2021-07-22, 账户权益: 10000000.00, 可用资金: 10000000.00, 浮动盈亏: 0.00, 持仓盈亏: 0.00, 平仓盈亏: 0.00, 市值: 0.00, 保证金: 0.00, 手续费: 0.00, 风险度: 0.00%
    INFO - 日期: 2021-07-23, 账户权益: 10000000.00, 可用资金: 10000000.00, 浮动盈亏: 0.00, 持仓盈亏: 0.00, 平仓盈亏: 0.00, 市值: 0.00, 保证金: 0.00, 手续费: 0.00, 风险度: 0.00%
    INFO - 日期: 2021-07-26, 账户权益: 10000000.00, 可用资金: 10000000.00, 浮动盈亏: 0.00, 持仓盈亏: 0.00, 平仓盈亏: 0.00, 市值: 0.00, 保证金: 0.00, 手续费: 0.00, 风险度: 0.00%
    INFO - 日期: 2021-07-27, 账户权益: 10000000.00, 可用资金: 10000000.00, 浮动盈亏: 0.00, 持仓盈亏: 0.00, 平仓盈亏: 0.00, 市值: 0.00, 保证金: 0.00, 手续费: 0.00, 风险度: 0.00%
    INFO - 日期: 2021-07-28, 账户权益: 10000000.00, 可用资金: 10000000.00, 浮动盈亏: 0.00, 持仓盈亏: 0.00, 平仓盈亏: 0.00, 市值: 0.00, 保证金: 0.00, 手续费: 0.00, 风险度: 0.00%
    INFO - 日期: 2021-07-29, 账户权益: 10000000.00, 可用资金: 10000000.00, 浮动盈亏: 0.00, 持仓盈亏: 0.00, 平仓盈亏: 0.00, 市值: 0.00, 保证金: 0.00, 手续费: 0.00, 风险度: 0.00%
    INFO - 日期: 2021-07-30, 账户权益: 10000000.00, 可用资金: 10000000.00, 浮动盈亏: 0.00, 持仓盈亏: 0.00, 平仓盈亏: 0.00, 市值: 0.00, 保证金: 0.00, 手续费: 0.00, 风险度: 0.00%
    INFO - 日期: 2021-08-02, 账户权益: 10000000.00, 可用资金: 10000000.00, 浮动盈亏: 0.00, 持仓盈亏: 0.00, 平仓盈亏: 0.00, 市值: 0.00, 保证金: 0.00, 手续费: 0.00, 风险度: 0.00%
    INFO - 日期: 2021-08-03, 账户权益: 10000000.00, 可用资金: 10000000.00, 浮动盈亏: 0.00, 持仓盈亏: 0.00, 平仓盈亏: 0.00, 市值: 0.00, 保证金: 0.00, 手续费: 0.00, 风险度: 0.00%
    INFO - 日期: 2021-08-04, 账户权益: 10000000.00, 可用资金: 10000000.00, 浮动盈亏: 0.00, 持仓盈亏: 0.00, 平仓盈亏: 0.00, 市值: 0.00, 保证金: 0.00, 手续费: 0.00, 风险度: 0.00%
    INFO - 日期: 2021-08-05, 账户权益: 10000000.00, 可用资金: 10000000.00, 浮动盈亏: 0.00, 持仓盈亏: 0.00, 平仓盈亏: 0.00, 市值: 0.00, 保证金: 0.00, 手续费: 0.00, 风险度: 0.00%
    INFO - 日期: 2021-08-06, 账户权益: 10000000.00, 可用资金: 10000000.00, 浮动盈亏: 0.00, 持仓盈亏: 0.00, 平仓盈亏: 0.00, 市值: 0.00, 保证金: 0.00, 手续费: 0.00, 风险度: 0.00%
    INFO - 日期: 2021-08-09, 账户权益: 10000000.00, 可用资金: 10000000.00, 浮动盈亏: 0.00, 持仓盈亏: 0.00, 平仓盈亏: 0.00, 市值: 0.00, 保证金: 0.00, 手续费: 0.00, 风险度: 0.00%
    INFO - 日期: 2021-08-10, 账户权益: 10000000.00, 可用资金: 10000000.00, 浮动盈亏: 0.00, 持仓盈亏: 0.00, 平仓盈亏: 0.00, 市值: 0.00, 保证金: 0.00, 手续费: 0.00, 风险度: 0.00%
    INFO - 胜率: 0.00%, 盈亏额比例: inf, 收益率: 0.00%, 年化收益率: 0.00%, 最大回撤: 0.00%, 年化夏普率: inf,年化索提诺比率: -15.8114
    INFO - 回测结束
extracted rank=65 ru2109.SHFE SHFE.ru2109 rows=16245 elapsed=17.76
    INFO - 模拟交易成交记录, 账户: TQSIM
    INFO - 模拟交易账户资金, 账户: TQSIM
    INFO - 日期: 2022-08-31, 账户权益: 10000000.00, 可用资金: 10000000.00, 浮动盈亏: 0.00, 持仓盈亏: 0.00, 平仓盈亏: 0.00, 市值: 0.00, 保证金: 0.00, 手续费: 0.00, 风险度: 0.00%
    INFO - 日期: 2022-09-01, 账户权益: 10000000.00, 可用资金: 10000000.00, 浮动盈亏: 0.00, 持仓盈亏: 0.00, 平仓盈亏: 0.00, 市值: 0.00, 保证金: 0.00, 手续费: 0.00, 风险度: 0.00%
    INFO - 日期: 2022-09-02, 账户权益: 10000000.00, 可用资金: 10000000.00, 浮动盈亏: 0.00, 持仓盈亏: 0.00, 平仓盈亏: 0.00, 市值: 0.00, 保证金: 0.00, 手续费: 0.00, 风险度: 0.00%
    INFO - 日期: 2022-09-05, 账户权益: 10000000.00, 可用资金: 10000000.00, 浮动盈亏: 0.00, 持仓盈亏: 0.00, 平仓盈亏: 0.00, 市值: 0.00, 保证金: 0.00, 手续费: 0.00, 风险度: 0.00%
    INFO - 日期: 2022-09-06, 账户权益: 10000000.00, 可用资金: 10000000.00, 浮动盈亏: 0.00, 持仓盈亏: 0.00, 平仓盈亏: 0.00, 市值: 0.00, 保证金: 0.00, 手续费: 0.00, 风险度: 0.00%
    INFO - 日期: 2022-09-07, 账户权益: 10000000.00, 可用资金: 10000000.00, 浮动盈亏: 0.00, 持仓盈亏: 0.00, 平仓盈亏: 0.00, 市值: 0.00, 保证金: 0.00, 手续费: 0.00, 风险度: 0.00%
    INFO - 日期: 2022-09-08, 账户权益: 10000000.00, 可用资金: 10000000.00, 浮动盈亏: 0.00, 持仓盈亏: 0.00, 平仓盈亏: 0.00, 市值: 0.00, 保证金: 0.00, 手续费: 0.00, 风险度: 0.00%
    INFO - 日期: 2022-09-09, 账户权益: 10000000.00, 可用资金: 10000000.00, 浮动盈亏: 0.00, 持仓盈亏: 0.00, 平仓盈亏: 0.00, 市值: 0.00, 保证金: 0.00, 手续费: 0.00, 风险度: 0.00%
    INFO - 日期: 2022-09-13, 账户权益: 10000000.00, 可用资金: 10000000.00, 浮动盈亏: 0.00, 持仓盈亏: 0.00, 平仓盈亏: 0.00, 市值: 0.00, 保证金: 0.00, 手续费: 0.00, 风险度: 0.00%
    INFO - 日期: 2022-09-14, 账户权益: 10000000.00, 可用资金: 10000000.00, 浮动盈亏: 0.00, 持仓盈亏: 0.00, 平仓盈亏: 0.00, 市值: 0.00, 保证金: 0.00, 手续费: 0.00, 风险度: 0.00%
    INFO - 日期: 2022-09-15, 账户权益: 10000000.00, 可用资金: 10000000.00, 浮动盈亏: 0.00, 持仓盈亏: 0.00, 平仓盈亏: 0.00, 市值: 0.00, 保证金: 0.00, 手续费: 0.00, 风险度: 0.00%
    INFO - 日期: 2022-09-16, 账户权益: 10000000.00, 可用资金: 10000000.00, 浮动盈亏: 0.00, 持仓盈亏: 0.00, 平仓盈亏: 0.00, 市值: 0.00, 保证金: 0.00, 手续费: 0.00, 风险度: 0.00%
    INFO - 日期: 2022-09-19, 账户权益: 10000000.00, 可用资金: 10000000.00, 浮动盈亏: 0.00, 持仓盈亏: 0.00, 平仓盈亏: 0.00, 市值: 0.00, 保证金: 0.00, 手续费: 0.00, 风险度: 0.00%
    INFO - 日期: 2022-09-20, 账户权益: 10000000.00, 可用资金: 10000000.00, 浮动盈亏: 0.00, 持仓盈亏: 0.00, 平仓盈亏: 0.00, 市值: 0.00, 保证金: 0.00, 手续费: 0.00, 风险度: 0.00%
    INFO - 日期: 2022-09-21, 账户权益: 10000000.00, 可用资金: 10000000.00, 浮动盈亏: 0.00, 持仓盈亏: 0.00, 平仓盈亏: 0.00, 市值: 0.00, 保证金: 0.00, 手续费: 0.00, 风险度: 0.00%
    INFO - 日期: 2022-09-22, 账户权益: 10000000.00, 可用资金: 10000000.00, 浮动盈亏: 0.00, 持仓盈亏: 0.00, 平仓盈亏: 0.00, 市值: 0.00, 保证金: 0.00, 手续费: 0.00, 风险度: 0.00%
    INFO - 日期: 2022-09-23, 账户权益: 10000000.00, 可用资金: 10000000.00, 浮动盈亏: 0.00, 持仓盈亏: 0.00, 平仓盈亏: 0.00, 市值: 0.00, 保证金: 0.00, 手续费: 0.00, 风险度: 0.00%
    INFO - 日期: 2022-09-26, 账户权益: 10000000.00, 可用资金: 10000000.00, 浮动盈亏: 0.00, 持仓盈亏: 0.00, 平仓盈亏: 0.00, 市值: 0.00, 保证金: 0.00, 手续费: 0.00, 风险度: 0.00%
    INFO - 日期: 2022-09-27, 账户权益: 10000000.00, 可用资金: 10000000.00, 浮动盈亏: 0.00, 持仓盈亏: 0.00, 平仓盈亏: 0.00, 市值: 0.00, 保证金: 0.00, 手续费: 0.00, 风险度: 0.00%
    INFO - 日期: 2022-09-28, 账户权益: 10000000.00, 可用资金: 10000000.00, 浮动盈亏: 0.00, 持仓盈亏: 0.00, 平仓盈亏: 0.00, 市值: 0.00, 保证金: 0.00, 手续费: 0.00, 风险度: 0.00%
    INFO - 日期: 2022-09-29, 账户权益: 10000000.00, 可用资金: 10000000.00, 浮动盈亏: 0.00, 持仓盈亏: 0.00, 平仓盈亏: 0.00, 市值: 0.00, 保证金: 0.00, 手续费: 0.00, 风险度: 0.00%
    INFO - 日期: 2022-09-30, 账户权益: 10000000.00, 可用资金: 10000000.00, 浮动盈亏: 0.00, 持仓盈亏: 0.00, 平仓盈亏: 0.00, 市值: 0.00, 保证金: 0.00, 手续费: 0.00, 风险度: 0.00%
    INFO - 日期: 2022-10-10, 账户权益: 10000000.00, 可用资金: 10000000.00, 浮动盈亏: 0.00, 持仓盈亏: 0.00, 平仓盈亏: 0.00, 市值: 0.00, 保证金: 0.00, 手续费: 0.00, 风险度: 0.00%
    INFO - 日期: 2022-10-11, 账户权益: 10000000.00, 可用资金: 10000000.00, 浮动盈亏: 0.00, 持仓盈亏: 0.00, 平仓盈亏: 0.00, 市值: 0.00, 保证金: 0.00, 手续费: 0.00, 风险度: 0.00%
    INFO - 日期: 2022-10-12, 账户权益: 10000000.00, 可用资金: 10000000.00, 浮动盈亏: 0.00, 持仓盈亏: 0.00, 平仓盈亏: 0.00, 市值: 0.00, 保证金: 0.00, 手续费: 0.00, 风险度: 0.00%
    INFO - 日期: 2022-10-13, 账户权益: 10000000.00, 可用资金: 10000000.00, 浮动盈亏: 0.00, 持仓盈亏: 0.00, 平仓盈亏: 0.00, 市值: 0.00, 保证金: 0.00, 手续费: 0.00, 风险度: 0.00%
    INFO - 日期: 2022-10-14, 账户权益: 10000000.00, 可用资金: 10000000.00, 浮动盈亏: 0.00, 持仓盈亏: 0.00, 平仓盈亏: 0.00, 市值: 0.00, 保证金: 0.00, 手续费: 0.00, 风险度: 0.00%
    INFO - 日期: 2022-10-17, 账户权益: 10000000.00, 可用资金: 10000000.00, 浮动盈亏: 0.00, 持仓盈亏: 0.00, 平仓盈亏: 0.00, 市值: 0.00, 保证金: 0.00, 手续费: 0.00, 风险度: 0.00%
    INFO - 日期: 2022-10-18, 账户权益: 10000000.00, 可用资金: 10000000.00, 浮动盈亏: 0.00, 持仓盈亏: 0.00, 平仓盈亏: 0.00, 市值: 0.00, 保证金: 0.00, 手续费: 0.00, 风险度: 0.00%
    INFO - 日期: 2022-10-19, 账户权益: 10000000.00, 可用资金: 10000000.00, 浮动盈亏: 0.00, 持仓盈亏: 0.00, 平仓盈亏: 0.00, 市值: 0.00, 保证金: 0.00, 手续费: 0.00, 风险度: 0.00%
    INFO - 胜率: 0.00%, 盈亏额比例: inf, 收益率: 0.00%, 年化收益率: 0.00%, 最大回撤: 0.00%, 年化夏普率: inf,年化索提诺比率: -15.8114
    INFO - 回测结束
extracted rank=66 SA301.CZCE CZCE.SA301 rows=9570 elapsed=12.15
    INFO - 回测结束
    INFO - 模拟交易成交记录, 账户: TQSIM
    INFO - 模拟交易账户资金, 账户: TQSIM
    INFO - 日期: 2020-01-08, 账户权益: 10000000.00, 可用资金: 10000000.00, 浮动盈亏: 0.00, 持仓盈亏: 0.00, 平仓盈亏: 0.00, 市值: 0.00, 保证金: 0.00, 手续费: 0.00, 风险度: 0.00%
    INFO - 日期: 2020-01-09, 账户权益: 10000000.00, 可用资金: 10000000.00, 浮动盈亏: 0.00, 持仓盈亏: 0.00, 平仓盈亏: 0.00, 市值: 0.00, 保证金: 0.00, 手续费: 0.00, 风险度: 0.00%
    INFO - 日期: 2020-01-10, 账户权益: 10000000.00, 可用资金: 10000000.00, 浮动盈亏: 0.00, 持仓盈亏: 0.00, 平仓盈亏: 0.00, 市值: 0.00, 保证金: 0.00, 手续费: 0.00, 风险度: 0.00%
    INFO - 日期: 2020-01-13, 账户权益: 10000000.00, 可用资金: 10000000.00, 浮动盈亏: 0.00, 持仓盈亏: 0.00, 平仓盈亏: 0.00, 市值: 0.00, 保证金: 0.00, 手续费: 0.00, 风险度: 0.00%
    INFO - 日期: 2020-01-14, 账户权益: 10000000.00, 可用资金: 10000000.00, 浮动盈亏: 0.00, 持仓盈亏: 0.00, 平仓盈亏: 0.00, 市值: 0.00, 保证金: 0.00, 手续费: 0.00, 风险度: 0.00%
    INFO - 日期: 2020-01-15, 账户权益: 10000000.00, 可用资金: 10000000.00, 浮动盈亏: 0.00, 持仓盈亏: 0.00, 平仓盈亏: 0.00, 市值: 0.00, 保证金: 0.00, 手续费: 0.00, 风险度: 0.00%
    INFO - 日期: 2020-01-16, 账户权益: 10000000.00, 可用资金: 10000000.00, 浮动盈亏: 0.00, 持仓盈亏: 0.00, 平仓盈亏: 0.00, 市值: 0.00, 保证金: 0.00, 手续费: 0.00, 风险度: 0.00%
    INFO - 日期: 2020-01-17, 账户权益: 10000000.00, 可用资金: 10000000.00, 浮动盈亏: 0.00, 持仓盈亏: 0.00, 平仓盈亏: 0.00, 市值: 0.00, 保证金: 0.00, 手续费: 0.00, 风险度: 0.00%
    INFO - 日期: 2020-01-20, 账户权益: 10000000.00, 可用资金: 10000000.00, 浮动盈亏: 0.00, 持仓盈亏: 0.00, 平仓盈亏: 0.00, 市值: 0.00, 保证金: 0.00, 手续费: 0.00, 风险度: 0.00%
    INFO - 日期: 2020-01-21, 账户权益: 10000000.00, 可用资金: 10000000.00, 浮动盈亏: 0.00, 持仓盈亏: 0.00, 平仓盈亏: 0.00, 市值: 0.00, 保证金: 0.00, 手续费: 0.00, 风险度: 0.00%
    INFO - 日期: 2020-01-22, 账户权益: 10000000.00, 可用资金: 10000000.00, 浮动盈亏: 0.00, 持仓盈亏: 0.00, 平仓盈亏: 0.00, 市值: 0.00, 保证金: 0.00, 手续费: 0.00, 风险度: 0.00%
    INFO - 日期: 2020-01-23, 账户权益: 10000000.00, 可用资金: 10000000.00, 浮动盈亏: 0.00, 持仓盈亏: 0.00, 平仓盈亏: 0.00, 市值: 0.00, 保证金: 0.00, 手续费: 0.00, 风险度: 0.00%
    INFO - 日期: 2020-02-03, 账户权益: 10000000.00, 可用资金: 10000000.00, 浮动盈亏: 0.00, 持仓盈亏: 0.00, 平仓盈亏: 0.00, 市值: 0.00, 保证金: 0.00, 手续费: 0.00, 风险度: 0.00%
    INFO - 日期: 2020-02-04, 账户权益: 10000000.00, 可用资金: 10000000.00, 浮动盈亏: 0.00, 持仓盈亏: 0.00, 平仓盈亏: 0.00, 市值: 0.00, 保证金: 0.00, 手续费: 0.00, 风险度: 0.00%
    INFO - 日期: 2020-02-05, 账户权益: 10000000.00, 可用资金: 10000000.00, 浮动盈亏: 0.00, 持仓盈亏: 0.00, 平仓盈亏: 0.00, 市值: 0.00, 保证金: 0.00, 手续费: 0.00, 风险度: 0.00%
    INFO - 日期: 2020-02-06, 账户权益: 10000000.00, 可用资金: 10000000.00, 浮动盈亏: 0.00, 持仓盈亏: 0.00, 平仓盈亏: 0.00, 市值: 0.00, 保证金: 0.00, 手续费: 0.00, 风险度: 0.00%
    INFO - 日期: 2020-02-07, 账户权益: 10000000.00, 可用资金: 10000000.00, 浮动盈亏: 0.00, 持仓盈亏: 0.00, 平仓盈亏: 0.00, 市值: 0.00, 保证金: 0.00, 手续费: 0.00, 风险度: 0.00%
    INFO - 日期: 2020-02-10, 账户权益: 10000000.00, 可用资金: 10000000.00, 浮动盈亏: 0.00, 持仓盈亏: 0.00, 平仓盈亏: 0.00, 市值: 0.00, 保证金: 0.00, 手续费: 0.00, 风险度: 0.00%
    INFO - 日期: 2020-02-11, 账户权益: 10000000.00, 可用资金: 10000000.00, 浮动盈亏: 0.00, 持仓盈亏: 0.00, 平仓盈亏: 0.00, 市值: 0.00, 保证金: 0.00, 手续费: 0.00, 风险度: 0.00%
    INFO - 日期: 2020-02-12, 账户权益: 10000000.00, 可用资金: 10000000.00, 浮动盈亏: 0.00, 持仓盈亏: 0.00, 平仓盈亏: 0.00, 市值: 0.00, 保证金: 0.00, 手续费: 0.00, 风险度: 0.00%
    INFO - 日期: 2020-02-13, 账户权益: 10000000.00, 可用资金: 10000000.00, 浮动盈亏: 0.00, 持仓盈亏: 0.00, 平仓盈亏: 0.00, 市值: 0.00, 保证金: 0.00, 手续费: 0.00, 风险度: 0.00%
    INFO - 日期: 2020-02-14, 账户权益: 10000000.00, 可用资金: 10000000.00, 浮动盈亏: 0.00, 持仓盈亏: 0.00, 平仓盈亏: 0.00, 市值: 0.00, 保证金: 0.00, 手续费: 0.00, 风险度: 0.00%
    INFO - 日期: 2020-02-17, 账户权益: 10000000.00, 可用资金: 10000000.00, 浮动盈亏: 0.00, 持仓盈亏: 0.00, 平仓盈亏: 0.00, 市值: 0.00, 保证金: 0.00, 手续费: 0.00, 风险度: 0.00%
    INFO - 日期: 2020-02-18, 账户权益: 10000000.00, 可用资金: 10000000.00, 浮动盈亏: 0.00, 持仓盈亏: 0.00, 平仓盈亏: 0.00, 市值: 0.00, 保证金: 0.00, 手续费: 0.00, 风险度: 0.00%
    INFO - 日期: 2020-02-19, 账户权益: 10000000.00, 可用资金: 10000000.00, 浮动盈亏: 0.00, 持仓盈亏: 0.00, 平仓盈亏: 0.00, 市值: 0.00, 保证金: 0.00, 手续费: 0.00, 风险度: 0.00%
    INFO - 日期: 2020-02-20, 账户权益: 10000000.00, 可用资金: 10000000.00, 浮动盈亏: 0.00, 持仓盈亏: 0.00, 平仓盈亏: 0.00, 市值: 0.00, 保证金: 0.00, 手续费: 0.00, 风险度: 0.00%
    INFO - 日期: 2020-02-21, 账户权益: 10000000.00, 可用资金: 10000000.00, 浮动盈亏: 0.00, 持仓盈亏: 0.00, 平仓盈亏: 0.00, 市值: 0.00, 保证金: 0.00, 手续费: 0.00, 风险度: 0.00%
    INFO - 日期: 2020-02-24, 账户权益: 10000000.00, 可用资金: 10000000.00, 浮动盈亏: 0.00, 持仓盈亏: 0.00, 平仓盈亏: 0.00, 市值: 0.00, 保证金: 0.00, 手续费: 0.00, 风险度: 0.00%
    INFO - 日期: 2020-02-25, 账户权益: 10000000.00, 可用资金: 10000000.00, 浮动盈亏: 0.00, 持仓盈亏: 0.00, 平仓盈亏: 0.00, 市值: 0.00, 保证金: 0.00, 手续费: 0.00, 风险度: 0.00%
    INFO - 日期: 2020-02-26, 账户权益: 10000000.00, 可用资金: 10000000.00, 浮动盈亏: 0.00, 持仓盈亏: 0.00, 平仓盈亏: 0.00, 市值: 0.00, 保证金: 0.00, 手续费: 0.00, 风险度: 0.00%
    INFO - 日期: 2020-02-27, 账户权益: 10000000.00, 可用资金: 10000000.00, 浮动盈亏: 0.00, 持仓盈亏: 0.00, 平仓盈亏: 0.00, 市值: 0.00, 保证金: 0.00, 手续费: 0.00, 风险度: 0.00%
    INFO - 日期: 2020-02-28, 账户权益: 10000000.00, 可用资金: 10000000.00, 浮动盈亏: 0.00, 持仓盈亏: 0.00, 平仓盈亏: 0.00, 市值: 0.00, 保证金: 0.00, 手续费: 0.00, 风险度: 0.00%
    INFO - 日期: 2020-03-02, 账户权益: 10000000.00, 可用资金: 10000000.00, 浮动盈亏: 0.00, 持仓盈亏: 0.00, 平仓盈亏: 0.00, 市值: 0.00, 保证金: 0.00, 手续费: 0.00, 风险度: 0.00%
    INFO - 日期: 2020-03-03, 账户权益: 10000000.00, 可用资金: 10000000.00, 浮动盈亏: 0.00, 持仓盈亏: 0.00, 平仓盈亏: 0.00, 市值: 0.00, 保证金: 0.00, 手续费: 0.00, 风险度: 0.00%
    INFO - 日期: 2020-03-04, 账户权益: 10000000.00, 可用资金: 10000000.00, 浮动盈亏: 0.00, 持仓盈亏: 0.00, 平仓盈亏: 0.00, 市值: 0.00, 保证金: 0.00, 手续费: 0.00, 风险度: 0.00%
    INFO - 日期: 2020-03-05, 账户权益: 10000000.00, 可用资金: 10000000.00, 浮动盈亏: 0.00, 持仓盈亏: 0.00, 平仓盈亏: 0.00, 市值: 0.00, 保证金: 0.00, 手续费: 0.00, 风险度: 0.00%
    INFO - 日期: 2020-03-06, 账户权益: 10000000.00, 可用资金: 10000000.00, 浮动盈亏: 0.00, 持仓盈亏: 0.00, 平仓盈亏: 0.00, 市值: 0.00, 保证金: 0.00, 手续费: 0.00, 风险度: 0.00%
    INFO - 日期: 2020-03-09, 账户权益: 10000000.00, 可用资金: 10000000.00, 浮动盈亏: 0.00, 持仓盈亏: 0.00, 平仓盈亏: 0.00, 市值: 0.00, 保证金: 0.00, 手续费: 0.00, 风险度: 0.00%
    INFO - 日期: 2020-03-10, 账户权益: 10000000.00, 可用资金: 10000000.00, 浮动盈亏: 0.00, 持仓盈亏: 0.00, 平仓盈亏: 0.00, 市值: 0.00, 保证金: 0.00, 手续费: 0.00, 风险度: 0.00%
    INFO - 日期: 2020-03-11, 账户权益: 10000000.00, 可用资金: 10000000.00, 浮动盈亏: 0.00, 持仓盈亏: 0.00, 平仓盈亏: 0.00, 市值: 0.00, 保证金: 0.00, 手续费: 0.00, 风险度: 0.00%
    INFO - 日期: 2020-03-12, 账户权益: 10000000.00, 可用资金: 10000000.00, 浮动盈亏: 0.00, 持仓盈亏: 0.00, 平仓盈亏: 0.00, 市值: 0.00, 保证金: 0.00, 手续费: 0.00, 风险度: 0.00%
    INFO - 日期: 2020-03-13, 账户权益: 10000000.00, 可用资金: 10000000.00, 浮动盈亏: 0.00, 持仓盈亏: 0.00, 平仓盈亏: 0.00, 市值: 0.00, 保证金: 0.00, 手续费: 0.00, 风险度: 0.00%
    INFO - 日期: 2020-03-16, 账户权益: 10000000.00, 可用资金: 10000000.00, 浮动盈亏: 0.00, 持仓盈亏: 0.00, 平仓盈亏: 0.00, 市值: 0.00, 保证金: 0.00, 手续费: 0.00, 风险度: 0.00%
    INFO - 日期: 2020-03-17, 账户权益: 10000000.00, 可用资金: 10000000.00, 浮动盈亏: 0.00, 持仓盈亏: 0.00, 平仓盈亏: 0.00, 市值: 0.00, 保证金: 0.00, 手续费: 0.00, 风险度: 0.00%
    INFO - 日期: 2020-03-18, 账户权益: 10000000.00, 可用资金: 10000000.00, 浮动盈亏: 0.00, 持仓盈亏: 0.00, 平仓盈亏: 0.00, 市值: 0.00, 保证金: 0.00, 手续费: 0.00, 风险度: 0.00%
    INFO - 日期: 2020-03-19, 账户权益: 10000000.00, 可用资金: 10000000.00, 浮动盈亏: 0.00, 持仓盈亏: 0.00, 平仓盈亏: 0.00, 市值: 0.00, 保证金: 0.00, 手续费: 0.00, 风险度: 0.00%
    INFO - 日期: 2020-03-20, 账户权益: 10000000.00, 可用资金: 10000000.00, 浮动盈亏: 0.00, 持仓盈亏: 0.00, 平仓盈亏: 0.00, 市值: 0.00, 保证金: 0.00, 手续费: 0.00, 风险度: 0.00%
    INFO - 胜率: 0.00%, 盈亏额比例: inf, 收益率: 0.00%, 年化收益率: 0.00%, 最大回撤: 0.00%, 年化夏普率: inf,年化索提诺比率: -15.8114
extracted rank=67 rb2005.SHFE SHFE.rb2005 rows=11684 elapsed=14.53
    INFO - 模拟交易成交记录, 账户: TQSIM
    INFO - 模拟交易账户资金, 账户: TQSIM
    INFO - 日期: 2020-10-27, 账户权益: 10000000.00, 可用资金: 10000000.00, 浮动盈亏: 0.00, 持仓盈亏: 0.00, 平仓盈亏: 0.00, 市值: 0.00, 保证金: 0.00, 手续费: 0.00, 风险度: 0.00%
    INFO - 日期: 2020-10-28, 账户权益: 10000000.00, 可用资金: 10000000.00, 浮动盈亏: 0.00, 持仓盈亏: 0.00, 平仓盈亏: 0.00, 市值: 0.00, 保证金: 0.00, 手续费: 0.00, 风险度: 0.00%
    INFO - 日期: 2020-10-29, 账户权益: 10000000.00, 可用资金: 10000000.00, 浮动盈亏: 0.00, 持仓盈亏: 0.00, 平仓盈亏: 0.00, 市值: 0.00, 保证金: 0.00, 手续费: 0.00, 风险度: 0.00%
    INFO - 日期: 2020-10-30, 账户权益: 10000000.00, 可用资金: 10000000.00, 浮动盈亏: 0.00, 持仓盈亏: 0.00, 平仓盈亏: 0.00, 市值: 0.00, 保证金: 0.00, 手续费: 0.00, 风险度: 0.00%
    INFO - 日期: 2020-11-02, 账户权益: 10000000.00, 可用资金: 10000000.00, 浮动盈亏: 0.00, 持仓盈亏: 0.00, 平仓盈亏: 0.00, 市值: 0.00, 保证金: 0.00, 手续费: 0.00, 风险度: 0.00%
    INFO - 日期: 2020-11-03, 账户权益: 10000000.00, 可用资金: 10000000.00, 浮动盈亏: 0.00, 持仓盈亏: 0.00, 平仓盈亏: 0.00, 市值: 0.00, 保证金: 0.00, 手续费: 0.00, 风险度: 0.00%
    INFO - 日期: 2020-11-04, 账户权益: 10000000.00, 可用资金: 10000000.00, 浮动盈亏: 0.00, 持仓盈亏: 0.00, 平仓盈亏: 0.00, 市值: 0.00, 保证金: 0.00, 手续费: 0.00, 风险度: 0.00%
    INFO - 日期: 2020-11-05, 账户权益: 10000000.00, 可用资金: 10000000.00, 浮动盈亏: 0.00, 持仓盈亏: 0.00, 平仓盈亏: 0.00, 市值: 0.00, 保证金: 0.00, 手续费: 0.00, 风险度: 0.00%
    INFO - 日期: 2020-11-06, 账户权益: 10000000.00, 可用资金: 10000000.00, 浮动盈亏: 0.00, 持仓盈亏: 0.00, 平仓盈亏: 0.00, 市值: 0.00, 保证金: 0.00, 手续费: 0.00, 风险度: 0.00%
    INFO - 日期: 2020-11-09, 账户权益: 10000000.00, 可用资金: 10000000.00, 浮动盈亏: 0.00, 持仓盈亏: 0.00, 平仓盈亏: 0.00, 市值: 0.00, 保证金: 0.00, 手续费: 0.00, 风险度: 0.00%
    INFO - 日期: 2020-11-10, 账户权益: 10000000.00, 可用资金: 10000000.00, 浮动盈亏: 0.00, 持仓盈亏: 0.00, 平仓盈亏: 0.00, 市值: 0.00, 保证金: 0.00, 手续费: 0.00, 风险度: 0.00%
    INFO - 日期: 2020-11-11, 账户权益: 10000000.00, 可用资金: 10000000.00, 浮动盈亏: 0.00, 持仓盈亏: 0.00, 平仓盈亏: 0.00, 市值: 0.00, 保证金: 0.00, 手续费: 0.00, 风险度: 0.00%
    INFO - 日期: 2020-11-12, 账户权益: 10000000.00, 可用资金: 10000000.00, 浮动盈亏: 0.00, 持仓盈亏: 0.00, 平仓盈亏: 0.00, 市值: 0.00, 保证金: 0.00, 手续费: 0.00, 风险度: 0.00%
    INFO - 日期: 2020-11-13, 账户权益: 10000000.00, 可用资金: 10000000.00, 浮动盈亏: 0.00, 持仓盈亏: 0.00, 平仓盈亏: 0.00, 市值: 0.00, 保证金: 0.00, 手续费: 0.00, 风险度: 0.00%
    INFO - 日期: 2020-11-16, 账户权益: 10000000.00, 可用资金: 10000000.00, 浮动盈亏: 0.00, 持仓盈亏: 0.00, 平仓盈亏: 0.00, 市值: 0.00, 保证金: 0.00, 手续费: 0.00, 风险度: 0.00%
    INFO - 日期: 2020-11-17, 账户权益: 10000000.00, 可用资金: 10000000.00, 浮动盈亏: 0.00, 持仓盈亏: 0.00, 平仓盈亏: 0.00, 市值: 0.00, 保证金: 0.00, 手续费: 0.00, 风险度: 0.00%
    INFO - 日期: 2020-11-18, 账户权益: 10000000.00, 可用资金: 10000000.00, 浮动盈亏: 0.00, 持仓盈亏: 0.00, 平仓盈亏: 0.00, 市值: 0.00, 保证金: 0.00, 手续费: 0.00, 风险度: 0.00%
    INFO - 日期: 2020-11-19, 账户权益: 10000000.00, 可用资金: 10000000.00, 浮动盈亏: 0.00, 持仓盈亏: 0.00, 平仓盈亏: 0.00, 市值: 0.00, 保证金: 0.00, 手续费: 0.00, 风险度: 0.00%
    INFO - 日期: 2020-11-20, 账户权益: 10000000.00, 可用资金: 10000000.00, 浮动盈亏: 0.00, 持仓盈亏: 0.00, 平仓盈亏: 0.00, 市值: 0.00, 保证金: 0.00, 手续费: 0.00, 风险度: 0.00%
    INFO - 日期: 2020-11-23, 账户权益: 10000000.00, 可用资金: 10000000.00, 浮动盈亏: 0.00, 持仓盈亏: 0.00, 平仓盈亏: 0.00, 市值: 0.00, 保证金: 0.00, 手续费: 0.00, 风险度: 0.00%
    INFO - 日期: 2020-11-24, 账户权益: 10000000.00, 可用资金: 10000000.00, 浮动盈亏: 0.00, 持仓盈亏: 0.00, 平仓盈亏: 0.00, 市值: 0.00, 保证金: 0.00, 手续费: 0.00, 风险度: 0.00%
    INFO - 胜率: 0.00%, 盈亏额比例: inf, 收益率: 0.00%, 年化收益率: 0.00%, 最大回撤: 0.00%, 年化夏普率: inf,年化索提诺比率: -15.8114
    INFO - 回测结束
extracted rank=68 OI101.CZCE CZCE.OI101 rows=6705 elapsed=9.44
    INFO - 回测结束
    INFO - 模拟交易成交记录, 账户: TQSIM
    INFO - 模拟交易账户资金, 账户: TQSIM
    INFO - 日期: 2021-08-16, 账户权益: 10000000.00, 可用资金: 10000000.00, 浮动盈亏: 0.00, 持仓盈亏: 0.00, 平仓盈亏: 0.00, 市值: 0.00, 保证金: 0.00, 手续费: 0.00, 风险度: 0.00%
    INFO - 日期: 2021-08-17, 账户权益: 10000000.00, 可用资金: 10000000.00, 浮动盈亏: 0.00, 持仓盈亏: 0.00, 平仓盈亏: 0.00, 市值: 0.00, 保证金: 0.00, 手续费: 0.00, 风险度: 0.00%
    INFO - 日期: 2021-08-18, 账户权益: 10000000.00, 可用资金: 10000000.00, 浮动盈亏: 0.00, 持仓盈亏: 0.00, 平仓盈亏: 0.00, 市值: 0.00, 保证金: 0.00, 手续费: 0.00, 风险度: 0.00%
    INFO - 日期: 2021-08-19, 账户权益: 10000000.00, 可用资金: 10000000.00, 浮动盈亏: 0.00, 持仓盈亏: 0.00, 平仓盈亏: 0.00, 市值: 0.00, 保证金: 0.00, 手续费: 0.00, 风险度: 0.00%
    INFO - 日期: 2021-08-20, 账户权益: 10000000.00, 可用资金: 10000000.00, 浮动盈亏: 0.00, 持仓盈亏: 0.00, 平仓盈亏: 0.00, 市值: 0.00, 保证金: 0.00, 手续费: 0.00, 风险度: 0.00%
    INFO - 日期: 2021-08-23, 账户权益: 10000000.00, 可用资金: 10000000.00, 浮动盈亏: 0.00, 持仓盈亏: 0.00, 平仓盈亏: 0.00, 市值: 0.00, 保证金: 0.00, 手续费: 0.00, 风险度: 0.00%
    INFO - 日期: 2021-08-24, 账户权益: 10000000.00, 可用资金: 10000000.00, 浮动盈亏: 0.00, 持仓盈亏: 0.00, 平仓盈亏: 0.00, 市值: 0.00, 保证金: 0.00, 手续费: 0.00, 风险度: 0.00%
    INFO - 日期: 2021-08-25, 账户权益: 10000000.00, 可用资金: 10000000.00, 浮动盈亏: 0.00, 持仓盈亏: 0.00, 平仓盈亏: 0.00, 市值: 0.00, 保证金: 0.00, 手续费: 0.00, 风险度: 0.00%
    INFO - 日期: 2021-08-26, 账户权益: 10000000.00, 可用资金: 10000000.00, 浮动盈亏: 0.00, 持仓盈亏: 0.00, 平仓盈亏: 0.00, 市值: 0.00, 保证金: 0.00, 手续费: 0.00, 风险度: 0.00%
    INFO - 日期: 2021-08-27, 账户权益: 10000000.00, 可用资金: 10000000.00, 浮动盈亏: 0.00, 持仓盈亏: 0.00, 平仓盈亏: 0.00, 市值: 0.00, 保证金: 0.00, 手续费: 0.00, 风险度: 0.00%
    INFO - 日期: 2021-08-30, 账户权益: 10000000.00, 可用资金: 10000000.00, 浮动盈亏: 0.00, 持仓盈亏: 0.00, 平仓盈亏: 0.00, 市值: 0.00, 保证金: 0.00, 手续费: 0.00, 风险度: 0.00%
    INFO - 日期: 2021-08-31, 账户权益: 10000000.00, 可用资金: 10000000.00, 浮动盈亏: 0.00, 持仓盈亏: 0.00, 平仓盈亏: 0.00, 市值: 0.00, 保证金: 0.00, 手续费: 0.00, 风险度: 0.00%
    INFO - 日期: 2021-09-01, 账户权益: 10000000.00, 可用资金: 10000000.00, 浮动盈亏: 0.00, 持仓盈亏: 0.00, 平仓盈亏: 0.00, 市值: 0.00, 保证金: 0.00, 手续费: 0.00, 风险度: 0.00%
    INFO - 日期: 2021-09-02, 账户权益: 10000000.00, 可用资金: 10000000.00, 浮动盈亏: 0.00, 持仓盈亏: 0.00, 平仓盈亏: 0.00, 市值: 0.00, 保证金: 0.00, 手续费: 0.00, 风险度: 0.00%
    INFO - 日期: 2021-09-03, 账户权益: 10000000.00, 可用资金: 10000000.00, 浮动盈亏: 0.00, 持仓盈亏: 0.00, 平仓盈亏: 0.00, 市值: 0.00, 保证金: 0.00, 手续费: 0.00, 风险度: 0.00%
    INFO - 日期: 2021-09-06, 账户权益: 10000000.00, 可用资金: 10000000.00, 浮动盈亏: 0.00, 持仓盈亏: 0.00, 平仓盈亏: 0.00, 市值: 0.00, 保证金: 0.00, 手续费: 0.00, 风险度: 0.00%
    INFO - 日期: 2021-09-07, 账户权益: 10000000.00, 可用资金: 10000000.00, 浮动盈亏: 0.00, 持仓盈亏: 0.00, 平仓盈亏: 0.00, 市值: 0.00, 保证金: 0.00, 手续费: 0.00, 风险度: 0.00%
    INFO - 日期: 2021-09-08, 账户权益: 10000000.00, 可用资金: 10000000.00, 浮动盈亏: 0.00, 持仓盈亏: 0.00, 平仓盈亏: 0.00, 市值: 0.00, 保证金: 0.00, 手续费: 0.00, 风险度: 0.00%
    INFO - 日期: 2021-09-09, 账户权益: 10000000.00, 可用资金: 10000000.00, 浮动盈亏: 0.00, 持仓盈亏: 0.00, 平仓盈亏: 0.00, 市值: 0.00, 保证金: 0.00, 手续费: 0.00, 风险度: 0.00%
    INFO - 日期: 2021-09-10, 账户权益: 10000000.00, 可用资金: 10000000.00, 浮动盈亏: 0.00, 持仓盈亏: 0.00, 平仓盈亏: 0.00, 市值: 0.00, 保证金: 0.00, 手续费: 0.00, 风险度: 0.00%
    INFO - 日期: 2021-09-13, 账户权益: 10000000.00, 可用资金: 10000000.00, 浮动盈亏: 0.00, 持仓盈亏: 0.00, 平仓盈亏: 0.00, 市值: 0.00, 保证金: 0.00, 手续费: 0.00, 风险度: 0.00%
    INFO - 胜率: 0.00%, 盈亏额比例: inf, 收益率: 0.00%, 年化收益率: 0.00%, 最大回撤: 0.00%, 年化夏普率: inf,年化索提诺比率: -15.8114
extracted rank=69 MA201.CZCE CZCE.MA201 rows=6689 elapsed=9.53
    INFO - 回测结束
    INFO - 模拟交易成交记录, 账户: TQSIM
    INFO - 模拟交易账户资金, 账户: TQSIM
    INFO - 日期: 2022-01-21, 账户权益: 10000000.00, 可用资金: 10000000.00, 浮动盈亏: 0.00, 持仓盈亏: 0.00, 平仓盈亏: 0.00, 市值: 0.00, 保证金: 0.00, 手续费: 0.00, 风险度: 0.00%
    INFO - 日期: 2022-01-24, 账户权益: 10000000.00, 可用资金: 10000000.00, 浮动盈亏: 0.00, 持仓盈亏: 0.00, 平仓盈亏: 0.00, 市值: 0.00, 保证金: 0.00, 手续费: 0.00, 风险度: 0.00%
    INFO - 日期: 2022-01-25, 账户权益: 10000000.00, 可用资金: 10000000.00, 浮动盈亏: 0.00, 持仓盈亏: 0.00, 平仓盈亏: 0.00, 市值: 0.00, 保证金: 0.00, 手续费: 0.00, 风险度: 0.00%
    INFO - 日期: 2022-01-26, 账户权益: 10000000.00, 可用资金: 10000000.00, 浮动盈亏: 0.00, 持仓盈亏: 0.00, 平仓盈亏: 0.00, 市值: 0.00, 保证金: 0.00, 手续费: 0.00, 风险度: 0.00%
    INFO - 日期: 2022-01-27, 账户权益: 10000000.00, 可用资金: 10000000.00, 浮动盈亏: 0.00, 持仓盈亏: 0.00, 平仓盈亏: 0.00, 市值: 0.00, 保证金: 0.00, 手续费: 0.00, 风险度: 0.00%
    INFO - 日期: 2022-01-28, 账户权益: 10000000.00, 可用资金: 10000000.00, 浮动盈亏: 0.00, 持仓盈亏: 0.00, 平仓盈亏: 0.00, 市值: 0.00, 保证金: 0.00, 手续费: 0.00, 风险度: 0.00%
    INFO - 日期: 2022-02-07, 账户权益: 10000000.00, 可用资金: 10000000.00, 浮动盈亏: 0.00, 持仓盈亏: 0.00, 平仓盈亏: 0.00, 市值: 0.00, 保证金: 0.00, 手续费: 0.00, 风险度: 0.00%
    INFO - 日期: 2022-02-08, 账户权益: 10000000.00, 可用资金: 10000000.00, 浮动盈亏: 0.00, 持仓盈亏: 0.00, 平仓盈亏: 0.00, 市值: 0.00, 保证金: 0.00, 手续费: 0.00, 风险度: 0.00%
    INFO - 日期: 2022-02-09, 账户权益: 10000000.00, 可用资金: 10000000.00, 浮动盈亏: 0.00, 持仓盈亏: 0.00, 平仓盈亏: 0.00, 市值: 0.00, 保证金: 0.00, 手续费: 0.00, 风险度: 0.00%
    INFO - 日期: 2022-02-10, 账户权益: 10000000.00, 可用资金: 10000000.00, 浮动盈亏: 0.00, 持仓盈亏: 0.00, 平仓盈亏: 0.00, 市值: 0.00, 保证金: 0.00, 手续费: 0.00, 风险度: 0.00%
    INFO - 日期: 2022-02-11, 账户权益: 10000000.00, 可用资金: 10000000.00, 浮动盈亏: 0.00, 持仓盈亏: 0.00, 平仓盈亏: 0.00, 市值: 0.00, 保证金: 0.00, 手续费: 0.00, 风险度: 0.00%
    INFO - 日期: 2022-02-14, 账户权益: 10000000.00, 可用资金: 10000000.00, 浮动盈亏: 0.00, 持仓盈亏: 0.00, 平仓盈亏: 0.00, 市值: 0.00, 保证金: 0.00, 手续费: 0.00, 风险度: 0.00%
    INFO - 日期: 2022-02-15, 账户权益: 10000000.00, 可用资金: 10000000.00, 浮动盈亏: 0.00, 持仓盈亏: 0.00, 平仓盈亏: 0.00, 市值: 0.00, 保证金: 0.00, 手续费: 0.00, 风险度: 0.00%
    INFO - 日期: 2022-02-16, 账户权益: 10000000.00, 可用资金: 10000000.00, 浮动盈亏: 0.00, 持仓盈亏: 0.00, 平仓盈亏: 0.00, 市值: 0.00, 保证金: 0.00, 手续费: 0.00, 风险度: 0.00%
    INFO - 日期: 2022-02-17, 账户权益: 10000000.00, 可用资金: 10000000.00, 浮动盈亏: 0.00, 持仓盈亏: 0.00, 平仓盈亏: 0.00, 市值: 0.00, 保证金: 0.00, 手续费: 0.00, 风险度: 0.00%
    INFO - 日期: 2022-02-18, 账户权益: 10000000.00, 可用资金: 10000000.00, 浮动盈亏: 0.00, 持仓盈亏: 0.00, 平仓盈亏: 0.00, 市值: 0.00, 保证金: 0.00, 手续费: 0.00, 风险度: 0.00%
    INFO - 日期: 2022-02-21, 账户权益: 10000000.00, 可用资金: 10000000.00, 浮动盈亏: 0.00, 持仓盈亏: 0.00, 平仓盈亏: 0.00, 市值: 0.00, 保证金: 0.00, 手续费: 0.00, 风险度: 0.00%
    INFO - 日期: 2022-02-22, 账户权益: 10000000.00, 可用资金: 10000000.00, 浮动盈亏: 0.00, 持仓盈亏: 0.00, 平仓盈亏: 0.00, 市值: 0.00, 保证金: 0.00, 手续费: 0.00, 风险度: 0.00%
    INFO - 日期: 2022-02-23, 账户权益: 10000000.00, 可用资金: 10000000.00, 浮动盈亏: 0.00, 持仓盈亏: 0.00, 平仓盈亏: 0.00, 市值: 0.00, 保证金: 0.00, 手续费: 0.00, 风险度: 0.00%
    INFO - 日期: 2022-02-24, 账户权益: 10000000.00, 可用资金: 10000000.00, 浮动盈亏: 0.00, 持仓盈亏: 0.00, 平仓盈亏: 0.00, 市值: 0.00, 保证金: 0.00, 手续费: 0.00, 风险度: 0.00%
    INFO - 日期: 2022-02-25, 账户权益: 10000000.00, 可用资金: 10000000.00, 浮动盈亏: 0.00, 持仓盈亏: 0.00, 平仓盈亏: 0.00, 市值: 0.00, 保证金: 0.00, 手续费: 0.00, 风险度: 0.00%
    INFO - 日期: 2022-02-28, 账户权益: 10000000.00, 可用资金: 10000000.00, 浮动盈亏: 0.00, 持仓盈亏: 0.00, 平仓盈亏: 0.00, 市值: 0.00, 保证金: 0.00, 手续费: 0.00, 风险度: 0.00%
    INFO - 日期: 2022-03-01, 账户权益: 10000000.00, 可用资金: 10000000.00, 浮动盈亏: 0.00, 持仓盈亏: 0.00, 平仓盈亏: 0.00, 市值: 0.00, 保证金: 0.00, 手续费: 0.00, 风险度: 0.00%
    INFO - 日期: 2022-03-02, 账户权益: 10000000.00, 可用资金: 10000000.00, 浮动盈亏: 0.00, 持仓盈亏: 0.00, 平仓盈亏: 0.00, 市值: 0.00, 保证金: 0.00, 手续费: 0.00, 风险度: 0.00%
    INFO - 日期: 2022-03-03, 账户权益: 10000000.00, 可用资金: 10000000.00, 浮动盈亏: 0.00, 持仓盈亏: 0.00, 平仓盈亏: 0.00, 市值: 0.00, 保证金: 0.00, 手续费: 0.00, 风险度: 0.00%
    INFO - 日期: 2022-03-04, 账户权益: 10000000.00, 可用资金: 10000000.00, 浮动盈亏: 0.00, 持仓盈亏: 0.00, 平仓盈亏: 0.00, 市值: 0.00, 保证金: 0.00, 手续费: 0.00, 风险度: 0.00%
    INFO - 日期: 2022-03-07, 账户权益: 10000000.00, 可用资金: 10000000.00, 浮动盈亏: 0.00, 持仓盈亏: 0.00, 平仓盈亏: 0.00, 市值: 0.00, 保证金: 0.00, 手续费: 0.00, 风险度: 0.00%
    INFO - 日期: 2022-03-08, 账户权益: 10000000.00, 可用资金: 10000000.00, 浮动盈亏: 0.00, 持仓盈亏: 0.00, 平仓盈亏: 0.00, 市值: 0.00, 保证金: 0.00, 手续费: 0.00, 风险度: 0.00%
    INFO - 日期: 2022-03-09, 账户权益: 10000000.00, 可用资金: 10000000.00, 浮动盈亏: 0.00, 持仓盈亏: 0.00, 平仓盈亏: 0.00, 市值: 0.00, 保证金: 0.00, 手续费: 0.00, 风险度: 0.00%
    INFO - 日期: 2022-03-10, 账户权益: 10000000.00, 可用资金: 10000000.00, 浮动盈亏: 0.00, 持仓盈亏: 0.00, 平仓盈亏: 0.00, 市值: 0.00, 保证金: 0.00, 手续费: 0.00, 风险度: 0.00%
    INFO - 日期: 2022-03-11, 账户权益: 10000000.00, 可用资金: 10000000.00, 浮动盈亏: 0.00, 持仓盈亏: 0.00, 平仓盈亏: 0.00, 市值: 0.00, 保证金: 0.00, 手续费: 0.00, 风险度: 0.00%
    INFO - 日期: 2022-03-14, 账户权益: 10000000.00, 可用资金: 10000000.00, 浮动盈亏: 0.00, 持仓盈亏: 0.00, 平仓盈亏: 0.00, 市值: 0.00, 保证金: 0.00, 手续费: 0.00, 风险度: 0.00%
    INFO - 胜率: 0.00%, 盈亏额比例: inf, 收益率: 0.00%, 年化收益率: 0.00%, 最大回撤: 0.00%, 年化夏普率: inf,年化索提诺比率: -15.8114
extracted rank=70 au2206.SHFE SHFE.au2206 rows=16664 elapsed=18.62
    INFO - 回测结束
    INFO - 模拟交易成交记录, 账户: TQSIM
    INFO - 模拟交易账户资金, 账户: TQSIM
    INFO - 日期: 2020-05-28, 账户权益: 10000000.00, 可用资金: 10000000.00, 浮动盈亏: 0.00, 持仓盈亏: 0.00, 平仓盈亏: 0.00, 市值: 0.00, 保证金: 0.00, 手续费: 0.00, 风险度: 0.00%
    INFO - 日期: 2020-05-29, 账户权益: 10000000.00, 可用资金: 10000000.00, 浮动盈亏: 0.00, 持仓盈亏: 0.00, 平仓盈亏: 0.00, 市值: 0.00, 保证金: 0.00, 手续费: 0.00, 风险度: 0.00%
    INFO - 日期: 2020-06-01, 账户权益: 10000000.00, 可用资金: 10000000.00, 浮动盈亏: 0.00, 持仓盈亏: 0.00, 平仓盈亏: 0.00, 市值: 0.00, 保证金: 0.00, 手续费: 0.00, 风险度: 0.00%
    INFO - 日期: 2020-06-02, 账户权益: 10000000.00, 可用资金: 10000000.00, 浮动盈亏: 0.00, 持仓盈亏: 0.00, 平仓盈亏: 0.00, 市值: 0.00, 保证金: 0.00, 手续费: 0.00, 风险度: 0.00%
    INFO - 日期: 2020-06-03, 账户权益: 10000000.00, 可用资金: 10000000.00, 浮动盈亏: 0.00, 持仓盈亏: 0.00, 平仓盈亏: 0.00, 市值: 0.00, 保证金: 0.00, 手续费: 0.00, 风险度: 0.00%
    INFO - 日期: 2020-06-04, 账户权益: 10000000.00, 可用资金: 10000000.00, 浮动盈亏: 0.00, 持仓盈亏: 0.00, 平仓盈亏: 0.00, 市值: 0.00, 保证金: 0.00, 手续费: 0.00, 风险度: 0.00%
    INFO - 日期: 2020-06-05, 账户权益: 10000000.00, 可用资金: 10000000.00, 浮动盈亏: 0.00, 持仓盈亏: 0.00, 平仓盈亏: 0.00, 市值: 0.00, 保证金: 0.00, 手续费: 0.00, 风险度: 0.00%
    INFO - 日期: 2020-06-08, 账户权益: 10000000.00, 可用资金: 10000000.00, 浮动盈亏: 0.00, 持仓盈亏: 0.00, 平仓盈亏: 0.00, 市值: 0.00, 保证金: 0.00, 手续费: 0.00, 风险度: 0.00%
    INFO - 日期: 2020-06-09, 账户权益: 10000000.00, 可用资金: 10000000.00, 浮动盈亏: 0.00, 持仓盈亏: 0.00, 平仓盈亏: 0.00, 市值: 0.00, 保证金: 0.00, 手续费: 0.00, 风险度: 0.00%
    INFO - 日期: 2020-06-10, 账户权益: 10000000.00, 可用资金: 10000000.00, 浮动盈亏: 0.00, 持仓盈亏: 0.00, 平仓盈亏: 0.00, 市值: 0.00, 保证金: 0.00, 手续费: 0.00, 风险度: 0.00%
    INFO - 日期: 2020-06-11, 账户权益: 10000000.00, 可用资金: 10000000.00, 浮动盈亏: 0.00, 持仓盈亏: 0.00, 平仓盈亏: 0.00, 市值: 0.00, 保证金: 0.00, 手续费: 0.00, 风险度: 0.00%
    INFO - 日期: 2020-06-12, 账户权益: 10000000.00, 可用资金: 10000000.00, 浮动盈亏: 0.00, 持仓盈亏: 0.00, 平仓盈亏: 0.00, 市值: 0.00, 保证金: 0.00, 手续费: 0.00, 风险度: 0.00%
    INFO - 日期: 2020-06-15, 账户权益: 10000000.00, 可用资金: 10000000.00, 浮动盈亏: 0.00, 持仓盈亏: 0.00, 平仓盈亏: 0.00, 市值: 0.00, 保证金: 0.00, 手续费: 0.00, 风险度: 0.00%
    INFO - 日期: 2020-06-16, 账户权益: 10000000.00, 可用资金: 10000000.00, 浮动盈亏: 0.00, 持仓盈亏: 0.00, 平仓盈亏: 0.00, 市值: 0.00, 保证金: 0.00, 手续费: 0.00, 风险度: 0.00%
    INFO - 日期: 2020-06-17, 账户权益: 10000000.00, 可用资金: 10000000.00, 浮动盈亏: 0.00, 持仓盈亏: 0.00, 平仓盈亏: 0.00, 市值: 0.00, 保证金: 0.00, 手续费: 0.00, 风险度: 0.00%
    INFO - 日期: 2020-06-18, 账户权益: 10000000.00, 可用资金: 10000000.00, 浮动盈亏: 0.00, 持仓盈亏: 0.00, 平仓盈亏: 0.00, 市值: 0.00, 保证金: 0.00, 手续费: 0.00, 风险度: 0.00%
    INFO - 日期: 2020-06-19, 账户权益: 10000000.00, 可用资金: 10000000.00, 浮动盈亏: 0.00, 持仓盈亏: 0.00, 平仓盈亏: 0.00, 市值: 0.00, 保证金: 0.00, 手续费: 0.00, 风险度: 0.00%
    INFO - 日期: 2020-06-22, 账户权益: 10000000.00, 可用资金: 10000000.00, 浮动盈亏: 0.00, 持仓盈亏: 0.00, 平仓盈亏: 0.00, 市值: 0.00, 保证金: 0.00, 手续费: 0.00, 风险度: 0.00%
    INFO - 日期: 2020-06-23, 账户权益: 10000000.00, 可用资金: 10000000.00, 浮动盈亏: 0.00, 持仓盈亏: 0.00, 平仓盈亏: 0.00, 市值: 0.00, 保证金: 0.00, 手续费: 0.00, 风险度: 0.00%
    INFO - 日期: 2020-06-24, 账户权益: 10000000.00, 可用资金: 10000000.00, 浮动盈亏: 0.00, 持仓盈亏: 0.00, 平仓盈亏: 0.00, 市值: 0.00, 保证金: 0.00, 手续费: 0.00, 风险度: 0.00%
    INFO - 日期: 2020-06-29, 账户权益: 10000000.00, 可用资金: 10000000.00, 浮动盈亏: 0.00, 持仓盈亏: 0.00, 平仓盈亏: 0.00, 市值: 0.00, 保证金: 0.00, 手续费: 0.00, 风险度: 0.00%
    INFO - 日期: 2020-06-30, 账户权益: 10000000.00, 可用资金: 10000000.00, 浮动盈亏: 0.00, 持仓盈亏: 0.00, 平仓盈亏: 0.00, 市值: 0.00, 保证金: 0.00, 手续费: 0.00, 风险度: 0.00%
    INFO - 日期: 2020-07-01, 账户权益: 10000000.00, 可用资金: 10000000.00, 浮动盈亏: 0.00, 持仓盈亏: 0.00, 平仓盈亏: 0.00, 市值: 0.00, 保证金: 0.00, 手续费: 0.00, 风险度: 0.00%
    INFO - 日期: 2020-07-02, 账户权益: 10000000.00, 可用资金: 10000000.00, 浮动盈亏: 0.00, 持仓盈亏: 0.00, 平仓盈亏: 0.00, 市值: 0.00, 保证金: 0.00, 手续费: 0.00, 风险度: 0.00%
    INFO - 日期: 2020-07-03, 账户权益: 10000000.00, 可用资金: 10000000.00, 浮动盈亏: 0.00, 持仓盈亏: 0.00, 平仓盈亏: 0.00, 市值: 0.00, 保证金: 0.00, 手续费: 0.00, 风险度: 0.00%
    INFO - 日期: 2020-07-06, 账户权益: 10000000.00, 可用资金: 10000000.00, 浮动盈亏: 0.00, 持仓盈亏: 0.00, 平仓盈亏: 0.00, 市值: 0.00, 保证金: 0.00, 手续费: 0.00, 风险度: 0.00%
    INFO - 日期: 2020-07-07, 账户权益: 10000000.00, 可用资金: 10000000.00, 浮动盈亏: 0.00, 持仓盈亏: 0.00, 平仓盈亏: 0.00, 市值: 0.00, 保证金: 0.00, 手续费: 0.00, 风险度: 0.00%
    INFO - 日期: 2020-07-08, 账户权益: 10000000.00, 可用资金: 10000000.00, 浮动盈亏: 0.00, 持仓盈亏: 0.00, 平仓盈亏: 0.00, 市值: 0.00, 保证金: 0.00, 手续费: 0.00, 风险度: 0.00%
    INFO - 日期: 2020-07-09, 账户权益: 10000000.00, 可用资金: 10000000.00, 浮动盈亏: 0.00, 持仓盈亏: 0.00, 平仓盈亏: 0.00, 市值: 0.00, 保证金: 0.00, 手续费: 0.00, 风险度: 0.00%
    INFO - 日期: 2020-07-10, 账户权益: 10000000.00, 可用资金: 10000000.00, 浮动盈亏: 0.00, 持仓盈亏: 0.00, 平仓盈亏: 0.00, 市值: 0.00, 保证金: 0.00, 手续费: 0.00, 风险度: 0.00%
    INFO - 日期: 2020-07-13, 账户权益: 10000000.00, 可用资金: 10000000.00, 浮动盈亏: 0.00, 持仓盈亏: 0.00, 平仓盈亏: 0.00, 市值: 0.00, 保证金: 0.00, 手续费: 0.00, 风险度: 0.00%
    INFO - 胜率: 0.00%, 盈亏额比例: inf, 收益率: 0.00%, 年化收益率: 0.00%, 最大回撤: 0.00%, 年化夏普率: inf,年化索提诺比率: -15.8114
extracted rank=71 jm2009.DCE DCE.jm2009 rows=10019 elapsed=12.58
    INFO - 模拟交易成交记录, 账户: TQSIM
    INFO - 模拟交易账户资金, 账户: TQSIM
    INFO - 日期: 2021-02-23, 账户权益: 10000000.00, 可用资金: 10000000.00, 浮动盈亏: 0.00, 持仓盈亏: 0.00, 平仓盈亏: 0.00, 市值: 0.00, 保证金: 0.00, 手续费: 0.00, 风险度: 0.00%
    INFO - 日期: 2021-02-24, 账户权益: 10000000.00, 可用资金: 10000000.00, 浮动盈亏: 0.00, 持仓盈亏: 0.00, 平仓盈亏: 0.00, 市值: 0.00, 保证金: 0.00, 手续费: 0.00, 风险度: 0.00%
    INFO - 日期: 2021-02-25, 账户权益: 10000000.00, 可用资金: 10000000.00, 浮动盈亏: 0.00, 持仓盈亏: 0.00, 平仓盈亏: 0.00, 市值: 0.00, 保证金: 0.00, 手续费: 0.00, 风险度: 0.00%
    INFO - 日期: 2021-02-26, 账户权益: 10000000.00, 可用资金: 10000000.00, 浮动盈亏: 0.00, 持仓盈亏: 0.00, 平仓盈亏: 0.00, 市值: 0.00, 保证金: 0.00, 手续费: 0.00, 风险度: 0.00%
    INFO - 日期: 2021-03-01, 账户权益: 10000000.00, 可用资金: 10000000.00, 浮动盈亏: 0.00, 持仓盈亏: 0.00, 平仓盈亏: 0.00, 市值: 0.00, 保证金: 0.00, 手续费: 0.00, 风险度: 0.00%
    INFO - 日期: 2021-03-02, 账户权益: 10000000.00, 可用资金: 10000000.00, 浮动盈亏: 0.00, 持仓盈亏: 0.00, 平仓盈亏: 0.00, 市值: 0.00, 保证金: 0.00, 手续费: 0.00, 风险度: 0.00%
    INFO - 日期: 2021-03-03, 账户权益: 10000000.00, 可用资金: 10000000.00, 浮动盈亏: 0.00, 持仓盈亏: 0.00, 平仓盈亏: 0.00, 市值: 0.00, 保证金: 0.00, 手续费: 0.00, 风险度: 0.00%
    INFO - 日期: 2021-03-04, 账户权益: 10000000.00, 可用资金: 10000000.00, 浮动盈亏: 0.00, 持仓盈亏: 0.00, 平仓盈亏: 0.00, 市值: 0.00, 保证金: 0.00, 手续费: 0.00, 风险度: 0.00%
    INFO - 日期: 2021-03-05, 账户权益: 10000000.00, 可用资金: 10000000.00, 浮动盈亏: 0.00, 持仓盈亏: 0.00, 平仓盈亏: 0.00, 市值: 0.00, 保证金: 0.00, 手续费: 0.00, 风险度: 0.00%
    INFO - 日期: 2021-03-08, 账户权益: 10000000.00, 可用资金: 10000000.00, 浮动盈亏: 0.00, 持仓盈亏: 0.00, 平仓盈亏: 0.00, 市值: 0.00, 保证金: 0.00, 手续费: 0.00, 风险度: 0.00%
    INFO - 日期: 2021-03-09, 账户权益: 10000000.00, 可用资金: 10000000.00, 浮动盈亏: 0.00, 持仓盈亏: 0.00, 平仓盈亏: 0.00, 市值: 0.00, 保证金: 0.00, 手续费: 0.00, 风险度: 0.00%
    INFO - 日期: 2021-03-10, 账户权益: 10000000.00, 可用资金: 10000000.00, 浮动盈亏: 0.00, 持仓盈亏: 0.00, 平仓盈亏: 0.00, 市值: 0.00, 保证金: 0.00, 手续费: 0.00, 风险度: 0.00%
    INFO - 日期: 2021-03-11, 账户权益: 10000000.00, 可用资金: 10000000.00, 浮动盈亏: 0.00, 持仓盈亏: 0.00, 平仓盈亏: 0.00, 市值: 0.00, 保证金: 0.00, 手续费: 0.00, 风险度: 0.00%
    INFO - 日期: 2021-03-12, 账户权益: 10000000.00, 可用资金: 10000000.00, 浮动盈亏: 0.00, 持仓盈亏: 0.00, 平仓盈亏: 0.00, 市值: 0.00, 保证金: 0.00, 手续费: 0.00, 风险度: 0.00%
    INFO - 日期: 2021-03-15, 账户权益: 10000000.00, 可用资金: 10000000.00, 浮动盈亏: 0.00, 持仓盈亏: 0.00, 平仓盈亏: 0.00, 市值: 0.00, 保证金: 0.00, 手续费: 0.00, 风险度: 0.00%
    INFO - 日期: 2021-03-16, 账户权益: 10000000.00, 可用资金: 10000000.00, 浮动盈亏: 0.00, 持仓盈亏: 0.00, 平仓盈亏: 0.00, 市值: 0.00, 保证金: 0.00, 手续费: 0.00, 风险度: 0.00%
    INFO - 日期: 2021-03-17, 账户权益: 10000000.00, 可用资金: 10000000.00, 浮动盈亏: 0.00, 持仓盈亏: 0.00, 平仓盈亏: 0.00, 市值: 0.00, 保证金: 0.00, 手续费: 0.00, 风险度: 0.00%
    INFO - 日期: 2021-03-18, 账户权益: 10000000.00, 可用资金: 10000000.00, 浮动盈亏: 0.00, 持仓盈亏: 0.00, 平仓盈亏: 0.00, 市值: 0.00, 保证金: 0.00, 手续费: 0.00, 风险度: 0.00%
    INFO - 日期: 2021-03-19, 账户权益: 10000000.00, 可用资金: 10000000.00, 浮动盈亏: 0.00, 持仓盈亏: 0.00, 平仓盈亏: 0.00, 市值: 0.00, 保证金: 0.00, 手续费: 0.00, 风险度: 0.00%
    INFO - 日期: 2021-03-22, 账户权益: 10000000.00, 可用资金: 10000000.00, 浮动盈亏: 0.00, 持仓盈亏: 0.00, 平仓盈亏: 0.00, 市值: 0.00, 保证金: 0.00, 手续费: 0.00, 风险度: 0.00%
    INFO - 日期: 2021-03-23, 账户权益: 10000000.00, 可用资金: 10000000.00, 浮动盈亏: 0.00, 持仓盈亏: 0.00, 平仓盈亏: 0.00, 市值: 0.00, 保证金: 0.00, 手续费: 0.00, 风险度: 0.00%
    INFO - 日期: 2021-03-24, 账户权益: 10000000.00, 可用资金: 10000000.00, 浮动盈亏: 0.00, 持仓盈亏: 0.00, 平仓盈亏: 0.00, 市值: 0.00, 保证金: 0.00, 手续费: 0.00, 风险度: 0.00%
    INFO - 日期: 2021-03-25, 账户权益: 10000000.00, 可用资金: 10000000.00, 浮动盈亏: 0.00, 持仓盈亏: 0.00, 平仓盈亏: 0.00, 市值: 0.00, 保证金: 0.00, 手续费: 0.00, 风险度: 0.00%
    INFO - 日期: 2021-03-26, 账户权益: 10000000.00, 可用资金: 10000000.00, 浮动盈亏: 0.00, 持仓盈亏: 0.00, 平仓盈亏: 0.00, 市值: 0.00, 保证金: 0.00, 手续费: 0.00, 风险度: 0.00%
    INFO - 日期: 2021-03-29, 账户权益: 10000000.00, 可用资金: 10000000.00, 浮动盈亏: 0.00, 持仓盈亏: 0.00, 平仓盈亏: 0.00, 市值: 0.00, 保证金: 0.00, 手续费: 0.00, 风险度: 0.00%
    INFO - 日期: 2021-03-30, 账户权益: 10000000.00, 可用资金: 10000000.00, 浮动盈亏: 0.00, 持仓盈亏: 0.00, 平仓盈亏: 0.00, 市值: 0.00, 保证金: 0.00, 手续费: 0.00, 风险度: 0.00%
    INFO - 日期: 2021-03-31, 账户权益: 10000000.00, 可用资金: 10000000.00, 浮动盈亏: 0.00, 持仓盈亏: 0.00, 平仓盈亏: 0.00, 市值: 0.00, 保证金: 0.00, 手续费: 0.00, 风险度: 0.00%
    INFO - 日期: 2021-04-01, 账户权益: 10000000.00, 可用资金: 10000000.00, 浮动盈亏: 0.00, 持仓盈亏: 0.00, 平仓盈亏: 0.00, 市值: 0.00, 保证金: 0.00, 手续费: 0.00, 风险度: 0.00%
    INFO - 日期: 2021-04-02, 账户权益: 10000000.00, 可用资金: 10000000.00, 浮动盈亏: 0.00, 持仓盈亏: 0.00, 平仓盈亏: 0.00, 市值: 0.00, 保证金: 0.00, 手续费: 0.00, 风险度: 0.00%
    INFO - 日期: 2021-04-06, 账户权益: 10000000.00, 可用资金: 10000000.00, 浮动盈亏: 0.00, 持仓盈亏: 0.00, 平仓盈亏: 0.00, 市值: 0.00, 保证金: 0.00, 手续费: 0.00, 风险度: 0.00%
    INFO - 日期: 2021-04-07, 账户权益: 10000000.00, 可用资金: 10000000.00, 浮动盈亏: 0.00, 持仓盈亏: 0.00, 平仓盈亏: 0.00, 市值: 0.00, 保证金: 0.00, 手续费: 0.00, 风险度: 0.00%
    INFO - 日期: 2021-04-08, 账户权益: 10000000.00, 可用资金: 10000000.00, 浮动盈亏: 0.00, 持仓盈亏: 0.00, 平仓盈亏: 0.00, 市值: 0.00, 保证金: 0.00, 手续费: 0.00, 风险度: 0.00%
    INFO - 日期: 2021-04-09, 账户权益: 10000000.00, 可用资金: 10000000.00, 浮动盈亏: 0.00, 持仓盈亏: 0.00, 平仓盈亏: 0.00, 市值: 0.00, 保证金: 0.00, 手续费: 0.00, 风险度: 0.00%
    INFO - 日期: 2021-04-12, 账户权益: 10000000.00, 可用资金: 10000000.00, 浮动盈亏: 0.00, 持仓盈亏: 0.00, 平仓盈亏: 0.00, 市值: 0.00, 保证金: 0.00, 手续费: 0.00, 风险度: 0.00%
    INFO - 日期: 2021-04-13, 账户权益: 10000000.00, 可用资金: 10000000.00, 浮动盈亏: 0.00, 持仓盈亏: 0.00, 平仓盈亏: 0.00, 市值: 0.00, 保证金: 0.00, 手续费: 0.00, 风险度: 0.00%
    INFO - 胜率: 0.00%, 盈亏额比例: inf, 收益率: 0.00%, 年化收益率: 0.00%, 最大回撤: 0.00%, 年化夏普率: inf,年化索提诺比率: -15.8114
    INFO - 回测结束
extracted rank=72 rb2105.SHFE SHFE.rb2105 rows=11415 elapsed=12.81
    INFO - 模拟交易成交记录, 账户: TQSIM
    INFO - 模拟交易账户资金, 账户: TQSIM
    INFO - 日期: 2020-11-06, 账户权益: 10000000.00, 可用资金: 10000000.00, 浮动盈亏: 0.00, 持仓盈亏: 0.00, 平仓盈亏: 0.00, 市值: 0.00, 保证金: 0.00, 手续费: 0.00, 风险度: 0.00%
    INFO - 日期: 2020-11-09, 账户权益: 10000000.00, 可用资金: 10000000.00, 浮动盈亏: 0.00, 持仓盈亏: 0.00, 平仓盈亏: 0.00, 市值: 0.00, 保证金: 0.00, 手续费: 0.00, 风险度: 0.00%
    INFO - 日期: 2020-11-10, 账户权益: 10000000.00, 可用资金: 10000000.00, 浮动盈亏: 0.00, 持仓盈亏: 0.00, 平仓盈亏: 0.00, 市值: 0.00, 保证金: 0.00, 手续费: 0.00, 风险度: 0.00%
    INFO - 日期: 2020-11-11, 账户权益: 10000000.00, 可用资金: 10000000.00, 浮动盈亏: 0.00, 持仓盈亏: 0.00, 平仓盈亏: 0.00, 市值: 0.00, 保证金: 0.00, 手续费: 0.00, 风险度: 0.00%
    INFO - 日期: 2020-11-12, 账户权益: 10000000.00, 可用资金: 10000000.00, 浮动盈亏: 0.00, 持仓盈亏: 0.00, 平仓盈亏: 0.00, 市值: 0.00, 保证金: 0.00, 手续费: 0.00, 风险度: 0.00%
    INFO - 日期: 2020-11-13, 账户权益: 10000000.00, 可用资金: 10000000.00, 浮动盈亏: 0.00, 持仓盈亏: 0.00, 平仓盈亏: 0.00, 市值: 0.00, 保证金: 0.00, 手续费: 0.00, 风险度: 0.00%
    INFO - 日期: 2020-11-16, 账户权益: 10000000.00, 可用资金: 10000000.00, 浮动盈亏: 0.00, 持仓盈亏: 0.00, 平仓盈亏: 0.00, 市值: 0.00, 保证金: 0.00, 手续费: 0.00, 风险度: 0.00%
    INFO - 日期: 2020-11-17, 账户权益: 10000000.00, 可用资金: 10000000.00, 浮动盈亏: 0.00, 持仓盈亏: 0.00, 平仓盈亏: 0.00, 市值: 0.00, 保证金: 0.00, 手续费: 0.00, 风险度: 0.00%
    INFO - 日期: 2020-11-18, 账户权益: 10000000.00, 可用资金: 10000000.00, 浮动盈亏: 0.00, 持仓盈亏: 0.00, 平仓盈亏: 0.00, 市值: 0.00, 保证金: 0.00, 手续费: 0.00, 风险度: 0.00%
    INFO - 日期: 2020-11-19, 账户权益: 10000000.00, 可用资金: 10000000.00, 浮动盈亏: 0.00, 持仓盈亏: 0.00, 平仓盈亏: 0.00, 市值: 0.00, 保证金: 0.00, 手续费: 0.00, 风险度: 0.00%
    INFO - 日期: 2020-11-20, 账户权益: 10000000.00, 可用资金: 10000000.00, 浮动盈亏: 0.00, 持仓盈亏: 0.00, 平仓盈亏: 0.00, 市值: 0.00, 保证金: 0.00, 手续费: 0.00, 风险度: 0.00%
    INFO - 日期: 2020-11-23, 账户权益: 10000000.00, 可用资金: 10000000.00, 浮动盈亏: 0.00, 持仓盈亏: 0.00, 平仓盈亏: 0.00, 市值: 0.00, 保证金: 0.00, 手续费: 0.00, 风险度: 0.00%
    INFO - 日期: 2020-11-24, 账户权益: 10000000.00, 可用资金: 10000000.00, 浮动盈亏: 0.00, 持仓盈亏: 0.00, 平仓盈亏: 0.00, 市值: 0.00, 保证金: 0.00, 手续费: 0.00, 风险度: 0.00%
    INFO - 日期: 2020-11-25, 账户权益: 10000000.00, 可用资金: 10000000.00, 浮动盈亏: 0.00, 持仓盈亏: 0.00, 平仓盈亏: 0.00, 市值: 0.00, 保证金: 0.00, 手续费: 0.00, 风险度: 0.00%
    INFO - 日期: 2020-11-26, 账户权益: 10000000.00, 可用资金: 10000000.00, 浮动盈亏: 0.00, 持仓盈亏: 0.00, 平仓盈亏: 0.00, 市值: 0.00, 保证金: 0.00, 手续费: 0.00, 风险度: 0.00%
    INFO - 日期: 2020-11-27, 账户权益: 10000000.00, 可用资金: 10000000.00, 浮动盈亏: 0.00, 持仓盈亏: 0.00, 平仓盈亏: 0.00, 市值: 0.00, 保证金: 0.00, 手续费: 0.00, 风险度: 0.00%
    INFO - 日期: 2020-11-30, 账户权益: 10000000.00, 可用资金: 10000000.00, 浮动盈亏: 0.00, 持仓盈亏: 0.00, 平仓盈亏: 0.00, 市值: 0.00, 保证金: 0.00, 手续费: 0.00, 风险度: 0.00%
    INFO - 日期: 2020-12-01, 账户权益: 10000000.00, 可用资金: 10000000.00, 浮动盈亏: 0.00, 持仓盈亏: 0.00, 平仓盈亏: 0.00, 市值: 0.00, 保证金: 0.00, 手续费: 0.00, 风险度: 0.00%
    INFO - 日期: 2020-12-02, 账户权益: 10000000.00, 可用资金: 10000000.00, 浮动盈亏: 0.00, 持仓盈亏: 0.00, 平仓盈亏: 0.00, 市值: 0.00, 保证金: 0.00, 手续费: 0.00, 风险度: 0.00%
    INFO - 日期: 2020-12-03, 账户权益: 10000000.00, 可用资金: 10000000.00, 浮动盈亏: 0.00, 持仓盈亏: 0.00, 平仓盈亏: 0.00, 市值: 0.00, 保证金: 0.00, 手续费: 0.00, 风险度: 0.00%
    INFO - 日期: 2020-12-04, 账户权益: 10000000.00, 可用资金: 10000000.00, 浮动盈亏: 0.00, 持仓盈亏: 0.00, 平仓盈亏: 0.00, 市值: 0.00, 保证金: 0.00, 手续费: 0.00, 风险度: 0.00%
    INFO - 日期: 2020-12-07, 账户权益: 10000000.00, 可用资金: 10000000.00, 浮动盈亏: 0.00, 持仓盈亏: 0.00, 平仓盈亏: 0.00, 市值: 0.00, 保证金: 0.00, 手续费: 0.00, 风险度: 0.00%
    INFO - 日期: 2020-12-08, 账户权益: 10000000.00, 可用资金: 10000000.00, 浮动盈亏: 0.00, 持仓盈亏: 0.00, 平仓盈亏: 0.00, 市值: 0.00, 保证金: 0.00, 手续费: 0.00, 风险度: 0.00%
    INFO - 日期: 2020-12-09, 账户权益: 10000000.00, 可用资金: 10000000.00, 浮动盈亏: 0.00, 持仓盈亏: 0.00, 平仓盈亏: 0.00, 市值: 0.00, 保证金: 0.00, 手续费: 0.00, 风险度: 0.00%
    INFO - 日期: 2020-12-10, 账户权益: 10000000.00, 可用资金: 10000000.00, 浮动盈亏: 0.00, 持仓盈亏: 0.00, 平仓盈亏: 0.00, 市值: 0.00, 保证金: 0.00, 手续费: 0.00, 风险度: 0.00%
    INFO - 日期: 2020-12-11, 账户权益: 10000000.00, 可用资金: 10000000.00, 浮动盈亏: 0.00, 持仓盈亏: 0.00, 平仓盈亏: 0.00, 市值: 0.00, 保证金: 0.00, 手续费: 0.00, 风险度: 0.00%
    INFO - 日期: 2020-12-14, 账户权益: 10000000.00, 可用资金: 10000000.00, 浮动盈亏: 0.00, 持仓盈亏: 0.00, 平仓盈亏: 0.00, 市值: 0.00, 保证金: 0.00, 手续费: 0.00, 风险度: 0.00%
    INFO - 日期: 2020-12-15, 账户权益: 10000000.00, 可用资金: 10000000.00, 浮动盈亏: 0.00, 持仓盈亏: 0.00, 平仓盈亏: 0.00, 市值: 0.00, 保证金: 0.00, 手续费: 0.00, 风险度: 0.00%
    INFO - 胜率: 0.00%, 盈亏额比例: inf, 收益率: 0.00%, 年化收益率: 0.00%, 最大回撤: 0.00%, 年化夏普率: inf,年化索提诺比率: -15.8114
    INFO - 回测结束
extracted rank=73 FG101.CZCE CZCE.FG101 rows=9120 elapsed=11.87
    INFO - 模拟交易成交记录, 账户: TQSIM
    INFO - 模拟交易账户资金, 账户: TQSIM
    INFO - 日期: 2020-02-05, 账户权益: 10000000.00, 可用资金: 10000000.00, 浮动盈亏: 0.00, 持仓盈亏: 0.00, 平仓盈亏: 0.00, 市值: 0.00, 保证金: 0.00, 手续费: 0.00, 风险度: 0.00%
    INFO - 日期: 2020-02-06, 账户权益: 10000000.00, 可用资金: 10000000.00, 浮动盈亏: 0.00, 持仓盈亏: 0.00, 平仓盈亏: 0.00, 市值: 0.00, 保证金: 0.00, 手续费: 0.00, 风险度: 0.00%
    INFO - 日期: 2020-02-07, 账户权益: 10000000.00, 可用资金: 10000000.00, 浮动盈亏: 0.00, 持仓盈亏: 0.00, 平仓盈亏: 0.00, 市值: 0.00, 保证金: 0.00, 手续费: 0.00, 风险度: 0.00%
    INFO - 日期: 2020-02-10, 账户权益: 10000000.00, 可用资金: 10000000.00, 浮动盈亏: 0.00, 持仓盈亏: 0.00, 平仓盈亏: 0.00, 市值: 0.00, 保证金: 0.00, 手续费: 0.00, 风险度: 0.00%
    INFO - 日期: 2020-02-11, 账户权益: 10000000.00, 可用资金: 10000000.00, 浮动盈亏: 0.00, 持仓盈亏: 0.00, 平仓盈亏: 0.00, 市值: 0.00, 保证金: 0.00, 手续费: 0.00, 风险度: 0.00%
    INFO - 日期: 2020-02-12, 账户权益: 10000000.00, 可用资金: 10000000.00, 浮动盈亏: 0.00, 持仓盈亏: 0.00, 平仓盈亏: 0.00, 市值: 0.00, 保证金: 0.00, 手续费: 0.00, 风险度: 0.00%
    INFO - 日期: 2020-02-13, 账户权益: 10000000.00, 可用资金: 10000000.00, 浮动盈亏: 0.00, 持仓盈亏: 0.00, 平仓盈亏: 0.00, 市值: 0.00, 保证金: 0.00, 手续费: 0.00, 风险度: 0.00%
    INFO - 日期: 2020-02-14, 账户权益: 10000000.00, 可用资金: 10000000.00, 浮动盈亏: 0.00, 持仓盈亏: 0.00, 平仓盈亏: 0.00, 市值: 0.00, 保证金: 0.00, 手续费: 0.00, 风险度: 0.00%
    INFO - 日期: 2020-02-17, 账户权益: 10000000.00, 可用资金: 10000000.00, 浮动盈亏: 0.00, 持仓盈亏: 0.00, 平仓盈亏: 0.00, 市值: 0.00, 保证金: 0.00, 手续费: 0.00, 风险度: 0.00%
    INFO - 日期: 2020-02-18, 账户权益: 10000000.00, 可用资金: 10000000.00, 浮动盈亏: 0.00, 持仓盈亏: 0.00, 平仓盈亏: 0.00, 市值: 0.00, 保证金: 0.00, 手续费: 0.00, 风险度: 0.00%
    INFO - 日期: 2020-02-19, 账户权益: 10000000.00, 可用资金: 10000000.00, 浮动盈亏: 0.00, 持仓盈亏: 0.00, 平仓盈亏: 0.00, 市值: 0.00, 保证金: 0.00, 手续费: 0.00, 风险度: 0.00%
    INFO - 日期: 2020-02-20, 账户权益: 10000000.00, 可用资金: 10000000.00, 浮动盈亏: 0.00, 持仓盈亏: 0.00, 平仓盈亏: 0.00, 市值: 0.00, 保证金: 0.00, 手续费: 0.00, 风险度: 0.00%
    INFO - 日期: 2020-02-21, 账户权益: 10000000.00, 可用资金: 10000000.00, 浮动盈亏: 0.00, 持仓盈亏: 0.00, 平仓盈亏: 0.00, 市值: 0.00, 保证金: 0.00, 手续费: 0.00, 风险度: 0.00%
    INFO - 日期: 2020-02-24, 账户权益: 10000000.00, 可用资金: 10000000.00, 浮动盈亏: 0.00, 持仓盈亏: 0.00, 平仓盈亏: 0.00, 市值: 0.00, 保证金: 0.00, 手续费: 0.00, 风险度: 0.00%
    INFO - 日期: 2020-02-25, 账户权益: 10000000.00, 可用资金: 10000000.00, 浮动盈亏: 0.00, 持仓盈亏: 0.00, 平仓盈亏: 0.00, 市值: 0.00, 保证金: 0.00, 手续费: 0.00, 风险度: 0.00%
    INFO - 日期: 2020-02-26, 账户权益: 10000000.00, 可用资金: 10000000.00, 浮动盈亏: 0.00, 持仓盈亏: 0.00, 平仓盈亏: 0.00, 市值: 0.00, 保证金: 0.00, 手续费: 0.00, 风险度: 0.00%
    INFO - 日期: 2020-02-27, 账户权益: 10000000.00, 可用资金: 10000000.00, 浮动盈亏: 0.00, 持仓盈亏: 0.00, 平仓盈亏: 0.00, 市值: 0.00, 保证金: 0.00, 手续费: 0.00, 风险度: 0.00%
    INFO - 日期: 2020-02-28, 账户权益: 10000000.00, 可用资金: 10000000.00, 浮动盈亏: 0.00, 持仓盈亏: 0.00, 平仓盈亏: 0.00, 市值: 0.00, 保证金: 0.00, 手续费: 0.00, 风险度: 0.00%
    INFO - 日期: 2020-03-02, 账户权益: 10000000.00, 可用资金: 10000000.00, 浮动盈亏: 0.00, 持仓盈亏: 0.00, 平仓盈亏: 0.00, 市值: 0.00, 保证金: 0.00, 手续费: 0.00, 风险度: 0.00%
    INFO - 日期: 2020-03-03, 账户权益: 10000000.00, 可用资金: 10000000.00, 浮动盈亏: 0.00, 持仓盈亏: 0.00, 平仓盈亏: 0.00, 市值: 0.00, 保证金: 0.00, 手续费: 0.00, 风险度: 0.00%
    INFO - 日期: 2020-03-04, 账户权益: 10000000.00, 可用资金: 10000000.00, 浮动盈亏: 0.00, 持仓盈亏: 0.00, 平仓盈亏: 0.00, 市值: 0.00, 保证金: 0.00, 手续费: 0.00, 风险度: 0.00%
    INFO - 日期: 2020-03-05, 账户权益: 10000000.00, 可用资金: 10000000.00, 浮动盈亏: 0.00, 持仓盈亏: 0.00, 平仓盈亏: 0.00, 市值: 0.00, 保证金: 0.00, 手续费: 0.00, 风险度: 0.00%
    INFO - 日期: 2020-03-06, 账户权益: 10000000.00, 可用资金: 10000000.00, 浮动盈亏: 0.00, 持仓盈亏: 0.00, 平仓盈亏: 0.00, 市值: 0.00, 保证金: 0.00, 手续费: 0.00, 风险度: 0.00%
    INFO - 日期: 2020-03-09, 账户权益: 10000000.00, 可用资金: 10000000.00, 浮动盈亏: 0.00, 持仓盈亏: 0.00, 平仓盈亏: 0.00, 市值: 0.00, 保证金: 0.00, 手续费: 0.00, 风险度: 0.00%
    INFO - 日期: 2020-03-10, 账户权益: 10000000.00, 可用资金: 10000000.00, 浮动盈亏: 0.00, 持仓盈亏: 0.00, 平仓盈亏: 0.00, 市值: 0.00, 保证金: 0.00, 手续费: 0.00, 风险度: 0.00%
    INFO - 日期: 2020-03-11, 账户权益: 10000000.00, 可用资金: 10000000.00, 浮动盈亏: 0.00, 持仓盈亏: 0.00, 平仓盈亏: 0.00, 市值: 0.00, 保证金: 0.00, 手续费: 0.00, 风险度: 0.00%
    INFO - 日期: 2020-03-12, 账户权益: 10000000.00, 可用资金: 10000000.00, 浮动盈亏: 0.00, 持仓盈亏: 0.00, 平仓盈亏: 0.00, 市值: 0.00, 保证金: 0.00, 手续费: 0.00, 风险度: 0.00%
    INFO - 日期: 2020-03-13, 账户权益: 10000000.00, 可用资金: 10000000.00, 浮动盈亏: 0.00, 持仓盈亏: 0.00, 平仓盈亏: 0.00, 市值: 0.00, 保证金: 0.00, 手续费: 0.00, 风险度: 0.00%
    INFO - 日期: 2020-03-16, 账户权益: 10000000.00, 可用资金: 10000000.00, 浮动盈亏: 0.00, 持仓盈亏: 0.00, 平仓盈亏: 0.00, 市值: 0.00, 保证金: 0.00, 手续费: 0.00, 风险度: 0.00%
    INFO - 日期: 2020-03-17, 账户权益: 10000000.00, 可用资金: 10000000.00, 浮动盈亏: 0.00, 持仓盈亏: 0.00, 平仓盈亏: 0.00, 市值: 0.00, 保证金: 0.00, 手续费: 0.00, 风险度: 0.00%
    INFO - 日期: 2020-03-18, 账户权益: 10000000.00, 可用资金: 10000000.00, 浮动盈亏: 0.00, 持仓盈亏: 0.00, 平仓盈亏: 0.00, 市值: 0.00, 保证金: 0.00, 手续费: 0.00, 风险度: 0.00%
    INFO - 日期: 2020-03-19, 账户权益: 10000000.00, 可用资金: 10000000.00, 浮动盈亏: 0.00, 持仓盈亏: 0.00, 平仓盈亏: 0.00, 市值: 0.00, 保证金: 0.00, 手续费: 0.00, 风险度: 0.00%
    INFO - 日期: 2020-03-20, 账户权益: 10000000.00, 可用资金: 10000000.00, 浮动盈亏: 0.00, 持仓盈亏: 0.00, 平仓盈亏: 0.00, 市值: 0.00, 保证金: 0.00, 手续费: 0.00, 风险度: 0.00%
    INFO - 日期: 2020-03-23, 账户权益: 10000000.00, 可用资金: 10000000.00, 浮动盈亏: 0.00, 持仓盈亏: 0.00, 平仓盈亏: 0.00, 市值: 0.00, 保证金: 0.00, 手续费: 0.00, 风险度: 0.00%
    INFO - 日期: 2020-03-24, 账户权益: 10000000.00, 可用资金: 10000000.00, 浮动盈亏: 0.00, 持仓盈亏: 0.00, 平仓盈亏: 0.00, 市值: 0.00, 保证金: 0.00, 手续费: 0.00, 风险度: 0.00%
    INFO - 日期: 2020-03-25, 账户权益: 10000000.00, 可用资金: 10000000.00, 浮动盈亏: 0.00, 持仓盈亏: 0.00, 平仓盈亏: 0.00, 市值: 0.00, 保证金: 0.00, 手续费: 0.00, 风险度: 0.00%
    INFO - 日期: 2020-03-26, 账户权益: 10000000.00, 可用资金: 10000000.00, 浮动盈亏: 0.00, 持仓盈亏: 0.00, 平仓盈亏: 0.00, 市值: 0.00, 保证金: 0.00, 手续费: 0.00, 风险度: 0.00%
    INFO - 日期: 2020-03-27, 账户权益: 10000000.00, 可用资金: 10000000.00, 浮动盈亏: 0.00, 持仓盈亏: 0.00, 平仓盈亏: 0.00, 市值: 0.00, 保证金: 0.00, 手续费: 0.00, 风险度: 0.00%
    INFO - 日期: 2020-03-30, 账户权益: 10000000.00, 可用资金: 10000000.00, 浮动盈亏: 0.00, 持仓盈亏: 0.00, 平仓盈亏: 0.00, 市值: 0.00, 保证金: 0.00, 手续费: 0.00, 风险度: 0.00%
    INFO - 日期: 2020-03-31, 账户权益: 10000000.00, 可用资金: 10000000.00, 浮动盈亏: 0.00, 持仓盈亏: 0.00, 平仓盈亏: 0.00, 市值: 0.00, 保证金: 0.00, 手续费: 0.00, 风险度: 0.00%
    INFO - 日期: 2020-04-01, 账户权益: 10000000.00, 可用资金: 10000000.00, 浮动盈亏: 0.00, 持仓盈亏: 0.00, 平仓盈亏: 0.00, 市值: 0.00, 保证金: 0.00, 手续费: 0.00, 风险度: 0.00%
    INFO - 日期: 2020-04-02, 账户权益: 10000000.00, 可用资金: 10000000.00, 浮动盈亏: 0.00, 持仓盈亏: 0.00, 平仓盈亏: 0.00, 市值: 0.00, 保证金: 0.00, 手续费: 0.00, 风险度: 0.00%
    INFO - 日期: 2020-04-03, 账户权益: 10000000.00, 可用资金: 10000000.00, 浮动盈亏: 0.00, 持仓盈亏: 0.00, 平仓盈亏: 0.00, 市值: 0.00, 保证金: 0.00, 手续费: 0.00, 风险度: 0.00%
    INFO - 日期: 2020-04-07, 账户权益: 10000000.00, 可用资金: 10000000.00, 浮动盈亏: 0.00, 持仓盈亏: 0.00, 平仓盈亏: 0.00, 市值: 0.00, 保证金: 0.00, 手续费: 0.00, 风险度: 0.00%
    INFO - 日期: 2020-04-08, 账户权益: 10000000.00, 可用资金: 10000000.00, 浮动盈亏: 0.00, 持仓盈亏: 0.00, 平仓盈亏: 0.00, 市值: 0.00, 保证金: 0.00, 手续费: 0.00, 风险度: 0.00%
    INFO - 日期: 2020-04-09, 账户权益: 10000000.00, 可用资金: 10000000.00, 浮动盈亏: 0.00, 持仓盈亏: 0.00, 平仓盈亏: 0.00, 市值: 0.00, 保证金: 0.00, 手续费: 0.00, 风险度: 0.00%
    INFO - 日期: 2020-04-10, 账户权益: 10000000.00, 可用资金: 10000000.00, 浮动盈亏: 0.00, 持仓盈亏: 0.00, 平仓盈亏: 0.00, 市值: 0.00, 保证金: 0.00, 手续费: 0.00, 风险度: 0.00%
    INFO - 日期: 2020-04-13, 账户权益: 10000000.00, 可用资金: 10000000.00, 浮动盈亏: 0.00, 持仓盈亏: 0.00, 平仓盈亏: 0.00, 市值: 0.00, 保证金: 0.00, 手续费: 0.00, 风险度: 0.00%
    INFO - 日期: 2020-04-14, 账户权益: 10000000.00, 可用资金: 10000000.00, 浮动盈亏: 0.00, 持仓盈亏: 0.00, 平仓盈亏: 0.00, 市值: 0.00, 保证金: 0.00, 手续费: 0.00, 风险度: 0.00%
    INFO - 日期: 2020-04-15, 账户权益: 10000000.00, 可用资金: 10000000.00, 浮动盈亏: 0.00, 持仓盈亏: 0.00, 平仓盈亏: 0.00, 市值: 0.00, 保证金: 0.00, 手续费: 0.00, 风险度: 0.00%
    INFO - 日期: 2020-04-16, 账户权益: 10000000.00, 可用资金: 10000000.00, 浮动盈亏: 0.00, 持仓盈亏: 0.00, 平仓盈亏: 0.00, 市值: 0.00, 保证金: 0.00, 手续费: 0.00, 风险度: 0.00%
    INFO - 日期: 2020-04-17, 账户权益: 10000000.00, 可用资金: 10000000.00, 浮动盈亏: 0.00, 持仓盈亏: 0.00, 平仓盈亏: 0.00, 市值: 0.00, 保证金: 0.00, 手续费: 0.00, 风险度: 0.00%
    INFO - 日期: 2020-04-20, 账户权益: 10000000.00, 可用资金: 10000000.00, 浮动盈亏: 0.00, 持仓盈亏: 0.00, 平仓盈亏: 0.00, 市值: 0.00, 保证金: 0.00, 手续费: 0.00, 风险度: 0.00%
    INFO - 日期: 2020-04-21, 账户权益: 10000000.00, 可用资金: 10000000.00, 浮动盈亏: 0.00, 持仓盈亏: 0.00, 平仓盈亏: 0.00, 市值: 0.00, 保证金: 0.00, 手续费: 0.00, 风险度: 0.00%
    INFO - 日期: 2020-04-22, 账户权益: 10000000.00, 可用资金: 10000000.00, 浮动盈亏: 0.00, 持仓盈亏: 0.00, 平仓盈亏: 0.00, 市值: 0.00, 保证金: 0.00, 手续费: 0.00, 风险度: 0.00%
    INFO - 日期: 2020-04-23, 账户权益: 10000000.00, 可用资金: 10000000.00, 浮动盈亏: 0.00, 持仓盈亏: 0.00, 平仓盈亏: 0.00, 市值: 0.00, 保证金: 0.00, 手续费: 0.00, 风险度: 0.00%
    INFO - 日期: 2020-04-24, 账户权益: 10000000.00, 可用资金: 10000000.00, 浮动盈亏: 0.00, 持仓盈亏: 0.00, 平仓盈亏: 0.00, 市值: 0.00, 保证金: 0.00, 手续费: 0.00, 风险度: 0.00%
    INFO - 日期: 2020-04-27, 账户权益: 10000000.00, 可用资金: 10000000.00, 浮动盈亏: 0.00, 持仓盈亏: 0.00, 平仓盈亏: 0.00, 市值: 0.00, 保证金: 0.00, 手续费: 0.00, 风险度: 0.00%
    INFO - 日期: 2020-04-28, 账户权益: 10000000.00, 可用资金: 10000000.00, 浮动盈亏: 0.00, 持仓盈亏: 0.00, 平仓盈亏: 0.00, 市值: 0.00, 保证金: 0.00, 手续费: 0.00, 风险度: 0.00%
    INFO - 日期: 2020-04-29, 账户权益: 10000000.00, 可用资金: 10000000.00, 浮动盈亏: 0.00, 持仓盈亏: 0.00, 平仓盈亏: 0.00, 市值: 0.00, 保证金: 0.00, 手续费: 0.00, 风险度: 0.00%
    INFO - 胜率: 0.00%, 盈亏额比例: inf, 收益率: 0.00%, 年化收益率: 0.00%, 最大回撤: 0.00%, 年化夏普率: inf,年化索提诺比率: -15.8114
    INFO - 回测结束
extracted rank=74 au2006.SHFE SHFE.au2006 rows=13080 elapsed=16.25
    INFO - 模拟交易成交记录, 账户: TQSIM
    INFO - 模拟交易账户资金, 账户: TQSIM
    INFO - 日期: 2021-12-16, 账户权益: 10000000.00, 可用资金: 10000000.00, 浮动盈亏: 0.00, 持仓盈亏: 0.00, 平仓盈亏: 0.00, 市值: 0.00, 保证金: 0.00, 手续费: 0.00, 风险度: 0.00%
    INFO - 日期: 2021-12-17, 账户权益: 10000000.00, 可用资金: 10000000.00, 浮动盈亏: 0.00, 持仓盈亏: 0.00, 平仓盈亏: 0.00, 市值: 0.00, 保证金: 0.00, 手续费: 0.00, 风险度: 0.00%
    INFO - 日期: 2021-12-20, 账户权益: 10000000.00, 可用资金: 10000000.00, 浮动盈亏: 0.00, 持仓盈亏: 0.00, 平仓盈亏: 0.00, 市值: 0.00, 保证金: 0.00, 手续费: 0.00, 风险度: 0.00%
    INFO - 日期: 2021-12-21, 账户权益: 10000000.00, 可用资金: 10000000.00, 浮动盈亏: 0.00, 持仓盈亏: 0.00, 平仓盈亏: 0.00, 市值: 0.00, 保证金: 0.00, 手续费: 0.00, 风险度: 0.00%
    INFO - 日期: 2021-12-22, 账户权益: 10000000.00, 可用资金: 10000000.00, 浮动盈亏: 0.00, 持仓盈亏: 0.00, 平仓盈亏: 0.00, 市值: 0.00, 保证金: 0.00, 手续费: 0.00, 风险度: 0.00%
    INFO - 日期: 2021-12-23, 账户权益: 10000000.00, 可用资金: 10000000.00, 浮动盈亏: 0.00, 持仓盈亏: 0.00, 平仓盈亏: 0.00, 市值: 0.00, 保证金: 0.00, 手续费: 0.00, 风险度: 0.00%
    INFO - 日期: 2021-12-24, 账户权益: 10000000.00, 可用资金: 10000000.00, 浮动盈亏: 0.00, 持仓盈亏: 0.00, 平仓盈亏: 0.00, 市值: 0.00, 保证金: 0.00, 手续费: 0.00, 风险度: 0.00%
    INFO - 日期: 2021-12-27, 账户权益: 10000000.00, 可用资金: 10000000.00, 浮动盈亏: 0.00, 持仓盈亏: 0.00, 平仓盈亏: 0.00, 市值: 0.00, 保证金: 0.00, 手续费: 0.00, 风险度: 0.00%
    INFO - 日期: 2021-12-28, 账户权益: 10000000.00, 可用资金: 10000000.00, 浮动盈亏: 0.00, 持仓盈亏: 0.00, 平仓盈亏: 0.00, 市值: 0.00, 保证金: 0.00, 手续费: 0.00, 风险度: 0.00%
    INFO - 日期: 2021-12-29, 账户权益: 10000000.00, 可用资金: 10000000.00, 浮动盈亏: 0.00, 持仓盈亏: 0.00, 平仓盈亏: 0.00, 市值: 0.00, 保证金: 0.00, 手续费: 0.00, 风险度: 0.00%
    INFO - 日期: 2021-12-30, 账户权益: 10000000.00, 可用资金: 10000000.00, 浮动盈亏: 0.00, 持仓盈亏: 0.00, 平仓盈亏: 0.00, 市值: 0.00, 保证金: 0.00, 手续费: 0.00, 风险度: 0.00%
    INFO - 日期: 2021-12-31, 账户权益: 10000000.00, 可用资金: 10000000.00, 浮动盈亏: 0.00, 持仓盈亏: 0.00, 平仓盈亏: 0.00, 市值: 0.00, 保证金: 0.00, 手续费: 0.00, 风险度: 0.00%
    INFO - 日期: 2022-01-04, 账户权益: 10000000.00, 可用资金: 10000000.00, 浮动盈亏: 0.00, 持仓盈亏: 0.00, 平仓盈亏: 0.00, 市值: 0.00, 保证金: 0.00, 手续费: 0.00, 风险度: 0.00%
    INFO - 日期: 2022-01-05, 账户权益: 10000000.00, 可用资金: 10000000.00, 浮动盈亏: 0.00, 持仓盈亏: 0.00, 平仓盈亏: 0.00, 市值: 0.00, 保证金: 0.00, 手续费: 0.00, 风险度: 0.00%
    INFO - 日期: 2022-01-06, 账户权益: 10000000.00, 可用资金: 10000000.00, 浮动盈亏: 0.00, 持仓盈亏: 0.00, 平仓盈亏: 0.00, 市值: 0.00, 保证金: 0.00, 手续费: 0.00, 风险度: 0.00%
    INFO - 日期: 2022-01-07, 账户权益: 10000000.00, 可用资金: 10000000.00, 浮动盈亏: 0.00, 持仓盈亏: 0.00, 平仓盈亏: 0.00, 市值: 0.00, 保证金: 0.00, 手续费: 0.00, 风险度: 0.00%
    INFO - 日期: 2022-01-10, 账户权益: 10000000.00, 可用资金: 10000000.00, 浮动盈亏: 0.00, 持仓盈亏: 0.00, 平仓盈亏: 0.00, 市值: 0.00, 保证金: 0.00, 手续费: 0.00, 风险度: 0.00%
    INFO - 日期: 2022-01-11, 账户权益: 10000000.00, 可用资金: 10000000.00, 浮动盈亏: 0.00, 持仓盈亏: 0.00, 平仓盈亏: 0.00, 市值: 0.00, 保证金: 0.00, 手续费: 0.00, 风险度: 0.00%
    INFO - 日期: 2022-01-12, 账户权益: 10000000.00, 可用资金: 10000000.00, 浮动盈亏: 0.00, 持仓盈亏: 0.00, 平仓盈亏: 0.00, 市值: 0.00, 保证金: 0.00, 手续费: 0.00, 风险度: 0.00%
    INFO - 日期: 2022-01-13, 账户权益: 10000000.00, 可用资金: 10000000.00, 浮动盈亏: 0.00, 持仓盈亏: 0.00, 平仓盈亏: 0.00, 市值: 0.00, 保证金: 0.00, 手续费: 0.00, 风险度: 0.00%
    INFO - 日期: 2022-01-14, 账户权益: 10000000.00, 可用资金: 10000000.00, 浮动盈亏: 0.00, 持仓盈亏: 0.00, 平仓盈亏: 0.00, 市值: 0.00, 保证金: 0.00, 手续费: 0.00, 风险度: 0.00%
    INFO - 日期: 2022-01-17, 账户权益: 10000000.00, 可用资金: 10000000.00, 浮动盈亏: 0.00, 持仓盈亏: 0.00, 平仓盈亏: 0.00, 市值: 0.00, 保证金: 0.00, 手续费: 0.00, 风险度: 0.00%
    INFO - 日期: 2022-01-18, 账户权益: 10000000.00, 可用资金: 10000000.00, 浮动盈亏: 0.00, 持仓盈亏: 0.00, 平仓盈亏: 0.00, 市值: 0.00, 保证金: 0.00, 手续费: 0.00, 风险度: 0.00%
    INFO - 胜率: 0.00%, 盈亏额比例: inf, 收益率: 0.00%, 年化收益率: 0.00%, 最大回撤: 0.00%, 年化夏普率: inf,年化索提诺比率: -15.8114
    INFO - 回测结束
extracted rank=75 rb2205.SHFE SHFE.rb2205 rows=7275 elapsed=10.39
    INFO - 模拟交易成交记录, 账户: TQSIM
    INFO - 模拟交易账户资金, 账户: TQSIM
    INFO - 日期: 2021-12-17, 账户权益: 10000000.00, 可用资金: 10000000.00, 浮动盈亏: 0.00, 持仓盈亏: 0.00, 平仓盈亏: 0.00, 市值: 0.00, 保证金: 0.00, 手续费: 0.00, 风险度: 0.00%
    INFO - 日期: 2021-12-20, 账户权益: 10000000.00, 可用资金: 10000000.00, 浮动盈亏: 0.00, 持仓盈亏: 0.00, 平仓盈亏: 0.00, 市值: 0.00, 保证金: 0.00, 手续费: 0.00, 风险度: 0.00%
    INFO - 日期: 2021-12-21, 账户权益: 10000000.00, 可用资金: 10000000.00, 浮动盈亏: 0.00, 持仓盈亏: 0.00, 平仓盈亏: 0.00, 市值: 0.00, 保证金: 0.00, 手续费: 0.00, 风险度: 0.00%
    INFO - 日期: 2021-12-22, 账户权益: 10000000.00, 可用资金: 10000000.00, 浮动盈亏: 0.00, 持仓盈亏: 0.00, 平仓盈亏: 0.00, 市值: 0.00, 保证金: 0.00, 手续费: 0.00, 风险度: 0.00%
    INFO - 日期: 2021-12-23, 账户权益: 10000000.00, 可用资金: 10000000.00, 浮动盈亏: 0.00, 持仓盈亏: 0.00, 平仓盈亏: 0.00, 市值: 0.00, 保证金: 0.00, 手续费: 0.00, 风险度: 0.00%
    INFO - 日期: 2021-12-24, 账户权益: 10000000.00, 可用资金: 10000000.00, 浮动盈亏: 0.00, 持仓盈亏: 0.00, 平仓盈亏: 0.00, 市值: 0.00, 保证金: 0.00, 手续费: 0.00, 风险度: 0.00%
    INFO - 日期: 2021-12-27, 账户权益: 10000000.00, 可用资金: 10000000.00, 浮动盈亏: 0.00, 持仓盈亏: 0.00, 平仓盈亏: 0.00, 市值: 0.00, 保证金: 0.00, 手续费: 0.00, 风险度: 0.00%
    INFO - 日期: 2021-12-28, 账户权益: 10000000.00, 可用资金: 10000000.00, 浮动盈亏: 0.00, 持仓盈亏: 0.00, 平仓盈亏: 0.00, 市值: 0.00, 保证金: 0.00, 手续费: 0.00, 风险度: 0.00%
    INFO - 日期: 2021-12-29, 账户权益: 10000000.00, 可用资金: 10000000.00, 浮动盈亏: 0.00, 持仓盈亏: 0.00, 平仓盈亏: 0.00, 市值: 0.00, 保证金: 0.00, 手续费: 0.00, 风险度: 0.00%
    INFO - 日期: 2021-12-30, 账户权益: 10000000.00, 可用资金: 10000000.00, 浮动盈亏: 0.00, 持仓盈亏: 0.00, 平仓盈亏: 0.00, 市值: 0.00, 保证金: 0.00, 手续费: 0.00, 风险度: 0.00%
    INFO - 日期: 2021-12-31, 账户权益: 10000000.00, 可用资金: 10000000.00, 浮动盈亏: 0.00, 持仓盈亏: 0.00, 平仓盈亏: 0.00, 市值: 0.00, 保证金: 0.00, 手续费: 0.00, 风险度: 0.00%
    INFO - 日期: 2022-01-04, 账户权益: 10000000.00, 可用资金: 10000000.00, 浮动盈亏: 0.00, 持仓盈亏: 0.00, 平仓盈亏: 0.00, 市值: 0.00, 保证金: 0.00, 手续费: 0.00, 风险度: 0.00%
    INFO - 日期: 2022-01-05, 账户权益: 10000000.00, 可用资金: 10000000.00, 浮动盈亏: 0.00, 持仓盈亏: 0.00, 平仓盈亏: 0.00, 市值: 0.00, 保证金: 0.00, 手续费: 0.00, 风险度: 0.00%
    INFO - 日期: 2022-01-06, 账户权益: 10000000.00, 可用资金: 10000000.00, 浮动盈亏: 0.00, 持仓盈亏: 0.00, 平仓盈亏: 0.00, 市值: 0.00, 保证金: 0.00, 手续费: 0.00, 风险度: 0.00%
    INFO - 日期: 2022-01-07, 账户权益: 10000000.00, 可用资金: 10000000.00, 浮动盈亏: 0.00, 持仓盈亏: 0.00, 平仓盈亏: 0.00, 市值: 0.00, 保证金: 0.00, 手续费: 0.00, 风险度: 0.00%
    INFO - 日期: 2022-01-10, 账户权益: 10000000.00, 可用资金: 10000000.00, 浮动盈亏: 0.00, 持仓盈亏: 0.00, 平仓盈亏: 0.00, 市值: 0.00, 保证金: 0.00, 手续费: 0.00, 风险度: 0.00%
    INFO - 日期: 2022-01-11, 账户权益: 10000000.00, 可用资金: 10000000.00, 浮动盈亏: 0.00, 持仓盈亏: 0.00, 平仓盈亏: 0.00, 市值: 0.00, 保证金: 0.00, 手续费: 0.00, 风险度: 0.00%
    INFO - 日期: 2022-01-12, 账户权益: 10000000.00, 可用资金: 10000000.00, 浮动盈亏: 0.00, 持仓盈亏: 0.00, 平仓盈亏: 0.00, 市值: 0.00, 保证金: 0.00, 手续费: 0.00, 风险度: 0.00%
    INFO - 日期: 2022-01-13, 账户权益: 10000000.00, 可用资金: 10000000.00, 浮动盈亏: 0.00, 持仓盈亏: 0.00, 平仓盈亏: 0.00, 市值: 0.00, 保证金: 0.00, 手续费: 0.00, 风险度: 0.00%
    INFO - 日期: 2022-01-14, 账户权益: 10000000.00, 可用资金: 10000000.00, 浮动盈亏: 0.00, 持仓盈亏: 0.00, 平仓盈亏: 0.00, 市值: 0.00, 保证金: 0.00, 手续费: 0.00, 风险度: 0.00%
    INFO - 日期: 2022-01-17, 账户权益: 10000000.00, 可用资金: 10000000.00, 浮动盈亏: 0.00, 持仓盈亏: 0.00, 平仓盈亏: 0.00, 市值: 0.00, 保证金: 0.00, 手续费: 0.00, 风险度: 0.00%
    INFO - 日期: 2022-01-18, 账户权益: 10000000.00, 可用资金: 10000000.00, 浮动盈亏: 0.00, 持仓盈亏: 0.00, 平仓盈亏: 0.00, 市值: 0.00, 保证金: 0.00, 手续费: 0.00, 风险度: 0.00%
    INFO - 胜率: 0.00%, 盈亏额比例: inf, 收益率: 0.00%, 年化收益率: 0.00%, 最大回撤: 0.00%, 年化夏普率: inf,年化索提诺比率: -15.8114
    INFO - 回测结束
extracted rank=76 hc2205.SHFE SHFE.hc2205 rows=6930 elapsed=9.47
    INFO - 模拟交易成交记录, 账户: TQSIM
    INFO - 模拟交易账户资金, 账户: TQSIM
    INFO - 日期: 2020-12-14, 账户权益: 10000000.00, 可用资金: 10000000.00, 浮动盈亏: 0.00, 持仓盈亏: 0.00, 平仓盈亏: 0.00, 市值: 0.00, 保证金: 0.00, 手续费: 0.00, 风险度: 0.00%
    INFO - 日期: 2020-12-15, 账户权益: 10000000.00, 可用资金: 10000000.00, 浮动盈亏: 0.00, 持仓盈亏: 0.00, 平仓盈亏: 0.00, 市值: 0.00, 保证金: 0.00, 手续费: 0.00, 风险度: 0.00%
    INFO - 日期: 2020-12-16, 账户权益: 10000000.00, 可用资金: 10000000.00, 浮动盈亏: 0.00, 持仓盈亏: 0.00, 平仓盈亏: 0.00, 市值: 0.00, 保证金: 0.00, 手续费: 0.00, 风险度: 0.00%
    INFO - 日期: 2020-12-17, 账户权益: 10000000.00, 可用资金: 10000000.00, 浮动盈亏: 0.00, 持仓盈亏: 0.00, 平仓盈亏: 0.00, 市值: 0.00, 保证金: 0.00, 手续费: 0.00, 风险度: 0.00%
    INFO - 日期: 2020-12-18, 账户权益: 10000000.00, 可用资金: 10000000.00, 浮动盈亏: 0.00, 持仓盈亏: 0.00, 平仓盈亏: 0.00, 市值: 0.00, 保证金: 0.00, 手续费: 0.00, 风险度: 0.00%
    INFO - 日期: 2020-12-21, 账户权益: 10000000.00, 可用资金: 10000000.00, 浮动盈亏: 0.00, 持仓盈亏: 0.00, 平仓盈亏: 0.00, 市值: 0.00, 保证金: 0.00, 手续费: 0.00, 风险度: 0.00%
    INFO - 日期: 2020-12-22, 账户权益: 10000000.00, 可用资金: 10000000.00, 浮动盈亏: 0.00, 持仓盈亏: 0.00, 平仓盈亏: 0.00, 市值: 0.00, 保证金: 0.00, 手续费: 0.00, 风险度: 0.00%
    INFO - 日期: 2020-12-23, 账户权益: 10000000.00, 可用资金: 10000000.00, 浮动盈亏: 0.00, 持仓盈亏: 0.00, 平仓盈亏: 0.00, 市值: 0.00, 保证金: 0.00, 手续费: 0.00, 风险度: 0.00%
    INFO - 日期: 2020-12-24, 账户权益: 10000000.00, 可用资金: 10000000.00, 浮动盈亏: 0.00, 持仓盈亏: 0.00, 平仓盈亏: 0.00, 市值: 0.00, 保证金: 0.00, 手续费: 0.00, 风险度: 0.00%
    INFO - 日期: 2020-12-25, 账户权益: 10000000.00, 可用资金: 10000000.00, 浮动盈亏: 0.00, 持仓盈亏: 0.00, 平仓盈亏: 0.00, 市值: 0.00, 保证金: 0.00, 手续费: 0.00, 风险度: 0.00%
    INFO - 日期: 2020-12-28, 账户权益: 10000000.00, 可用资金: 10000000.00, 浮动盈亏: 0.00, 持仓盈亏: 0.00, 平仓盈亏: 0.00, 市值: 0.00, 保证金: 0.00, 手续费: 0.00, 风险度: 0.00%
    INFO - 日期: 2020-12-29, 账户权益: 10000000.00, 可用资金: 10000000.00, 浮动盈亏: 0.00, 持仓盈亏: 0.00, 平仓盈亏: 0.00, 市值: 0.00, 保证金: 0.00, 手续费: 0.00, 风险度: 0.00%
    INFO - 日期: 2020-12-30, 账户权益: 10000000.00, 可用资金: 10000000.00, 浮动盈亏: 0.00, 持仓盈亏: 0.00, 平仓盈亏: 0.00, 市值: 0.00, 保证金: 0.00, 手续费: 0.00, 风险度: 0.00%
    INFO - 日期: 2020-12-31, 账户权益: 10000000.00, 可用资金: 10000000.00, 浮动盈亏: 0.00, 持仓盈亏: 0.00, 平仓盈亏: 0.00, 市值: 0.00, 保证金: 0.00, 手续费: 0.00, 风险度: 0.00%
    INFO - 日期: 2021-01-04, 账户权益: 10000000.00, 可用资金: 10000000.00, 浮动盈亏: 0.00, 持仓盈亏: 0.00, 平仓盈亏: 0.00, 市值: 0.00, 保证金: 0.00, 手续费: 0.00, 风险度: 0.00%
    INFO - 日期: 2021-01-05, 账户权益: 10000000.00, 可用资金: 10000000.00, 浮动盈亏: 0.00, 持仓盈亏: 0.00, 平仓盈亏: 0.00, 市值: 0.00, 保证金: 0.00, 手续费: 0.00, 风险度: 0.00%
    INFO - 日期: 2021-01-06, 账户权益: 10000000.00, 可用资金: 10000000.00, 浮动盈亏: 0.00, 持仓盈亏: 0.00, 平仓盈亏: 0.00, 市值: 0.00, 保证金: 0.00, 手续费: 0.00, 风险度: 0.00%
    INFO - 日期: 2021-01-07, 账户权益: 10000000.00, 可用资金: 10000000.00, 浮动盈亏: 0.00, 持仓盈亏: 0.00, 平仓盈亏: 0.00, 市值: 0.00, 保证金: 0.00, 手续费: 0.00, 风险度: 0.00%
    INFO - 日期: 2021-01-08, 账户权益: 10000000.00, 可用资金: 10000000.00, 浮动盈亏: 0.00, 持仓盈亏: 0.00, 平仓盈亏: 0.00, 市值: 0.00, 保证金: 0.00, 手续费: 0.00, 风险度: 0.00%
    INFO - 日期: 2021-01-11, 账户权益: 10000000.00, 可用资金: 10000000.00, 浮动盈亏: 0.00, 持仓盈亏: 0.00, 平仓盈亏: 0.00, 市值: 0.00, 保证金: 0.00, 手续费: 0.00, 风险度: 0.00%
    INFO - 日期: 2021-01-12, 账户权益: 10000000.00, 可用资金: 10000000.00, 浮动盈亏: 0.00, 持仓盈亏: 0.00, 平仓盈亏: 0.00, 市值: 0.00, 保证金: 0.00, 手续费: 0.00, 风险度: 0.00%
    INFO - 日期: 2021-01-13, 账户权益: 10000000.00, 可用资金: 10000000.00, 浮动盈亏: 0.00, 持仓盈亏: 0.00, 平仓盈亏: 0.00, 市值: 0.00, 保证金: 0.00, 手续费: 0.00, 风险度: 0.00%
    INFO - 日期: 2021-01-14, 账户权益: 10000000.00, 可用资金: 10000000.00, 浮动盈亏: 0.00, 持仓盈亏: 0.00, 平仓盈亏: 0.00, 市值: 0.00, 保证金: 0.00, 手续费: 0.00, 风险度: 0.00%
    INFO - 日期: 2021-01-15, 账户权益: 10000000.00, 可用资金: 10000000.00, 浮动盈亏: 0.00, 持仓盈亏: 0.00, 平仓盈亏: 0.00, 市值: 0.00, 保证金: 0.00, 手续费: 0.00, 风险度: 0.00%
    INFO - 日期: 2021-01-18, 账户权益: 10000000.00, 可用资金: 10000000.00, 浮动盈亏: 0.00, 持仓盈亏: 0.00, 平仓盈亏: 0.00, 市值: 0.00, 保证金: 0.00, 手续费: 0.00, 风险度: 0.00%
    INFO - 日期: 2021-01-19, 账户权益: 10000000.00, 可用资金: 10000000.00, 浮动盈亏: 0.00, 持仓盈亏: 0.00, 平仓盈亏: 0.00, 市值: 0.00, 保证金: 0.00, 手续费: 0.00, 风险度: 0.00%
    INFO - 日期: 2021-01-20, 账户权益: 10000000.00, 可用资金: 10000000.00, 浮动盈亏: 0.00, 持仓盈亏: 0.00, 平仓盈亏: 0.00, 市值: 0.00, 保证金: 0.00, 手续费: 0.00, 风险度: 0.00%
    INFO - 日期: 2021-01-21, 账户权益: 10000000.00, 可用资金: 10000000.00, 浮动盈亏: 0.00, 持仓盈亏: 0.00, 平仓盈亏: 0.00, 市值: 0.00, 保证金: 0.00, 手续费: 0.00, 风险度: 0.00%
    INFO - 日期: 2021-01-22, 账户权益: 10000000.00, 可用资金: 10000000.00, 浮动盈亏: 0.00, 持仓盈亏: 0.00, 平仓盈亏: 0.00, 市值: 0.00, 保证金: 0.00, 手续费: 0.00, 风险度: 0.00%
    INFO - 日期: 2021-01-25, 账户权益: 10000000.00, 可用资金: 10000000.00, 浮动盈亏: 0.00, 持仓盈亏: 0.00, 平仓盈亏: 0.00, 市值: 0.00, 保证金: 0.00, 手续费: 0.00, 风险度: 0.00%
    INFO - 日期: 2021-01-26, 账户权益: 10000000.00, 可用资金: 10000000.00, 浮动盈亏: 0.00, 持仓盈亏: 0.00, 平仓盈亏: 0.00, 市值: 0.00, 保证金: 0.00, 手续费: 0.00, 风险度: 0.00%
    INFO - 日期: 2021-01-27, 账户权益: 10000000.00, 可用资金: 10000000.00, 浮动盈亏: 0.00, 持仓盈亏: 0.00, 平仓盈亏: 0.00, 市值: 0.00, 保证金: 0.00, 手续费: 0.00, 风险度: 0.00%
    INFO - 日期: 2021-01-28, 账户权益: 10000000.00, 可用资金: 10000000.00, 浮动盈亏: 0.00, 持仓盈亏: 0.00, 平仓盈亏: 0.00, 市值: 0.00, 保证金: 0.00, 手续费: 0.00, 风险度: 0.00%
    INFO - 日期: 2021-01-29, 账户权益: 10000000.00, 可用资金: 10000000.00, 浮动盈亏: 0.00, 持仓盈亏: 0.00, 平仓盈亏: 0.00, 市值: 0.00, 保证金: 0.00, 手续费: 0.00, 风险度: 0.00%
    INFO - 日期: 2021-02-01, 账户权益: 10000000.00, 可用资金: 10000000.00, 浮动盈亏: 0.00, 持仓盈亏: 0.00, 平仓盈亏: 0.00, 市值: 0.00, 保证金: 0.00, 手续费: 0.00, 风险度: 0.00%
    INFO - 日期: 2021-02-02, 账户权益: 10000000.00, 可用资金: 10000000.00, 浮动盈亏: 0.00, 持仓盈亏: 0.00, 平仓盈亏: 0.00, 市值: 0.00, 保证金: 0.00, 手续费: 0.00, 风险度: 0.00%
    INFO - 日期: 2021-02-03, 账户权益: 10000000.00, 可用资金: 10000000.00, 浮动盈亏: 0.00, 持仓盈亏: 0.00, 平仓盈亏: 0.00, 市值: 0.00, 保证金: 0.00, 手续费: 0.00, 风险度: 0.00%
    INFO - 日期: 2021-02-04, 账户权益: 10000000.00, 可用资金: 10000000.00, 浮动盈亏: 0.00, 持仓盈亏: 0.00, 平仓盈亏: 0.00, 市值: 0.00, 保证金: 0.00, 手续费: 0.00, 风险度: 0.00%
    INFO - 日期: 2021-02-05, 账户权益: 10000000.00, 可用资金: 10000000.00, 浮动盈亏: 0.00, 持仓盈亏: 0.00, 平仓盈亏: 0.00, 市值: 0.00, 保证金: 0.00, 手续费: 0.00, 风险度: 0.00%
    INFO - 日期: 2021-02-08, 账户权益: 10000000.00, 可用资金: 10000000.00, 浮动盈亏: 0.00, 持仓盈亏: 0.00, 平仓盈亏: 0.00, 市值: 0.00, 保证金: 0.00, 手续费: 0.00, 风险度: 0.00%
    INFO - 日期: 2021-02-09, 账户权益: 10000000.00, 可用资金: 10000000.00, 浮动盈亏: 0.00, 持仓盈亏: 0.00, 平仓盈亏: 0.00, 市值: 0.00, 保证金: 0.00, 手续费: 0.00, 风险度: 0.00%
    INFO - 日期: 2021-02-10, 账户权益: 10000000.00, 可用资金: 10000000.00, 浮动盈亏: 0.00, 持仓盈亏: 0.00, 平仓盈亏: 0.00, 市值: 0.00, 保证金: 0.00, 手续费: 0.00, 风险度: 0.00%
    INFO - 日期: 2021-02-18, 账户权益: 10000000.00, 可用资金: 10000000.00, 浮动盈亏: 0.00, 持仓盈亏: 0.00, 平仓盈亏: 0.00, 市值: 0.00, 保证金: 0.00, 手续费: 0.00, 风险度: 0.00%
    INFO - 日期: 2021-02-19, 账户权益: 10000000.00, 可用资金: 10000000.00, 浮动盈亏: 0.00, 持仓盈亏: 0.00, 平仓盈亏: 0.00, 市值: 0.00, 保证金: 0.00, 手续费: 0.00, 风险度: 0.00%
    INFO - 日期: 2021-02-22, 账户权益: 10000000.00, 可用资金: 10000000.00, 浮动盈亏: 0.00, 持仓盈亏: 0.00, 平仓盈亏: 0.00, 市值: 0.00, 保证金: 0.00, 手续费: 0.00, 风险度: 0.00%
    INFO - 日期: 2021-02-23, 账户权益: 10000000.00, 可用资金: 10000000.00, 浮动盈亏: 0.00, 持仓盈亏: 0.00, 平仓盈亏: 0.00, 市值: 0.00, 保证金: 0.00, 手续费: 0.00, 风险度: 0.00%
    INFO - 日期: 2021-02-24, 账户权益: 10000000.00, 可用资金: 10000000.00, 浮动盈亏: 0.00, 持仓盈亏: 0.00, 平仓盈亏: 0.00, 市值: 0.00, 保证金: 0.00, 手续费: 0.00, 风险度: 0.00%
    INFO - 日期: 2021-02-25, 账户权益: 10000000.00, 可用资金: 10000000.00, 浮动盈亏: 0.00, 持仓盈亏: 0.00, 平仓盈亏: 0.00, 市值: 0.00, 保证金: 0.00, 手续费: 0.00, 风险度: 0.00%
    INFO - 日期: 2021-02-26, 账户权益: 10000000.00, 可用资金: 10000000.00, 浮动盈亏: 0.00, 持仓盈亏: 0.00, 平仓盈亏: 0.00, 市值: 0.00, 保证金: 0.00, 手续费: 0.00, 风险度: 0.00%
    INFO - 日期: 2021-03-01, 账户权益: 10000000.00, 可用资金: 10000000.00, 浮动盈亏: 0.00, 持仓盈亏: 0.00, 平仓盈亏: 0.00, 市值: 0.00, 保证金: 0.00, 手续费: 0.00, 风险度: 0.00%
    INFO - 日期: 2021-03-02, 账户权益: 10000000.00, 可用资金: 10000000.00, 浮动盈亏: 0.00, 持仓盈亏: 0.00, 平仓盈亏: 0.00, 市值: 0.00, 保证金: 0.00, 手续费: 0.00, 风险度: 0.00%
    INFO - 日期: 2021-03-03, 账户权益: 10000000.00, 可用资金: 10000000.00, 浮动盈亏: 0.00, 持仓盈亏: 0.00, 平仓盈亏: 0.00, 市值: 0.00, 保证金: 0.00, 手续费: 0.00, 风险度: 0.00%
    INFO - 日期: 2021-03-04, 账户权益: 10000000.00, 可用资金: 10000000.00, 浮动盈亏: 0.00, 持仓盈亏: 0.00, 平仓盈亏: 0.00, 市值: 0.00, 保证金: 0.00, 手续费: 0.00, 风险度: 0.00%
    INFO - 日期: 2021-03-05, 账户权益: 10000000.00, 可用资金: 10000000.00, 浮动盈亏: 0.00, 持仓盈亏: 0.00, 平仓盈亏: 0.00, 市值: 0.00, 保证金: 0.00, 手续费: 0.00, 风险度: 0.00%
    INFO - 日期: 2021-03-08, 账户权益: 10000000.00, 可用资金: 10000000.00, 浮动盈亏: 0.00, 持仓盈亏: 0.00, 平仓盈亏: 0.00, 市值: 0.00, 保证金: 0.00, 手续费: 0.00, 风险度: 0.00%
    INFO - 日期: 2021-03-09, 账户权益: 10000000.00, 可用资金: 10000000.00, 浮动盈亏: 0.00, 持仓盈亏: 0.00, 平仓盈亏: 0.00, 市值: 0.00, 保证金: 0.00, 手续费: 0.00, 风险度: 0.00%
    INFO - 日期: 2021-03-10, 账户权益: 10000000.00, 可用资金: 10000000.00, 浮动盈亏: 0.00, 持仓盈亏: 0.00, 平仓盈亏: 0.00, 市值: 0.00, 保证金: 0.00, 手续费: 0.00, 风险度: 0.00%
    INFO - 日期: 2021-03-11, 账户权益: 10000000.00, 可用资金: 10000000.00, 浮动盈亏: 0.00, 持仓盈亏: 0.00, 平仓盈亏: 0.00, 市值: 0.00, 保证金: 0.00, 手续费: 0.00, 风险度: 0.00%
    INFO - 胜率: 0.00%, 盈亏额比例: inf, 收益率: 0.00%, 年化收益率: 0.00%, 最大回撤: 0.00%, 年化夏普率: inf,年化索提诺比率: -15.8114
    INFO - 回测结束
extracted rank=77 MA105.CZCE CZCE.MA105 rows=19230 elapsed=19.85
    INFO - 回测结束
    INFO - 模拟交易成交记录, 账户: TQSIM
    INFO - 模拟交易账户资金, 账户: TQSIM
    INFO - 日期: 2020-01-13, 账户权益: 10000000.00, 可用资金: 10000000.00, 浮动盈亏: 0.00, 持仓盈亏: 0.00, 平仓盈亏: 0.00, 市值: 0.00, 保证金: 0.00, 手续费: 0.00, 风险度: 0.00%
    INFO - 日期: 2020-01-14, 账户权益: 10000000.00, 可用资金: 10000000.00, 浮动盈亏: 0.00, 持仓盈亏: 0.00, 平仓盈亏: 0.00, 市值: 0.00, 保证金: 0.00, 手续费: 0.00, 风险度: 0.00%
    INFO - 日期: 2020-01-15, 账户权益: 10000000.00, 可用资金: 10000000.00, 浮动盈亏: 0.00, 持仓盈亏: 0.00, 平仓盈亏: 0.00, 市值: 0.00, 保证金: 0.00, 手续费: 0.00, 风险度: 0.00%
    INFO - 日期: 2020-01-16, 账户权益: 10000000.00, 可用资金: 10000000.00, 浮动盈亏: 0.00, 持仓盈亏: 0.00, 平仓盈亏: 0.00, 市值: 0.00, 保证金: 0.00, 手续费: 0.00, 风险度: 0.00%
    INFO - 日期: 2020-01-17, 账户权益: 10000000.00, 可用资金: 10000000.00, 浮动盈亏: 0.00, 持仓盈亏: 0.00, 平仓盈亏: 0.00, 市值: 0.00, 保证金: 0.00, 手续费: 0.00, 风险度: 0.00%
    INFO - 日期: 2020-01-20, 账户权益: 10000000.00, 可用资金: 10000000.00, 浮动盈亏: 0.00, 持仓盈亏: 0.00, 平仓盈亏: 0.00, 市值: 0.00, 保证金: 0.00, 手续费: 0.00, 风险度: 0.00%
    INFO - 日期: 2020-01-21, 账户权益: 10000000.00, 可用资金: 10000000.00, 浮动盈亏: 0.00, 持仓盈亏: 0.00, 平仓盈亏: 0.00, 市值: 0.00, 保证金: 0.00, 手续费: 0.00, 风险度: 0.00%
    INFO - 日期: 2020-01-22, 账户权益: 10000000.00, 可用资金: 10000000.00, 浮动盈亏: 0.00, 持仓盈亏: 0.00, 平仓盈亏: 0.00, 市值: 0.00, 保证金: 0.00, 手续费: 0.00, 风险度: 0.00%
    INFO - 日期: 2020-01-23, 账户权益: 10000000.00, 可用资金: 10000000.00, 浮动盈亏: 0.00, 持仓盈亏: 0.00, 平仓盈亏: 0.00, 市值: 0.00, 保证金: 0.00, 手续费: 0.00, 风险度: 0.00%
    INFO - 日期: 2020-02-03, 账户权益: 10000000.00, 可用资金: 10000000.00, 浮动盈亏: 0.00, 持仓盈亏: 0.00, 平仓盈亏: 0.00, 市值: 0.00, 保证金: 0.00, 手续费: 0.00, 风险度: 0.00%
    INFO - 日期: 2020-02-04, 账户权益: 10000000.00, 可用资金: 10000000.00, 浮动盈亏: 0.00, 持仓盈亏: 0.00, 平仓盈亏: 0.00, 市值: 0.00, 保证金: 0.00, 手续费: 0.00, 风险度: 0.00%
    INFO - 日期: 2020-02-05, 账户权益: 10000000.00, 可用资金: 10000000.00, 浮动盈亏: 0.00, 持仓盈亏: 0.00, 平仓盈亏: 0.00, 市值: 0.00, 保证金: 0.00, 手续费: 0.00, 风险度: 0.00%
    INFO - 日期: 2020-02-06, 账户权益: 10000000.00, 可用资金: 10000000.00, 浮动盈亏: 0.00, 持仓盈亏: 0.00, 平仓盈亏: 0.00, 市值: 0.00, 保证金: 0.00, 手续费: 0.00, 风险度: 0.00%
    INFO - 日期: 2020-02-07, 账户权益: 10000000.00, 可用资金: 10000000.00, 浮动盈亏: 0.00, 持仓盈亏: 0.00, 平仓盈亏: 0.00, 市值: 0.00, 保证金: 0.00, 手续费: 0.00, 风险度: 0.00%
    INFO - 日期: 2020-02-10, 账户权益: 10000000.00, 可用资金: 10000000.00, 浮动盈亏: 0.00, 持仓盈亏: 0.00, 平仓盈亏: 0.00, 市值: 0.00, 保证金: 0.00, 手续费: 0.00, 风险度: 0.00%
    INFO - 日期: 2020-02-11, 账户权益: 10000000.00, 可用资金: 10000000.00, 浮动盈亏: 0.00, 持仓盈亏: 0.00, 平仓盈亏: 0.00, 市值: 0.00, 保证金: 0.00, 手续费: 0.00, 风险度: 0.00%
    INFO - 日期: 2020-02-12, 账户权益: 10000000.00, 可用资金: 10000000.00, 浮动盈亏: 0.00, 持仓盈亏: 0.00, 平仓盈亏: 0.00, 市值: 0.00, 保证金: 0.00, 手续费: 0.00, 风险度: 0.00%
    INFO - 日期: 2020-02-13, 账户权益: 10000000.00, 可用资金: 10000000.00, 浮动盈亏: 0.00, 持仓盈亏: 0.00, 平仓盈亏: 0.00, 市值: 0.00, 保证金: 0.00, 手续费: 0.00, 风险度: 0.00%
    INFO - 日期: 2020-02-14, 账户权益: 10000000.00, 可用资金: 10000000.00, 浮动盈亏: 0.00, 持仓盈亏: 0.00, 平仓盈亏: 0.00, 市值: 0.00, 保证金: 0.00, 手续费: 0.00, 风险度: 0.00%
    INFO - 日期: 2020-02-17, 账户权益: 10000000.00, 可用资金: 10000000.00, 浮动盈亏: 0.00, 持仓盈亏: 0.00, 平仓盈亏: 0.00, 市值: 0.00, 保证金: 0.00, 手续费: 0.00, 风险度: 0.00%
    INFO - 日期: 2020-02-18, 账户权益: 10000000.00, 可用资金: 10000000.00, 浮动盈亏: 0.00, 持仓盈亏: 0.00, 平仓盈亏: 0.00, 市值: 0.00, 保证金: 0.00, 手续费: 0.00, 风险度: 0.00%
    INFO - 日期: 2020-02-19, 账户权益: 10000000.00, 可用资金: 10000000.00, 浮动盈亏: 0.00, 持仓盈亏: 0.00, 平仓盈亏: 0.00, 市值: 0.00, 保证金: 0.00, 手续费: 0.00, 风险度: 0.00%
    INFO - 日期: 2020-02-20, 账户权益: 10000000.00, 可用资金: 10000000.00, 浮动盈亏: 0.00, 持仓盈亏: 0.00, 平仓盈亏: 0.00, 市值: 0.00, 保证金: 0.00, 手续费: 0.00, 风险度: 0.00%
    INFO - 日期: 2020-02-21, 账户权益: 10000000.00, 可用资金: 10000000.00, 浮动盈亏: 0.00, 持仓盈亏: 0.00, 平仓盈亏: 0.00, 市值: 0.00, 保证金: 0.00, 手续费: 0.00, 风险度: 0.00%
    INFO - 日期: 2020-02-24, 账户权益: 10000000.00, 可用资金: 10000000.00, 浮动盈亏: 0.00, 持仓盈亏: 0.00, 平仓盈亏: 0.00, 市值: 0.00, 保证金: 0.00, 手续费: 0.00, 风险度: 0.00%
    INFO - 日期: 2020-02-25, 账户权益: 10000000.00, 可用资金: 10000000.00, 浮动盈亏: 0.00, 持仓盈亏: 0.00, 平仓盈亏: 0.00, 市值: 0.00, 保证金: 0.00, 手续费: 0.00, 风险度: 0.00%
    INFO - 日期: 2020-02-26, 账户权益: 10000000.00, 可用资金: 10000000.00, 浮动盈亏: 0.00, 持仓盈亏: 0.00, 平仓盈亏: 0.00, 市值: 0.00, 保证金: 0.00, 手续费: 0.00, 风险度: 0.00%
    INFO - 日期: 2020-02-27, 账户权益: 10000000.00, 可用资金: 10000000.00, 浮动盈亏: 0.00, 持仓盈亏: 0.00, 平仓盈亏: 0.00, 市值: 0.00, 保证金: 0.00, 手续费: 0.00, 风险度: 0.00%
    INFO - 日期: 2020-02-28, 账户权益: 10000000.00, 可用资金: 10000000.00, 浮动盈亏: 0.00, 持仓盈亏: 0.00, 平仓盈亏: 0.00, 市值: 0.00, 保证金: 0.00, 手续费: 0.00, 风险度: 0.00%
    INFO - 日期: 2020-03-02, 账户权益: 10000000.00, 可用资金: 10000000.00, 浮动盈亏: 0.00, 持仓盈亏: 0.00, 平仓盈亏: 0.00, 市值: 0.00, 保证金: 0.00, 手续费: 0.00, 风险度: 0.00%
    INFO - 日期: 2020-03-03, 账户权益: 10000000.00, 可用资金: 10000000.00, 浮动盈亏: 0.00, 持仓盈亏: 0.00, 平仓盈亏: 0.00, 市值: 0.00, 保证金: 0.00, 手续费: 0.00, 风险度: 0.00%
    INFO - 日期: 2020-03-04, 账户权益: 10000000.00, 可用资金: 10000000.00, 浮动盈亏: 0.00, 持仓盈亏: 0.00, 平仓盈亏: 0.00, 市值: 0.00, 保证金: 0.00, 手续费: 0.00, 风险度: 0.00%
    INFO - 日期: 2020-03-05, 账户权益: 10000000.00, 可用资金: 10000000.00, 浮动盈亏: 0.00, 持仓盈亏: 0.00, 平仓盈亏: 0.00, 市值: 0.00, 保证金: 0.00, 手续费: 0.00, 风险度: 0.00%
    INFO - 日期: 2020-03-06, 账户权益: 10000000.00, 可用资金: 10000000.00, 浮动盈亏: 0.00, 持仓盈亏: 0.00, 平仓盈亏: 0.00, 市值: 0.00, 保证金: 0.00, 手续费: 0.00, 风险度: 0.00%
    INFO - 日期: 2020-03-09, 账户权益: 10000000.00, 可用资金: 10000000.00, 浮动盈亏: 0.00, 持仓盈亏: 0.00, 平仓盈亏: 0.00, 市值: 0.00, 保证金: 0.00, 手续费: 0.00, 风险度: 0.00%
    INFO - 日期: 2020-03-10, 账户权益: 10000000.00, 可用资金: 10000000.00, 浮动盈亏: 0.00, 持仓盈亏: 0.00, 平仓盈亏: 0.00, 市值: 0.00, 保证金: 0.00, 手续费: 0.00, 风险度: 0.00%
    INFO - 日期: 2020-03-11, 账户权益: 10000000.00, 可用资金: 10000000.00, 浮动盈亏: 0.00, 持仓盈亏: 0.00, 平仓盈亏: 0.00, 市值: 0.00, 保证金: 0.00, 手续费: 0.00, 风险度: 0.00%
    INFO - 日期: 2020-03-12, 账户权益: 10000000.00, 可用资金: 10000000.00, 浮动盈亏: 0.00, 持仓盈亏: 0.00, 平仓盈亏: 0.00, 市值: 0.00, 保证金: 0.00, 手续费: 0.00, 风险度: 0.00%
    INFO - 日期: 2020-03-13, 账户权益: 10000000.00, 可用资金: 10000000.00, 浮动盈亏: 0.00, 持仓盈亏: 0.00, 平仓盈亏: 0.00, 市值: 0.00, 保证金: 0.00, 手续费: 0.00, 风险度: 0.00%
    INFO - 日期: 2020-03-16, 账户权益: 10000000.00, 可用资金: 10000000.00, 浮动盈亏: 0.00, 持仓盈亏: 0.00, 平仓盈亏: 0.00, 市值: 0.00, 保证金: 0.00, 手续费: 0.00, 风险度: 0.00%
    INFO - 日期: 2020-03-17, 账户权益: 10000000.00, 可用资金: 10000000.00, 浮动盈亏: 0.00, 持仓盈亏: 0.00, 平仓盈亏: 0.00, 市值: 0.00, 保证金: 0.00, 手续费: 0.00, 风险度: 0.00%
    INFO - 日期: 2020-03-18, 账户权益: 10000000.00, 可用资金: 10000000.00, 浮动盈亏: 0.00, 持仓盈亏: 0.00, 平仓盈亏: 0.00, 市值: 0.00, 保证金: 0.00, 手续费: 0.00, 风险度: 0.00%
    INFO - 日期: 2020-03-19, 账户权益: 10000000.00, 可用资金: 10000000.00, 浮动盈亏: 0.00, 持仓盈亏: 0.00, 平仓盈亏: 0.00, 市值: 0.00, 保证金: 0.00, 手续费: 0.00, 风险度: 0.00%
    INFO - 日期: 2020-03-20, 账户权益: 10000000.00, 可用资金: 10000000.00, 浮动盈亏: 0.00, 持仓盈亏: 0.00, 平仓盈亏: 0.00, 市值: 0.00, 保证金: 0.00, 手续费: 0.00, 风险度: 0.00%
    INFO - 胜率: 0.00%, 盈亏额比例: inf, 收益率: 0.00%, 年化收益率: 0.00%, 最大回撤: 0.00%, 年化夏普率: inf,年化索提诺比率: -15.8114
extracted rank=78 sp2005.SHFE SHFE.sp2005 rows=10649 elapsed=12.53
cached_raw rank=79 AP505.CZCE CZCE.AP505 rows=239 elapsed=0.0
    INFO - 模拟交易成交记录, 账户: TQSIM
    INFO - 模拟交易账户资金, 账户: TQSIM
    INFO - 日期: 2022-11-09, 账户权益: 10000000.00, 可用资金: 10000000.00, 浮动盈亏: 0.00, 持仓盈亏: 0.00, 平仓盈亏: 0.00, 市值: 0.00, 保证金: 0.00, 手续费: 0.00, 风险度: 0.00%
    INFO - 日期: 2022-11-10, 账户权益: 10000000.00, 可用资金: 10000000.00, 浮动盈亏: 0.00, 持仓盈亏: 0.00, 平仓盈亏: 0.00, 市值: 0.00, 保证金: 0.00, 手续费: 0.00, 风险度: 0.00%
    INFO - 日期: 2022-11-11, 账户权益: 10000000.00, 可用资金: 10000000.00, 浮动盈亏: 0.00, 持仓盈亏: 0.00, 平仓盈亏: 0.00, 市值: 0.00, 保证金: 0.00, 手续费: 0.00, 风险度: 0.00%
    INFO - 日期: 2022-11-14, 账户权益: 10000000.00, 可用资金: 10000000.00, 浮动盈亏: 0.00, 持仓盈亏: 0.00, 平仓盈亏: 0.00, 市值: 0.00, 保证金: 0.00, 手续费: 0.00, 风险度: 0.00%
    INFO - 日期: 2022-11-15, 账户权益: 10000000.00, 可用资金: 10000000.00, 浮动盈亏: 0.00, 持仓盈亏: 0.00, 平仓盈亏: 0.00, 市值: 0.00, 保证金: 0.00, 手续费: 0.00, 风险度: 0.00%
    INFO - 日期: 2022-11-16, 账户权益: 10000000.00, 可用资金: 10000000.00, 浮动盈亏: 0.00, 持仓盈亏: 0.00, 平仓盈亏: 0.00, 市值: 0.00, 保证金: 0.00, 手续费: 0.00, 风险度: 0.00%
    INFO - 日期: 2022-11-17, 账户权益: 10000000.00, 可用资金: 10000000.00, 浮动盈亏: 0.00, 持仓盈亏: 0.00, 平仓盈亏: 0.00, 市值: 0.00, 保证金: 0.00, 手续费: 0.00, 风险度: 0.00%
    INFO - 日期: 2022-11-18, 账户权益: 10000000.00, 可用资金: 10000000.00, 浮动盈亏: 0.00, 持仓盈亏: 0.00, 平仓盈亏: 0.00, 市值: 0.00, 保证金: 0.00, 手续费: 0.00, 风险度: 0.00%
    INFO - 日期: 2022-11-21, 账户权益: 10000000.00, 可用资金: 10000000.00, 浮动盈亏: 0.00, 持仓盈亏: 0.00, 平仓盈亏: 0.00, 市值: 0.00, 保证金: 0.00, 手续费: 0.00, 风险度: 0.00%
    INFO - 日期: 2022-11-22, 账户权益: 10000000.00, 可用资金: 10000000.00, 浮动盈亏: 0.00, 持仓盈亏: 0.00, 平仓盈亏: 0.00, 市值: 0.00, 保证金: 0.00, 手续费: 0.00, 风险度: 0.00%
    INFO - 日期: 2022-11-23, 账户权益: 10000000.00, 可用资金: 10000000.00, 浮动盈亏: 0.00, 持仓盈亏: 0.00, 平仓盈亏: 0.00, 市值: 0.00, 保证金: 0.00, 手续费: 0.00, 风险度: 0.00%
    INFO - 日期: 2022-11-24, 账户权益: 10000000.00, 可用资金: 10000000.00, 浮动盈亏: 0.00, 持仓盈亏: 0.00, 平仓盈亏: 0.00, 市值: 0.00, 保证金: 0.00, 手续费: 0.00, 风险度: 0.00%
    INFO - 日期: 2022-11-25, 账户权益: 10000000.00, 可用资金: 10000000.00, 浮动盈亏: 0.00, 持仓盈亏: 0.00, 平仓盈亏: 0.00, 市值: 0.00, 保证金: 0.00, 手续费: 0.00, 风险度: 0.00%
    INFO - 日期: 2022-11-28, 账户权益: 10000000.00, 可用资金: 10000000.00, 浮动盈亏: 0.00, 持仓盈亏: 0.00, 平仓盈亏: 0.00, 市值: 0.00, 保证金: 0.00, 手续费: 0.00, 风险度: 0.00%
    INFO - 日期: 2022-11-29, 账户权益: 10000000.00, 可用资金: 10000000.00, 浮动盈亏: 0.00, 持仓盈亏: 0.00, 平仓盈亏: 0.00, 市值: 0.00, 保证金: 0.00, 手续费: 0.00, 风险度: 0.00%
    INFO - 日期: 2022-11-30, 账户权益: 10000000.00, 可用资金: 10000000.00, 浮动盈亏: 0.00, 持仓盈亏: 0.00, 平仓盈亏: 0.00, 市值: 0.00, 保证金: 0.00, 手续费: 0.00, 风险度: 0.00%
    INFO - 日期: 2022-12-01, 账户权益: 10000000.00, 可用资金: 10000000.00, 浮动盈亏: 0.00, 持仓盈亏: 0.00, 平仓盈亏: 0.00, 市值: 0.00, 保证金: 0.00, 手续费: 0.00, 风险度: 0.00%
    INFO - 日期: 2022-12-02, 账户权益: 10000000.00, 可用资金: 10000000.00, 浮动盈亏: 0.00, 持仓盈亏: 0.00, 平仓盈亏: 0.00, 市值: 0.00, 保证金: 0.00, 手续费: 0.00, 风险度: 0.00%
    INFO - 日期: 2022-12-05, 账户权益: 10000000.00, 可用资金: 10000000.00, 浮动盈亏: 0.00, 持仓盈亏: 0.00, 平仓盈亏: 0.00, 市值: 0.00, 保证金: 0.00, 手续费: 0.00, 风险度: 0.00%
    INFO - 日期: 2022-12-06, 账户权益: 10000000.00, 可用资金: 10000000.00, 浮动盈亏: 0.00, 持仓盈亏: 0.00, 平仓盈亏: 0.00, 市值: 0.00, 保证金: 0.00, 手续费: 0.00, 风险度: 0.00%
    INFO - 日期: 2022-12-07, 账户权益: 10000000.00, 可用资金: 10000000.00, 浮动盈亏: 0.00, 持仓盈亏: 0.00, 平仓盈亏: 0.00, 市值: 0.00, 保证金: 0.00, 手续费: 0.00, 风险度: 0.00%
    INFO - 日期: 2022-12-08, 账户权益: 10000000.00, 可用资金: 10000000.00, 浮动盈亏: 0.00, 持仓盈亏: 0.00, 平仓盈亏: 0.00, 市值: 0.00, 保证金: 0.00, 手续费: 0.00, 风险度: 0.00%
    INFO - 日期: 2022-12-09, 账户权益: 10000000.00, 可用资金: 10000000.00, 浮动盈亏: 0.00, 持仓盈亏: 0.00, 平仓盈亏: 0.00, 市值: 0.00, 保证金: 0.00, 手续费: 0.00, 风险度: 0.00%
    INFO - 日期: 2022-12-12, 账户权益: 10000000.00, 可用资金: 10000000.00, 浮动盈亏: 0.00, 持仓盈亏: 0.00, 平仓盈亏: 0.00, 市值: 0.00, 保证金: 0.00, 手续费: 0.00, 风险度: 0.00%
    INFO - 日期: 2022-12-13, 账户权益: 10000000.00, 可用资金: 10000000.00, 浮动盈亏: 0.00, 持仓盈亏: 0.00, 平仓盈亏: 0.00, 市值: 0.00, 保证金: 0.00, 手续费: 0.00, 风险度: 0.00%
    INFO - 日期: 2022-12-14, 账户权益: 10000000.00, 可用资金: 10000000.00, 浮动盈亏: 0.00, 持仓盈亏: 0.00, 平仓盈亏: 0.00, 市值: 0.00, 保证金: 0.00, 手续费: 0.00, 风险度: 0.00%
    INFO - 日期: 2022-12-15, 账户权益: 10000000.00, 可用资金: 10000000.00, 浮动盈亏: 0.00, 持仓盈亏: 0.00, 平仓盈亏: 0.00, 市值: 0.00, 保证金: 0.00, 手续费: 0.00, 风险度: 0.00%
    INFO - 胜率: 0.00%, 盈亏额比例: inf, 收益率: 0.00%, 年化收益率: 0.00%, 最大回撤: 0.00%, 年化夏普率: inf,年化索提诺比率: -15.8114
    INFO - 回测结束
extracted rank=80 lh2301.DCE DCE.lh2301 rows=5655 elapsed=8.23
    INFO - 模拟交易成交记录, 账户: TQSIM
    INFO - 模拟交易账户资金, 账户: TQSIM
    INFO - 日期: 2024-04-03, 账户权益: 10000000.00, 可用资金: 10000000.00, 浮动盈亏: 0.00, 持仓盈亏: 0.00, 平仓盈亏: 0.00, 市值: 0.00, 保证金: 0.00, 手续费: 0.00, 风险度: 0.00%
    INFO - 日期: 2024-04-08, 账户权益: 10000000.00, 可用资金: 10000000.00, 浮动盈亏: 0.00, 持仓盈亏: 0.00, 平仓盈亏: 0.00, 市值: 0.00, 保证金: 0.00, 手续费: 0.00, 风险度: 0.00%
    INFO - 日期: 2024-04-09, 账户权益: 10000000.00, 可用资金: 10000000.00, 浮动盈亏: 0.00, 持仓盈亏: 0.00, 平仓盈亏: 0.00, 市值: 0.00, 保证金: 0.00, 手续费: 0.00, 风险度: 0.00%
    INFO - 日期: 2024-04-10, 账户权益: 10000000.00, 可用资金: 10000000.00, 浮动盈亏: 0.00, 持仓盈亏: 0.00, 平仓盈亏: 0.00, 市值: 0.00, 保证金: 0.00, 手续费: 0.00, 风险度: 0.00%
    INFO - 日期: 2024-04-11, 账户权益: 10000000.00, 可用资金: 10000000.00, 浮动盈亏: 0.00, 持仓盈亏: 0.00, 平仓盈亏: 0.00, 市值: 0.00, 保证金: 0.00, 手续费: 0.00, 风险度: 0.00%
    INFO - 日期: 2024-04-12, 账户权益: 10000000.00, 可用资金: 10000000.00, 浮动盈亏: 0.00, 持仓盈亏: 0.00, 平仓盈亏: 0.00, 市值: 0.00, 保证金: 0.00, 手续费: 0.00, 风险度: 0.00%
    INFO - 日期: 2024-04-15, 账户权益: 10000000.00, 可用资金: 10000000.00, 浮动盈亏: 0.00, 持仓盈亏: 0.00, 平仓盈亏: 0.00, 市值: 0.00, 保证金: 0.00, 手续费: 0.00, 风险度: 0.00%
    INFO - 日期: 2024-04-16, 账户权益: 10000000.00, 可用资金: 10000000.00, 浮动盈亏: 0.00, 持仓盈亏: 0.00, 平仓盈亏: 0.00, 市值: 0.00, 保证金: 0.00, 手续费: 0.00, 风险度: 0.00%
    INFO - 日期: 2024-04-17, 账户权益: 10000000.00, 可用资金: 10000000.00, 浮动盈亏: 0.00, 持仓盈亏: 0.00, 平仓盈亏: 0.00, 市值: 0.00, 保证金: 0.00, 手续费: 0.00, 风险度: 0.00%
    INFO - 日期: 2024-04-18, 账户权益: 10000000.00, 可用资金: 10000000.00, 浮动盈亏: 0.00, 持仓盈亏: 0.00, 平仓盈亏: 0.00, 市值: 0.00, 保证金: 0.00, 手续费: 0.00, 风险度: 0.00%
    INFO - 日期: 2024-04-19, 账户权益: 10000000.00, 可用资金: 10000000.00, 浮动盈亏: 0.00, 持仓盈亏: 0.00, 平仓盈亏: 0.00, 市值: 0.00, 保证金: 0.00, 手续费: 0.00, 风险度: 0.00%
    INFO - 日期: 2024-04-22, 账户权益: 10000000.00, 可用资金: 10000000.00, 浮动盈亏: 0.00, 持仓盈亏: 0.00, 平仓盈亏: 0.00, 市值: 0.00, 保证金: 0.00, 手续费: 0.00, 风险度: 0.00%
    INFO - 日期: 2024-04-23, 账户权益: 10000000.00, 可用资金: 10000000.00, 浮动盈亏: 0.00, 持仓盈亏: 0.00, 平仓盈亏: 0.00, 市值: 0.00, 保证金: 0.00, 手续费: 0.00, 风险度: 0.00%
    INFO - 日期: 2024-04-24, 账户权益: 10000000.00, 可用资金: 10000000.00, 浮动盈亏: 0.00, 持仓盈亏: 0.00, 平仓盈亏: 0.00, 市值: 0.00, 保证金: 0.00, 手续费: 0.00, 风险度: 0.00%
    INFO - 日期: 2024-04-25, 账户权益: 10000000.00, 可用资金: 10000000.00, 浮动盈亏: 0.00, 持仓盈亏: 0.00, 平仓盈亏: 0.00, 市值: 0.00, 保证金: 0.00, 手续费: 0.00, 风险度: 0.00%
    INFO - 日期: 2024-04-26, 账户权益: 10000000.00, 可用资金: 10000000.00, 浮动盈亏: 0.00, 持仓盈亏: 0.00, 平仓盈亏: 0.00, 市值: 0.00, 保证金: 0.00, 手续费: 0.00, 风险度: 0.00%
    INFO - 日期: 2024-04-29, 账户权益: 10000000.00, 可用资金: 10000000.00, 浮动盈亏: 0.00, 持仓盈亏: 0.00, 平仓盈亏: 0.00, 市值: 0.00, 保证金: 0.00, 手续费: 0.00, 风险度: 0.00%
    INFO - 日期: 2024-04-30, 账户权益: 10000000.00, 可用资金: 10000000.00, 浮动盈亏: 0.00, 持仓盈亏: 0.00, 平仓盈亏: 0.00, 市值: 0.00, 保证金: 0.00, 手续费: 0.00, 风险度: 0.00%
    INFO - 日期: 2024-05-06, 账户权益: 10000000.00, 可用资金: 10000000.00, 浮动盈亏: 0.00, 持仓盈亏: 0.00, 平仓盈亏: 0.00, 市值: 0.00, 保证金: 0.00, 手续费: 0.00, 风险度: 0.00%
    INFO - 日期: 2024-05-07, 账户权益: 10000000.00, 可用资金: 10000000.00, 浮动盈亏: 0.00, 持仓盈亏: 0.00, 平仓盈亏: 0.00, 市值: 0.00, 保证金: 0.00, 手续费: 0.00, 风险度: 0.00%
    INFO - 日期: 2024-05-08, 账户权益: 10000000.00, 可用资金: 10000000.00, 浮动盈亏: 0.00, 持仓盈亏: 0.00, 平仓盈亏: 0.00, 市值: 0.00, 保证金: 0.00, 手续费: 0.00, 风险度: 0.00%
    INFO - 日期: 2024-05-09, 账户权益: 10000000.00, 可用资金: 10000000.00, 浮动盈亏: 0.00, 持仓盈亏: 0.00, 平仓盈亏: 0.00, 市值: 0.00, 保证金: 0.00, 手续费: 0.00, 风险度: 0.00%
    INFO - 日期: 2024-05-10, 账户权益: 10000000.00, 可用资金: 10000000.00, 浮动盈亏: 0.00, 持仓盈亏: 0.00, 平仓盈亏: 0.00, 市值: 0.00, 保证金: 0.00, 手续费: 0.00, 风险度: 0.00%
    INFO - 日期: 2024-05-13, 账户权益: 10000000.00, 可用资金: 10000000.00, 浮动盈亏: 0.00, 持仓盈亏: 0.00, 平仓盈亏: 0.00, 市值: 0.00, 保证金: 0.00, 手续费: 0.00, 风险度: 0.00%
    INFO - 日期: 2024-05-14, 账户权益: 10000000.00, 可用资金: 10000000.00, 浮动盈亏: 0.00, 持仓盈亏: 0.00, 平仓盈亏: 0.00, 市值: 0.00, 保证金: 0.00, 手续费: 0.00, 风险度: 0.00%
    INFO - 日期: 2024-05-15, 账户权益: 10000000.00, 可用资金: 10000000.00, 浮动盈亏: 0.00, 持仓盈亏: 0.00, 平仓盈亏: 0.00, 市值: 0.00, 保证金: 0.00, 手续费: 0.00, 风险度: 0.00%
    INFO - 日期: 2024-05-16, 账户权益: 10000000.00, 可用资金: 10000000.00, 浮动盈亏: 0.00, 持仓盈亏: 0.00, 平仓盈亏: 0.00, 市值: 0.00, 保证金: 0.00, 手续费: 0.00, 风险度: 0.00%
    INFO - 日期: 2024-05-17, 账户权益: 10000000.00, 可用资金: 10000000.00, 浮动盈亏: 0.00, 持仓盈亏: 0.00, 平仓盈亏: 0.00, 市值: 0.00, 保证金: 0.00, 手续费: 0.00, 风险度: 0.00%
    INFO - 日期: 2024-05-20, 账户权益: 10000000.00, 可用资金: 10000000.00, 浮动盈亏: 0.00, 持仓盈亏: 0.00, 平仓盈亏: 0.00, 市值: 0.00, 保证金: 0.00, 手续费: 0.00, 风险度: 0.00%
    INFO - 日期: 2024-05-21, 账户权益: 10000000.00, 可用资金: 10000000.00, 浮动盈亏: 0.00, 持仓盈亏: 0.00, 平仓盈亏: 0.00, 市值: 0.00, 保证金: 0.00, 手续费: 0.00, 风险度: 0.00%
    INFO - 日期: 2024-05-22, 账户权益: 10000000.00, 可用资金: 10000000.00, 浮动盈亏: 0.00, 持仓盈亏: 0.00, 平仓盈亏: 0.00, 市值: 0.00, 保证金: 0.00, 手续费: 0.00, 风险度: 0.00%
    INFO - 日期: 2024-05-23, 账户权益: 10000000.00, 可用资金: 10000000.00, 浮动盈亏: 0.00, 持仓盈亏: 0.00, 平仓盈亏: 0.00, 市值: 0.00, 保证金: 0.00, 手续费: 0.00, 风险度: 0.00%
    INFO - 日期: 2024-05-24, 账户权益: 10000000.00, 可用资金: 10000000.00, 浮动盈亏: 0.00, 持仓盈亏: 0.00, 平仓盈亏: 0.00, 市值: 0.00, 保证金: 0.00, 手续费: 0.00, 风险度: 0.00%
    INFO - 日期: 2024-05-27, 账户权益: 10000000.00, 可用资金: 10000000.00, 浮动盈亏: 0.00, 持仓盈亏: 0.00, 平仓盈亏: 0.00, 市值: 0.00, 保证金: 0.00, 手续费: 0.00, 风险度: 0.00%
    INFO - 日期: 2024-05-28, 账户权益: 10000000.00, 可用资金: 10000000.00, 浮动盈亏: 0.00, 持仓盈亏: 0.00, 平仓盈亏: 0.00, 市值: 0.00, 保证金: 0.00, 手续费: 0.00, 风险度: 0.00%
    INFO - 日期: 2024-05-29, 账户权益: 10000000.00, 可用资金: 10000000.00, 浮动盈亏: 0.00, 持仓盈亏: 0.00, 平仓盈亏: 0.00, 市值: 0.00, 保证金: 0.00, 手续费: 0.00, 风险度: 0.00%
    INFO - 日期: 2024-05-30, 账户权益: 10000000.00, 可用资金: 10000000.00, 浮动盈亏: 0.00, 持仓盈亏: 0.00, 平仓盈亏: 0.00, 市值: 0.00, 保证金: 0.00, 手续费: 0.00, 风险度: 0.00%
    INFO - 日期: 2024-05-31, 账户权益: 10000000.00, 可用资金: 10000000.00, 浮动盈亏: 0.00, 持仓盈亏: 0.00, 平仓盈亏: 0.00, 市值: 0.00, 保证金: 0.00, 手续费: 0.00, 风险度: 0.00%
    INFO - 日期: 2024-06-03, 账户权益: 10000000.00, 可用资金: 10000000.00, 浮动盈亏: 0.00, 持仓盈亏: 0.00, 平仓盈亏: 0.00, 市值: 0.00, 保证金: 0.00, 手续费: 0.00, 风险度: 0.00%
    INFO - 日期: 2024-06-04, 账户权益: 10000000.00, 可用资金: 10000000.00, 浮动盈亏: 0.00, 持仓盈亏: 0.00, 平仓盈亏: 0.00, 市值: 0.00, 保证金: 0.00, 手续费: 0.00, 风险度: 0.00%
    INFO - 日期: 2024-06-05, 账户权益: 10000000.00, 可用资金: 10000000.00, 浮动盈亏: 0.00, 持仓盈亏: 0.00, 平仓盈亏: 0.00, 市值: 0.00, 保证金: 0.00, 手续费: 0.00, 风险度: 0.00%
    INFO - 日期: 2024-06-06, 账户权益: 10000000.00, 可用资金: 10000000.00, 浮动盈亏: 0.00, 持仓盈亏: 0.00, 平仓盈亏: 0.00, 市值: 0.00, 保证金: 0.00, 手续费: 0.00, 风险度: 0.00%
    INFO - 日期: 2024-06-07, 账户权益: 10000000.00, 可用资金: 10000000.00, 浮动盈亏: 0.00, 持仓盈亏: 0.00, 平仓盈亏: 0.00, 市值: 0.00, 保证金: 0.00, 手续费: 0.00, 风险度: 0.00%
    INFO - 日期: 2024-06-11, 账户权益: 10000000.00, 可用资金: 10000000.00, 浮动盈亏: 0.00, 持仓盈亏: 0.00, 平仓盈亏: 0.00, 市值: 0.00, 保证金: 0.00, 手续费: 0.00, 风险度: 0.00%
    INFO - 日期: 2024-06-12, 账户权益: 10000000.00, 可用资金: 10000000.00, 浮动盈亏: 0.00, 持仓盈亏: 0.00, 平仓盈亏: 0.00, 市值: 0.00, 保证金: 0.00, 手续费: 0.00, 风险度: 0.00%
    INFO - 日期: 2024-06-13, 账户权益: 10000000.00, 可用资金: 10000000.00, 浮动盈亏: 0.00, 持仓盈亏: 0.00, 平仓盈亏: 0.00, 市值: 0.00, 保证金: 0.00, 手续费: 0.00, 风险度: 0.00%
    INFO - 日期: 2024-06-14, 账户权益: 10000000.00, 可用资金: 10000000.00, 浮动盈亏: 0.00, 持仓盈亏: 0.00, 平仓盈亏: 0.00, 市值: 0.00, 保证金: 0.00, 手续费: 0.00, 风险度: 0.00%
    INFO - 日期: 2024-06-17, 账户权益: 10000000.00, 可用资金: 10000000.00, 浮动盈亏: 0.00, 持仓盈亏: 0.00, 平仓盈亏: 0.00, 市值: 0.00, 保证金: 0.00, 手续费: 0.00, 风险度: 0.00%
    INFO - 日期: 2024-06-18, 账户权益: 10000000.00, 可用资金: 10000000.00, 浮动盈亏: 0.00, 持仓盈亏: 0.00, 平仓盈亏: 0.00, 市值: 0.00, 保证金: 0.00, 手续费: 0.00, 风险度: 0.00%
    INFO - 日期: 2024-06-19, 账户权益: 10000000.00, 可用资金: 10000000.00, 浮动盈亏: 0.00, 持仓盈亏: 0.00, 平仓盈亏: 0.00, 市值: 0.00, 保证金: 0.00, 手续费: 0.00, 风险度: 0.00%
    INFO - 日期: 2024-06-20, 账户权益: 10000000.00, 可用资金: 10000000.00, 浮动盈亏: 0.00, 持仓盈亏: 0.00, 平仓盈亏: 0.00, 市值: 0.00, 保证金: 0.00, 手续费: 0.00, 风险度: 0.00%
    INFO - 日期: 2024-06-21, 账户权益: 10000000.00, 可用资金: 10000000.00, 浮动盈亏: 0.00, 持仓盈亏: 0.00, 平仓盈亏: 0.00, 市值: 0.00, 保证金: 0.00, 手续费: 0.00, 风险度: 0.00%
    INFO - 日期: 2024-06-24, 账户权益: 10000000.00, 可用资金: 10000000.00, 浮动盈亏: 0.00, 持仓盈亏: 0.00, 平仓盈亏: 0.00, 市值: 0.00, 保证金: 0.00, 手续费: 0.00, 风险度: 0.00%
    INFO - 日期: 2024-06-25, 账户权益: 10000000.00, 可用资金: 10000000.00, 浮动盈亏: 0.00, 持仓盈亏: 0.00, 平仓盈亏: 0.00, 市值: 0.00, 保证金: 0.00, 手续费: 0.00, 风险度: 0.00%
    INFO - 日期: 2024-06-26, 账户权益: 10000000.00, 可用资金: 10000000.00, 浮动盈亏: 0.00, 持仓盈亏: 0.00, 平仓盈亏: 0.00, 市值: 0.00, 保证金: 0.00, 手续费: 0.00, 风险度: 0.00%
    INFO - 日期: 2024-06-27, 账户权益: 10000000.00, 可用资金: 10000000.00, 浮动盈亏: 0.00, 持仓盈亏: 0.00, 平仓盈亏: 0.00, 市值: 0.00, 保证金: 0.00, 手续费: 0.00, 风险度: 0.00%
    INFO - 日期: 2024-06-28, 账户权益: 10000000.00, 可用资金: 10000000.00, 浮动盈亏: 0.00, 持仓盈亏: 0.00, 平仓盈亏: 0.00, 市值: 0.00, 保证金: 0.00, 手续费: 0.00, 风险度: 0.00%
    INFO - 日期: 2024-07-01, 账户权益: 10000000.00, 可用资金: 10000000.00, 浮动盈亏: 0.00, 持仓盈亏: 0.00, 平仓盈亏: 0.00, 市值: 0.00, 保证金: 0.00, 手续费: 0.00, 风险度: 0.00%
    INFO - 日期: 2024-07-02, 账户权益: 10000000.00, 可用资金: 10000000.00, 浮动盈亏: 0.00, 持仓盈亏: 0.00, 平仓盈亏: 0.00, 市值: 0.00, 保证金: 0.00, 手续费: 0.00, 风险度: 0.00%
    INFO - 日期: 2024-07-03, 账户权益: 10000000.00, 可用资金: 10000000.00, 浮动盈亏: 0.00, 持仓盈亏: 0.00, 平仓盈亏: 0.00, 市值: 0.00, 保证金: 0.00, 手续费: 0.00, 风险度: 0.00%
    INFO - 日期: 2024-07-04, 账户权益: 10000000.00, 可用资金: 10000000.00, 浮动盈亏: 0.00, 持仓盈亏: 0.00, 平仓盈亏: 0.00, 市值: 0.00, 保证金: 0.00, 手续费: 0.00, 风险度: 0.00%
    INFO - 日期: 2024-07-05, 账户权益: 10000000.00, 可用资金: 10000000.00, 浮动盈亏: 0.00, 持仓盈亏: 0.00, 平仓盈亏: 0.00, 市值: 0.00, 保证金: 0.00, 手续费: 0.00, 风险度: 0.00%
    INFO - 日期: 2024-07-08, 账户权益: 10000000.00, 可用资金: 10000000.00, 浮动盈亏: 0.00, 持仓盈亏: 0.00, 平仓盈亏: 0.00, 市值: 0.00, 保证金: 0.00, 手续费: 0.00, 风险度: 0.00%
    INFO - 日期: 2024-07-09, 账户权益: 10000000.00, 可用资金: 10000000.00, 浮动盈亏: 0.00, 持仓盈亏: 0.00, 平仓盈亏: 0.00, 市值: 0.00, 保证金: 0.00, 手续费: 0.00, 风险度: 0.00%
    INFO - 日期: 2024-07-10, 账户权益: 10000000.00, 可用资金: 10000000.00, 浮动盈亏: 0.00, 持仓盈亏: 0.00, 平仓盈亏: 0.00, 市值: 0.00, 保证金: 0.00, 手续费: 0.00, 风险度: 0.00%
    INFO - 日期: 2024-07-11, 账户权益: 10000000.00, 可用资金: 10000000.00, 浮动盈亏: 0.00, 持仓盈亏: 0.00, 平仓盈亏: 0.00, 市值: 0.00, 保证金: 0.00, 手续费: 0.00, 风险度: 0.00%
    INFO - 日期: 2024-07-12, 账户权益: 10000000.00, 可用资金: 10000000.00, 浮动盈亏: 0.00, 持仓盈亏: 0.00, 平仓盈亏: 0.00, 市值: 0.00, 保证金: 0.00, 手续费: 0.00, 风险度: 0.00%
    INFO - 日期: 2024-07-15, 账户权益: 10000000.00, 可用资金: 10000000.00, 浮动盈亏: 0.00, 持仓盈亏: 0.00, 平仓盈亏: 0.00, 市值: 0.00, 保证金: 0.00, 手续费: 0.00, 风险度: 0.00%
    INFO - 日期: 2024-07-16, 账户权益: 10000000.00, 可用资金: 10000000.00, 浮动盈亏: 0.00, 持仓盈亏: 0.00, 平仓盈亏: 0.00, 市值: 0.00, 保证金: 0.00, 手续费: 0.00, 风险度: 0.00%
    INFO - 日期: 2024-07-17, 账户权益: 10000000.00, 可用资金: 10000000.00, 浮动盈亏: 0.00, 持仓盈亏: 0.00, 平仓盈亏: 0.00, 市值: 0.00, 保证金: 0.00, 手续费: 0.00, 风险度: 0.00%
    INFO - 日期: 2024-07-18, 账户权益: 10000000.00, 可用资金: 10000000.00, 浮动盈亏: 0.00, 持仓盈亏: 0.00, 平仓盈亏: 0.00, 市值: 0.00, 保证金: 0.00, 手续费: 0.00, 风险度: 0.00%
    INFO - 日期: 2024-07-19, 账户权益: 10000000.00, 可用资金: 10000000.00, 浮动盈亏: 0.00, 持仓盈亏: 0.00, 平仓盈亏: 0.00, 市值: 0.00, 保证金: 0.00, 手续费: 0.00, 风险度: 0.00%
    INFO - 日期: 2024-07-22, 账户权益: 10000000.00, 可用资金: 10000000.00, 浮动盈亏: 0.00, 持仓盈亏: 0.00, 平仓盈亏: 0.00, 市值: 0.00, 保证金: 0.00, 手续费: 0.00, 风险度: 0.00%
    INFO - 日期: 2024-07-23, 账户权益: 10000000.00, 可用资金: 10000000.00, 浮动盈亏: 0.00, 持仓盈亏: 0.00, 平仓盈亏: 0.00, 市值: 0.00, 保证金: 0.00, 手续费: 0.00, 风险度: 0.00%
    INFO - 日期: 2024-07-24, 账户权益: 10000000.00, 可用资金: 10000000.00, 浮动盈亏: 0.00, 持仓盈亏: 0.00, 平仓盈亏: 0.00, 市值: 0.00, 保证金: 0.00, 手续费: 0.00, 风险度: 0.00%
    INFO - 日期: 2024-07-25, 账户权益: 10000000.00, 可用资金: 10000000.00, 浮动盈亏: 0.00, 持仓盈亏: 0.00, 平仓盈亏: 0.00, 市值: 0.00, 保证金: 0.00, 手续费: 0.00, 风险度: 0.00%
    INFO - 日期: 2024-07-26, 账户权益: 10000000.00, 可用资金: 10000000.00, 浮动盈亏: 0.00, 持仓盈亏: 0.00, 平仓盈亏: 0.00, 市值: 0.00, 保证金: 0.00, 手续费: 0.00, 风险度: 0.00%
    INFO - 日期: 2024-07-29, 账户权益: 10000000.00, 可用资金: 10000000.00, 浮动盈亏: 0.00, 持仓盈亏: 0.00, 平仓盈亏: 0.00, 市值: 0.00, 保证金: 0.00, 手续费: 0.00, 风险度: 0.00%
    INFO - 日期: 2024-07-30, 账户权益: 10000000.00, 可用资金: 10000000.00, 浮动盈亏: 0.00, 持仓盈亏: 0.00, 平仓盈亏: 0.00, 市值: 0.00, 保证金: 0.00, 手续费: 0.00, 风险度: 0.00%
    INFO - 日期: 2024-07-31, 账户权益: 10000000.00, 可用资金: 10000000.00, 浮动盈亏: 0.00, 持仓盈亏: 0.00, 平仓盈亏: 0.00, 市值: 0.00, 保证金: 0.00, 手续费: 0.00, 风险度: 0.00%
    INFO - 日期: 2024-08-01, 账户权益: 10000000.00, 可用资金: 10000000.00, 浮动盈亏: 0.00, 持仓盈亏: 0.00, 平仓盈亏: 0.00, 市值: 0.00, 保证金: 0.00, 手续费: 0.00, 风险度: 0.00%
    INFO - 日期: 2024-08-02, 账户权益: 10000000.00, 可用资金: 10000000.00, 浮动盈亏: 0.00, 持仓盈亏: 0.00, 平仓盈亏: 0.00, 市值: 0.00, 保证金: 0.00, 手续费: 0.00, 风险度: 0.00%
    INFO - 日期: 2024-08-05, 账户权益: 10000000.00, 可用资金: 10000000.00, 浮动盈亏: 0.00, 持仓盈亏: 0.00, 平仓盈亏: 0.00, 市值: 0.00, 保证金: 0.00, 手续费: 0.00, 风险度: 0.00%
    INFO - 日期: 2024-08-06, 账户权益: 10000000.00, 可用资金: 10000000.00, 浮动盈亏: 0.00, 持仓盈亏: 0.00, 平仓盈亏: 0.00, 市值: 0.00, 保证金: 0.00, 手续费: 0.00, 风险度: 0.00%
    INFO - 日期: 2024-08-07, 账户权益: 10000000.00, 可用资金: 10000000.00, 浮动盈亏: 0.00, 持仓盈亏: 0.00, 平仓盈亏: 0.00, 市值: 0.00, 保证金: 0.00, 手续费: 0.00, 风险度: 0.00%
    INFO - 胜率: 0.00%, 盈亏额比例: inf, 收益率: 0.00%, 年化收益率: 0.00%, 最大回撤: 0.00%, 年化夏普率: inf,年化索提诺比率: -15.8114
    INFO - 回测结束
extracted rank=81 lh2409.DCE DCE.lh2409 rows=18705 elapsed=19.76
    INFO - 模拟交易成交记录, 账户: TQSIM
    INFO - 模拟交易账户资金, 账户: TQSIM
    INFO - 日期: 2021-05-26, 账户权益: 10000000.00, 可用资金: 10000000.00, 浮动盈亏: 0.00, 持仓盈亏: 0.00, 平仓盈亏: 0.00, 市值: 0.00, 保证金: 0.00, 手续费: 0.00, 风险度: 0.00%
    INFO - 日期: 2021-05-27, 账户权益: 10000000.00, 可用资金: 10000000.00, 浮动盈亏: 0.00, 持仓盈亏: 0.00, 平仓盈亏: 0.00, 市值: 0.00, 保证金: 0.00, 手续费: 0.00, 风险度: 0.00%
    INFO - 日期: 2021-05-28, 账户权益: 10000000.00, 可用资金: 10000000.00, 浮动盈亏: 0.00, 持仓盈亏: 0.00, 平仓盈亏: 0.00, 市值: 0.00, 保证金: 0.00, 手续费: 0.00, 风险度: 0.00%
    INFO - 日期: 2021-05-31, 账户权益: 10000000.00, 可用资金: 10000000.00, 浮动盈亏: 0.00, 持仓盈亏: 0.00, 平仓盈亏: 0.00, 市值: 0.00, 保证金: 0.00, 手续费: 0.00, 风险度: 0.00%
    INFO - 日期: 2021-06-01, 账户权益: 10000000.00, 可用资金: 10000000.00, 浮动盈亏: 0.00, 持仓盈亏: 0.00, 平仓盈亏: 0.00, 市值: 0.00, 保证金: 0.00, 手续费: 0.00, 风险度: 0.00%
    INFO - 日期: 2021-06-02, 账户权益: 10000000.00, 可用资金: 10000000.00, 浮动盈亏: 0.00, 持仓盈亏: 0.00, 平仓盈亏: 0.00, 市值: 0.00, 保证金: 0.00, 手续费: 0.00, 风险度: 0.00%
    INFO - 日期: 2021-06-03, 账户权益: 10000000.00, 可用资金: 10000000.00, 浮动盈亏: 0.00, 持仓盈亏: 0.00, 平仓盈亏: 0.00, 市值: 0.00, 保证金: 0.00, 手续费: 0.00, 风险度: 0.00%
    INFO - 日期: 2021-06-04, 账户权益: 10000000.00, 可用资金: 10000000.00, 浮动盈亏: 0.00, 持仓盈亏: 0.00, 平仓盈亏: 0.00, 市值: 0.00, 保证金: 0.00, 手续费: 0.00, 风险度: 0.00%
    INFO - 日期: 2021-06-07, 账户权益: 10000000.00, 可用资金: 10000000.00, 浮动盈亏: 0.00, 持仓盈亏: 0.00, 平仓盈亏: 0.00, 市值: 0.00, 保证金: 0.00, 手续费: 0.00, 风险度: 0.00%
    INFO - 日期: 2021-06-08, 账户权益: 10000000.00, 可用资金: 10000000.00, 浮动盈亏: 0.00, 持仓盈亏: 0.00, 平仓盈亏: 0.00, 市值: 0.00, 保证金: 0.00, 手续费: 0.00, 风险度: 0.00%
    INFO - 日期: 2021-06-09, 账户权益: 10000000.00, 可用资金: 10000000.00, 浮动盈亏: 0.00, 持仓盈亏: 0.00, 平仓盈亏: 0.00, 市值: 0.00, 保证金: 0.00, 手续费: 0.00, 风险度: 0.00%
    INFO - 日期: 2021-06-10, 账户权益: 10000000.00, 可用资金: 10000000.00, 浮动盈亏: 0.00, 持仓盈亏: 0.00, 平仓盈亏: 0.00, 市值: 0.00, 保证金: 0.00, 手续费: 0.00, 风险度: 0.00%
    INFO - 日期: 2021-06-11, 账户权益: 10000000.00, 可用资金: 10000000.00, 浮动盈亏: 0.00, 持仓盈亏: 0.00, 平仓盈亏: 0.00, 市值: 0.00, 保证金: 0.00, 手续费: 0.00, 风险度: 0.00%
    INFO - 日期: 2021-06-15, 账户权益: 10000000.00, 可用资金: 10000000.00, 浮动盈亏: 0.00, 持仓盈亏: 0.00, 平仓盈亏: 0.00, 市值: 0.00, 保证金: 0.00, 手续费: 0.00, 风险度: 0.00%
    INFO - 日期: 2021-06-16, 账户权益: 10000000.00, 可用资金: 10000000.00, 浮动盈亏: 0.00, 持仓盈亏: 0.00, 平仓盈亏: 0.00, 市值: 0.00, 保证金: 0.00, 手续费: 0.00, 风险度: 0.00%
    INFO - 日期: 2021-06-17, 账户权益: 10000000.00, 可用资金: 10000000.00, 浮动盈亏: 0.00, 持仓盈亏: 0.00, 平仓盈亏: 0.00, 市值: 0.00, 保证金: 0.00, 手续费: 0.00, 风险度: 0.00%
    INFO - 日期: 2021-06-18, 账户权益: 10000000.00, 可用资金: 10000000.00, 浮动盈亏: 0.00, 持仓盈亏: 0.00, 平仓盈亏: 0.00, 市值: 0.00, 保证金: 0.00, 手续费: 0.00, 风险度: 0.00%
    INFO - 日期: 2021-06-21, 账户权益: 10000000.00, 可用资金: 10000000.00, 浮动盈亏: 0.00, 持仓盈亏: 0.00, 平仓盈亏: 0.00, 市值: 0.00, 保证金: 0.00, 手续费: 0.00, 风险度: 0.00%
    INFO - 日期: 2021-06-22, 账户权益: 10000000.00, 可用资金: 10000000.00, 浮动盈亏: 0.00, 持仓盈亏: 0.00, 平仓盈亏: 0.00, 市值: 0.00, 保证金: 0.00, 手续费: 0.00, 风险度: 0.00%
    INFO - 日期: 2021-06-23, 账户权益: 10000000.00, 可用资金: 10000000.00, 浮动盈亏: 0.00, 持仓盈亏: 0.00, 平仓盈亏: 0.00, 市值: 0.00, 保证金: 0.00, 手续费: 0.00, 风险度: 0.00%
    INFO - 日期: 2021-06-24, 账户权益: 10000000.00, 可用资金: 10000000.00, 浮动盈亏: 0.00, 持仓盈亏: 0.00, 平仓盈亏: 0.00, 市值: 0.00, 保证金: 0.00, 手续费: 0.00, 风险度: 0.00%
    INFO - 日期: 2021-06-25, 账户权益: 10000000.00, 可用资金: 10000000.00, 浮动盈亏: 0.00, 持仓盈亏: 0.00, 平仓盈亏: 0.00, 市值: 0.00, 保证金: 0.00, 手续费: 0.00, 风险度: 0.00%
    INFO - 日期: 2021-06-28, 账户权益: 10000000.00, 可用资金: 10000000.00, 浮动盈亏: 0.00, 持仓盈亏: 0.00, 平仓盈亏: 0.00, 市值: 0.00, 保证金: 0.00, 手续费: 0.00, 风险度: 0.00%
    INFO - 日期: 2021-06-29, 账户权益: 10000000.00, 可用资金: 10000000.00, 浮动盈亏: 0.00, 持仓盈亏: 0.00, 平仓盈亏: 0.00, 市值: 0.00, 保证金: 0.00, 手续费: 0.00, 风险度: 0.00%
    INFO - 日期: 2021-06-30, 账户权益: 10000000.00, 可用资金: 10000000.00, 浮动盈亏: 0.00, 持仓盈亏: 0.00, 平仓盈亏: 0.00, 市值: 0.00, 保证金: 0.00, 手续费: 0.00, 风险度: 0.00%
    INFO - 日期: 2021-07-01, 账户权益: 10000000.00, 可用资金: 10000000.00, 浮动盈亏: 0.00, 持仓盈亏: 0.00, 平仓盈亏: 0.00, 市值: 0.00, 保证金: 0.00, 手续费: 0.00, 风险度: 0.00%
    INFO - 日期: 2021-07-02, 账户权益: 10000000.00, 可用资金: 10000000.00, 浮动盈亏: 0.00, 持仓盈亏: 0.00, 平仓盈亏: 0.00, 市值: 0.00, 保证金: 0.00, 手续费: 0.00, 风险度: 0.00%
    INFO - 日期: 2021-07-05, 账户权益: 10000000.00, 可用资金: 10000000.00, 浮动盈亏: 0.00, 持仓盈亏: 0.00, 平仓盈亏: 0.00, 市值: 0.00, 保证金: 0.00, 手续费: 0.00, 风险度: 0.00%
    INFO - 日期: 2021-07-06, 账户权益: 10000000.00, 可用资金: 10000000.00, 浮动盈亏: 0.00, 持仓盈亏: 0.00, 平仓盈亏: 0.00, 市值: 0.00, 保证金: 0.00, 手续费: 0.00, 风险度: 0.00%
    INFO - 日期: 2021-07-07, 账户权益: 10000000.00, 可用资金: 10000000.00, 浮动盈亏: 0.00, 持仓盈亏: 0.00, 平仓盈亏: 0.00, 市值: 0.00, 保证金: 0.00, 手续费: 0.00, 风险度: 0.00%
    INFO - 日期: 2021-07-08, 账户权益: 10000000.00, 可用资金: 10000000.00, 浮动盈亏: 0.00, 持仓盈亏: 0.00, 平仓盈亏: 0.00, 市值: 0.00, 保证金: 0.00, 手续费: 0.00, 风险度: 0.00%
    INFO - 日期: 2021-07-09, 账户权益: 10000000.00, 可用资金: 10000000.00, 浮动盈亏: 0.00, 持仓盈亏: 0.00, 平仓盈亏: 0.00, 市值: 0.00, 保证金: 0.00, 手续费: 0.00, 风险度: 0.00%
    INFO - 日期: 2021-07-12, 账户权益: 10000000.00, 可用资金: 10000000.00, 浮动盈亏: 0.00, 持仓盈亏: 0.00, 平仓盈亏: 0.00, 市值: 0.00, 保证金: 0.00, 手续费: 0.00, 风险度: 0.00%
    INFO - 日期: 2021-07-13, 账户权益: 10000000.00, 可用资金: 10000000.00, 浮动盈亏: 0.00, 持仓盈亏: 0.00, 平仓盈亏: 0.00, 市值: 0.00, 保证金: 0.00, 手续费: 0.00, 风险度: 0.00%
    INFO - 日期: 2021-07-14, 账户权益: 10000000.00, 可用资金: 10000000.00, 浮动盈亏: 0.00, 持仓盈亏: 0.00, 平仓盈亏: 0.00, 市值: 0.00, 保证金: 0.00, 手续费: 0.00, 风险度: 0.00%
    INFO - 日期: 2021-07-15, 账户权益: 10000000.00, 可用资金: 10000000.00, 浮动盈亏: 0.00, 持仓盈亏: 0.00, 平仓盈亏: 0.00, 市值: 0.00, 保证金: 0.00, 手续费: 0.00, 风险度: 0.00%
    INFO - 日期: 2021-07-16, 账户权益: 10000000.00, 可用资金: 10000000.00, 浮动盈亏: 0.00, 持仓盈亏: 0.00, 平仓盈亏: 0.00, 市值: 0.00, 保证金: 0.00, 手续费: 0.00, 风险度: 0.00%
    INFO - 日期: 2021-07-19, 账户权益: 10000000.00, 可用资金: 10000000.00, 浮动盈亏: 0.00, 持仓盈亏: 0.00, 平仓盈亏: 0.00, 市值: 0.00, 保证金: 0.00, 手续费: 0.00, 风险度: 0.00%
    INFO - 日期: 2021-07-20, 账户权益: 10000000.00, 可用资金: 10000000.00, 浮动盈亏: 0.00, 持仓盈亏: 0.00, 平仓盈亏: 0.00, 市值: 0.00, 保证金: 0.00, 手续费: 0.00, 风险度: 0.00%
    INFO - 日期: 2021-07-21, 账户权益: 10000000.00, 可用资金: 10000000.00, 浮动盈亏: 0.00, 持仓盈亏: 0.00, 平仓盈亏: 0.00, 市值: 0.00, 保证金: 0.00, 手续费: 0.00, 风险度: 0.00%
    INFO - 日期: 2021-07-22, 账户权益: 10000000.00, 可用资金: 10000000.00, 浮动盈亏: 0.00, 持仓盈亏: 0.00, 平仓盈亏: 0.00, 市值: 0.00, 保证金: 0.00, 手续费: 0.00, 风险度: 0.00%
    INFO - 日期: 2021-07-23, 账户权益: 10000000.00, 可用资金: 10000000.00, 浮动盈亏: 0.00, 持仓盈亏: 0.00, 平仓盈亏: 0.00, 市值: 0.00, 保证金: 0.00, 手续费: 0.00, 风险度: 0.00%
    INFO - 日期: 2021-07-26, 账户权益: 10000000.00, 可用资金: 10000000.00, 浮动盈亏: 0.00, 持仓盈亏: 0.00, 平仓盈亏: 0.00, 市值: 0.00, 保证金: 0.00, 手续费: 0.00, 风险度: 0.00%
    INFO - 日期: 2021-07-27, 账户权益: 10000000.00, 可用资金: 10000000.00, 浮动盈亏: 0.00, 持仓盈亏: 0.00, 平仓盈亏: 0.00, 市值: 0.00, 保证金: 0.00, 手续费: 0.00, 风险度: 0.00%
    INFO - 胜率: 0.00%, 盈亏额比例: inf, 收益率: 0.00%, 年化收益率: 0.00%, 最大回撤: 0.00%, 年化夏普率: inf,年化索提诺比率: -15.8114
    INFO - 回测结束
extracted rank=82 AP110.CZCE CZCE.AP110 rows=9480 elapsed=11.3
cached_raw rank=83 jm2509.DCE DCE.jm2509 rows=4980 elapsed=0.0
cached_raw rank=84 lc2505.GFEX GFEX.lc2505 rows=12614 elapsed=0.0
cached_raw rank=85 lh2401.DCE DCE.lh2401 rows=30 elapsed=0.0
cached_raw rank=86 lc2605.GFEX GFEX.lc2605 rows=30 elapsed=0.0
    INFO - 模拟交易成交记录, 账户: TQSIM
    INFO - 模拟交易账户资金, 账户: TQSIM
    INFO - 日期: 2024-10-30, 账户权益: 10000000.00, 可用资金: 10000000.00, 浮动盈亏: 0.00, 持仓盈亏: 0.00, 平仓盈亏: 0.00, 市值: 0.00, 保证金: 0.00, 手续费: 0.00, 风险度: 0.00%
    INFO - 日期: 2024-10-31, 账户权益: 10000000.00, 可用资金: 10000000.00, 浮动盈亏: 0.00, 持仓盈亏: 0.00, 平仓盈亏: 0.00, 市值: 0.00, 保证金: 0.00, 手续费: 0.00, 风险度: 0.00%
    INFO - 日期: 2024-11-01, 账户权益: 10000000.00, 可用资金: 10000000.00, 浮动盈亏: 0.00, 持仓盈亏: 0.00, 平仓盈亏: 0.00, 市值: 0.00, 保证金: 0.00, 手续费: 0.00, 风险度: 0.00%
    INFO - 日期: 2024-11-04, 账户权益: 10000000.00, 可用资金: 10000000.00, 浮动盈亏: 0.00, 持仓盈亏: 0.00, 平仓盈亏: 0.00, 市值: 0.00, 保证金: 0.00, 手续费: 0.00, 风险度: 0.00%
    INFO - 日期: 2024-11-05, 账户权益: 10000000.00, 可用资金: 10000000.00, 浮动盈亏: 0.00, 持仓盈亏: 0.00, 平仓盈亏: 0.00, 市值: 0.00, 保证金: 0.00, 手续费: 0.00, 风险度: 0.00%
    INFO - 日期: 2024-11-06, 账户权益: 10000000.00, 可用资金: 10000000.00, 浮动盈亏: 0.00, 持仓盈亏: 0.00, 平仓盈亏: 0.00, 市值: 0.00, 保证金: 0.00, 手续费: 0.00, 风险度: 0.00%
    INFO - 日期: 2024-11-07, 账户权益: 10000000.00, 可用资金: 10000000.00, 浮动盈亏: 0.00, 持仓盈亏: 0.00, 平仓盈亏: 0.00, 市值: 0.00, 保证金: 0.00, 手续费: 0.00, 风险度: 0.00%
    INFO - 日期: 2024-11-08, 账户权益: 10000000.00, 可用资金: 10000000.00, 浮动盈亏: 0.00, 持仓盈亏: 0.00, 平仓盈亏: 0.00, 市值: 0.00, 保证金: 0.00, 手续费: 0.00, 风险度: 0.00%
    INFO - 日期: 2024-11-11, 账户权益: 10000000.00, 可用资金: 10000000.00, 浮动盈亏: 0.00, 持仓盈亏: 0.00, 平仓盈亏: 0.00, 市值: 0.00, 保证金: 0.00, 手续费: 0.00, 风险度: 0.00%
    INFO - 日期: 2024-11-12, 账户权益: 10000000.00, 可用资金: 10000000.00, 浮动盈亏: 0.00, 持仓盈亏: 0.00, 平仓盈亏: 0.00, 市值: 0.00, 保证金: 0.00, 手续费: 0.00, 风险度: 0.00%
    INFO - 日期: 2024-11-13, 账户权益: 10000000.00, 可用资金: 10000000.00, 浮动盈亏: 0.00, 持仓盈亏: 0.00, 平仓盈亏: 0.00, 市值: 0.00, 保证金: 0.00, 手续费: 0.00, 风险度: 0.00%
    INFO - 日期: 2024-11-14, 账户权益: 10000000.00, 可用资金: 10000000.00, 浮动盈亏: 0.00, 持仓盈亏: 0.00, 平仓盈亏: 0.00, 市值: 0.00, 保证金: 0.00, 手续费: 0.00, 风险度: 0.00%
    INFO - 日期: 2024-11-15, 账户权益: 10000000.00, 可用资金: 10000000.00, 浮动盈亏: 0.00, 持仓盈亏: 0.00, 平仓盈亏: 0.00, 市值: 0.00, 保证金: 0.00, 手续费: 0.00, 风险度: 0.00%
    INFO - 日期: 2024-11-18, 账户权益: 10000000.00, 可用资金: 10000000.00, 浮动盈亏: 0.00, 持仓盈亏: 0.00, 平仓盈亏: 0.00, 市值: 0.00, 保证金: 0.00, 手续费: 0.00, 风险度: 0.00%
    INFO - 日期: 2024-11-19, 账户权益: 10000000.00, 可用资金: 10000000.00, 浮动盈亏: 0.00, 持仓盈亏: 0.00, 平仓盈亏: 0.00, 市值: 0.00, 保证金: 0.00, 手续费: 0.00, 风险度: 0.00%
    INFO - 日期: 2024-11-20, 账户权益: 10000000.00, 可用资金: 10000000.00, 浮动盈亏: 0.00, 持仓盈亏: 0.00, 平仓盈亏: 0.00, 市值: 0.00, 保证金: 0.00, 手续费: 0.00, 风险度: 0.00%
    INFO - 日期: 2024-11-21, 账户权益: 10000000.00, 可用资金: 10000000.00, 浮动盈亏: 0.00, 持仓盈亏: 0.00, 平仓盈亏: 0.00, 市值: 0.00, 保证金: 0.00, 手续费: 0.00, 风险度: 0.00%
    INFO - 日期: 2024-11-22, 账户权益: 10000000.00, 可用资金: 10000000.00, 浮动盈亏: 0.00, 持仓盈亏: 0.00, 平仓盈亏: 0.00, 市值: 0.00, 保证金: 0.00, 手续费: 0.00, 风险度: 0.00%
    INFO - 日期: 2024-11-25, 账户权益: 10000000.00, 可用资金: 10000000.00, 浮动盈亏: 0.00, 持仓盈亏: 0.00, 平仓盈亏: 0.00, 市值: 0.00, 保证金: 0.00, 手续费: 0.00, 风险度: 0.00%
    INFO - 日期: 2024-11-26, 账户权益: 10000000.00, 可用资金: 10000000.00, 浮动盈亏: 0.00, 持仓盈亏: 0.00, 平仓盈亏: 0.00, 市值: 0.00, 保证金: 0.00, 手续费: 0.00, 风险度: 0.00%
    INFO - 日期: 2024-11-27, 账户权益: 10000000.00, 可用资金: 10000000.00, 浮动盈亏: 0.00, 持仓盈亏: 0.00, 平仓盈亏: 0.00, 市值: 0.00, 保证金: 0.00, 手续费: 0.00, 风险度: 0.00%
    INFO - 日期: 2024-11-28, 账户权益: 10000000.00, 可用资金: 10000000.00, 浮动盈亏: 0.00, 持仓盈亏: 0.00, 平仓盈亏: 0.00, 市值: 0.00, 保证金: 0.00, 手续费: 0.00, 风险度: 0.00%
    INFO - 日期: 2024-11-29, 账户权益: 10000000.00, 可用资金: 10000000.00, 浮动盈亏: 0.00, 持仓盈亏: 0.00, 平仓盈亏: 0.00, 市值: 0.00, 保证金: 0.00, 手续费: 0.00, 风险度: 0.00%
    INFO - 日期: 2024-12-02, 账户权益: 10000000.00, 可用资金: 10000000.00, 浮动盈亏: 0.00, 持仓盈亏: 0.00, 平仓盈亏: 0.00, 市值: 0.00, 保证金: 0.00, 手续费: 0.00, 风险度: 0.00%
    INFO - 日期: 2024-12-03, 账户权益: 10000000.00, 可用资金: 10000000.00, 浮动盈亏: 0.00, 持仓盈亏: 0.00, 平仓盈亏: 0.00, 市值: 0.00, 保证金: 0.00, 手续费: 0.00, 风险度: 0.00%
    INFO - 日期: 2024-12-04, 账户权益: 10000000.00, 可用资金: 10000000.00, 浮动盈亏: 0.00, 持仓盈亏: 0.00, 平仓盈亏: 0.00, 市值: 0.00, 保证金: 0.00, 手续费: 0.00, 风险度: 0.00%
    INFO - 日期: 2024-12-05, 账户权益: 10000000.00, 可用资金: 10000000.00, 浮动盈亏: 0.00, 持仓盈亏: 0.00, 平仓盈亏: 0.00, 市值: 0.00, 保证金: 0.00, 手续费: 0.00, 风险度: 0.00%
    INFO - 日期: 2024-12-06, 账户权益: 10000000.00, 可用资金: 10000000.00, 浮动盈亏: 0.00, 持仓盈亏: 0.00, 平仓盈亏: 0.00, 市值: 0.00, 保证金: 0.00, 手续费: 0.00, 风险度: 0.00%
    INFO - 日期: 2024-12-09, 账户权益: 10000000.00, 可用资金: 10000000.00, 浮动盈亏: 0.00, 持仓盈亏: 0.00, 平仓盈亏: 0.00, 市值: 0.00, 保证金: 0.00, 手续费: 0.00, 风险度: 0.00%
    INFO - 日期: 2024-12-10, 账户权益: 10000000.00, 可用资金: 10000000.00, 浮动盈亏: 0.00, 持仓盈亏: 0.00, 平仓盈亏: 0.00, 市值: 0.00, 保证金: 0.00, 手续费: 0.00, 风险度: 0.00%
    INFO - 胜率: 0.00%, 盈亏额比例: inf, 收益率: 0.00%, 年化收益率: 0.00%, 最大回撤: 0.00%, 年化夏普率: inf,年化索提诺比率: -15.8114
    INFO - 回测结束
extracted rank=87 AP501.CZCE CZCE.AP501 rows=6330 elapsed=8.59
    INFO - 模拟交易成交记录, 账户: TQSIM
    INFO - 模拟交易账户资金, 账户: TQSIM
    INFO - 日期: 2022-12-29, 账户权益: 10000000.00, 可用资金: 10000000.00, 浮动盈亏: 0.00, 持仓盈亏: 0.00, 平仓盈亏: 0.00, 市值: 0.00, 保证金: 0.00, 手续费: 0.00, 风险度: 0.00%
    INFO - 日期: 2022-12-30, 账户权益: 10000000.00, 可用资金: 10000000.00, 浮动盈亏: 0.00, 持仓盈亏: 0.00, 平仓盈亏: 0.00, 市值: 0.00, 保证金: 0.00, 手续费: 0.00, 风险度: 0.00%
    INFO - 日期: 2023-01-03, 账户权益: 10000000.00, 可用资金: 10000000.00, 浮动盈亏: 0.00, 持仓盈亏: 0.00, 平仓盈亏: 0.00, 市值: 0.00, 保证金: 0.00, 手续费: 0.00, 风险度: 0.00%
    INFO - 日期: 2023-01-04, 账户权益: 10000000.00, 可用资金: 10000000.00, 浮动盈亏: 0.00, 持仓盈亏: 0.00, 平仓盈亏: 0.00, 市值: 0.00, 保证金: 0.00, 手续费: 0.00, 风险度: 0.00%
    INFO - 日期: 2023-01-05, 账户权益: 10000000.00, 可用资金: 10000000.00, 浮动盈亏: 0.00, 持仓盈亏: 0.00, 平仓盈亏: 0.00, 市值: 0.00, 保证金: 0.00, 手续费: 0.00, 风险度: 0.00%
    INFO - 日期: 2023-01-06, 账户权益: 10000000.00, 可用资金: 10000000.00, 浮动盈亏: 0.00, 持仓盈亏: 0.00, 平仓盈亏: 0.00, 市值: 0.00, 保证金: 0.00, 手续费: 0.00, 风险度: 0.00%
    INFO - 日期: 2023-01-09, 账户权益: 10000000.00, 可用资金: 10000000.00, 浮动盈亏: 0.00, 持仓盈亏: 0.00, 平仓盈亏: 0.00, 市值: 0.00, 保证金: 0.00, 手续费: 0.00, 风险度: 0.00%
    INFO - 日期: 2023-01-10, 账户权益: 10000000.00, 可用资金: 10000000.00, 浮动盈亏: 0.00, 持仓盈亏: 0.00, 平仓盈亏: 0.00, 市值: 0.00, 保证金: 0.00, 手续费: 0.00, 风险度: 0.00%
    INFO - 日期: 2023-01-11, 账户权益: 10000000.00, 可用资金: 10000000.00, 浮动盈亏: 0.00, 持仓盈亏: 0.00, 平仓盈亏: 0.00, 市值: 0.00, 保证金: 0.00, 手续费: 0.00, 风险度: 0.00%
    INFO - 日期: 2023-01-12, 账户权益: 10000000.00, 可用资金: 10000000.00, 浮动盈亏: 0.00, 持仓盈亏: 0.00, 平仓盈亏: 0.00, 市值: 0.00, 保证金: 0.00, 手续费: 0.00, 风险度: 0.00%
    INFO - 日期: 2023-01-13, 账户权益: 10000000.00, 可用资金: 10000000.00, 浮动盈亏: 0.00, 持仓盈亏: 0.00, 平仓盈亏: 0.00, 市值: 0.00, 保证金: 0.00, 手续费: 0.00, 风险度: 0.00%
    INFO - 日期: 2023-01-16, 账户权益: 10000000.00, 可用资金: 10000000.00, 浮动盈亏: 0.00, 持仓盈亏: 0.00, 平仓盈亏: 0.00, 市值: 0.00, 保证金: 0.00, 手续费: 0.00, 风险度: 0.00%
    INFO - 日期: 2023-01-17, 账户权益: 10000000.00, 可用资金: 10000000.00, 浮动盈亏: 0.00, 持仓盈亏: 0.00, 平仓盈亏: 0.00, 市值: 0.00, 保证金: 0.00, 手续费: 0.00, 风险度: 0.00%
    INFO - 日期: 2023-01-18, 账户权益: 10000000.00, 可用资金: 10000000.00, 浮动盈亏: 0.00, 持仓盈亏: 0.00, 平仓盈亏: 0.00, 市值: 0.00, 保证金: 0.00, 手续费: 0.00, 风险度: 0.00%
    INFO - 日期: 2023-01-19, 账户权益: 10000000.00, 可用资金: 10000000.00, 浮动盈亏: 0.00, 持仓盈亏: 0.00, 平仓盈亏: 0.00, 市值: 0.00, 保证金: 0.00, 手续费: 0.00, 风险度: 0.00%
    INFO - 日期: 2023-01-20, 账户权益: 10000000.00, 可用资金: 10000000.00, 浮动盈亏: 0.00, 持仓盈亏: 0.00, 平仓盈亏: 0.00, 市值: 0.00, 保证金: 0.00, 手续费: 0.00, 风险度: 0.00%
    INFO - 日期: 2023-01-30, 账户权益: 10000000.00, 可用资金: 10000000.00, 浮动盈亏: 0.00, 持仓盈亏: 0.00, 平仓盈亏: 0.00, 市值: 0.00, 保证金: 0.00, 手续费: 0.00, 风险度: 0.00%
    INFO - 日期: 2023-01-31, 账户权益: 10000000.00, 可用资金: 10000000.00, 浮动盈亏: 0.00, 持仓盈亏: 0.00, 平仓盈亏: 0.00, 市值: 0.00, 保证金: 0.00, 手续费: 0.00, 风险度: 0.00%
    INFO - 日期: 2023-02-01, 账户权益: 10000000.00, 可用资金: 10000000.00, 浮动盈亏: 0.00, 持仓盈亏: 0.00, 平仓盈亏: 0.00, 市值: 0.00, 保证金: 0.00, 手续费: 0.00, 风险度: 0.00%
    INFO - 日期: 2023-02-02, 账户权益: 10000000.00, 可用资金: 10000000.00, 浮动盈亏: 0.00, 持仓盈亏: 0.00, 平仓盈亏: 0.00, 市值: 0.00, 保证金: 0.00, 手续费: 0.00, 风险度: 0.00%
    INFO - 日期: 2023-02-03, 账户权益: 10000000.00, 可用资金: 10000000.00, 浮动盈亏: 0.00, 持仓盈亏: 0.00, 平仓盈亏: 0.00, 市值: 0.00, 保证金: 0.00, 手续费: 0.00, 风险度: 0.00%
    INFO - 日期: 2023-02-06, 账户权益: 10000000.00, 可用资金: 10000000.00, 浮动盈亏: 0.00, 持仓盈亏: 0.00, 平仓盈亏: 0.00, 市值: 0.00, 保证金: 0.00, 手续费: 0.00, 风险度: 0.00%
    INFO - 日期: 2023-02-07, 账户权益: 10000000.00, 可用资金: 10000000.00, 浮动盈亏: 0.00, 持仓盈亏: 0.00, 平仓盈亏: 0.00, 市值: 0.00, 保证金: 0.00, 手续费: 0.00, 风险度: 0.00%
    INFO - 日期: 2023-02-08, 账户权益: 10000000.00, 可用资金: 10000000.00, 浮动盈亏: 0.00, 持仓盈亏: 0.00, 平仓盈亏: 0.00, 市值: 0.00, 保证金: 0.00, 手续费: 0.00, 风险度: 0.00%
    INFO - 日期: 2023-02-09, 账户权益: 10000000.00, 可用资金: 10000000.00, 浮动盈亏: 0.00, 持仓盈亏: 0.00, 平仓盈亏: 0.00, 市值: 0.00, 保证金: 0.00, 手续费: 0.00, 风险度: 0.00%
    INFO - 日期: 2023-02-10, 账户权益: 10000000.00, 可用资金: 10000000.00, 浮动盈亏: 0.00, 持仓盈亏: 0.00, 平仓盈亏: 0.00, 市值: 0.00, 保证金: 0.00, 手续费: 0.00, 风险度: 0.00%
    INFO - 日期: 2023-02-13, 账户权益: 10000000.00, 可用资金: 10000000.00, 浮动盈亏: 0.00, 持仓盈亏: 0.00, 平仓盈亏: 0.00, 市值: 0.00, 保证金: 0.00, 手续费: 0.00, 风险度: 0.00%
    INFO - 日期: 2023-02-14, 账户权益: 10000000.00, 可用资金: 10000000.00, 浮动盈亏: 0.00, 持仓盈亏: 0.00, 平仓盈亏: 0.00, 市值: 0.00, 保证金: 0.00, 手续费: 0.00, 风险度: 0.00%
    INFO - 日期: 2023-02-15, 账户权益: 10000000.00, 可用资金: 10000000.00, 浮动盈亏: 0.00, 持仓盈亏: 0.00, 平仓盈亏: 0.00, 市值: 0.00, 保证金: 0.00, 手续费: 0.00, 风险度: 0.00%
    INFO - 日期: 2023-02-16, 账户权益: 10000000.00, 可用资金: 10000000.00, 浮动盈亏: 0.00, 持仓盈亏: 0.00, 平仓盈亏: 0.00, 市值: 0.00, 保证金: 0.00, 手续费: 0.00, 风险度: 0.00%
    INFO - 日期: 2023-02-17, 账户权益: 10000000.00, 可用资金: 10000000.00, 浮动盈亏: 0.00, 持仓盈亏: 0.00, 平仓盈亏: 0.00, 市值: 0.00, 保证金: 0.00, 手续费: 0.00, 风险度: 0.00%
    INFO - 日期: 2023-02-20, 账户权益: 10000000.00, 可用资金: 10000000.00, 浮动盈亏: 0.00, 持仓盈亏: 0.00, 平仓盈亏: 0.00, 市值: 0.00, 保证金: 0.00, 手续费: 0.00, 风险度: 0.00%
    INFO - 日期: 2023-02-21, 账户权益: 10000000.00, 可用资金: 10000000.00, 浮动盈亏: 0.00, 持仓盈亏: 0.00, 平仓盈亏: 0.00, 市值: 0.00, 保证金: 0.00, 手续费: 0.00, 风险度: 0.00%
    INFO - 日期: 2023-02-22, 账户权益: 10000000.00, 可用资金: 10000000.00, 浮动盈亏: 0.00, 持仓盈亏: 0.00, 平仓盈亏: 0.00, 市值: 0.00, 保证金: 0.00, 手续费: 0.00, 风险度: 0.00%
    INFO - 日期: 2023-02-23, 账户权益: 10000000.00, 可用资金: 10000000.00, 浮动盈亏: 0.00, 持仓盈亏: 0.00, 平仓盈亏: 0.00, 市值: 0.00, 保证金: 0.00, 手续费: 0.00, 风险度: 0.00%
    INFO - 日期: 2023-02-24, 账户权益: 10000000.00, 可用资金: 10000000.00, 浮动盈亏: 0.00, 持仓盈亏: 0.00, 平仓盈亏: 0.00, 市值: 0.00, 保证金: 0.00, 手续费: 0.00, 风险度: 0.00%
    INFO - 日期: 2023-02-27, 账户权益: 10000000.00, 可用资金: 10000000.00, 浮动盈亏: 0.00, 持仓盈亏: 0.00, 平仓盈亏: 0.00, 市值: 0.00, 保证金: 0.00, 手续费: 0.00, 风险度: 0.00%
    INFO - 日期: 2023-02-28, 账户权益: 10000000.00, 可用资金: 10000000.00, 浮动盈亏: 0.00, 持仓盈亏: 0.00, 平仓盈亏: 0.00, 市值: 0.00, 保证金: 0.00, 手续费: 0.00, 风险度: 0.00%
    INFO - 日期: 2023-03-01, 账户权益: 10000000.00, 可用资金: 10000000.00, 浮动盈亏: 0.00, 持仓盈亏: 0.00, 平仓盈亏: 0.00, 市值: 0.00, 保证金: 0.00, 手续费: 0.00, 风险度: 0.00%
    INFO - 日期: 2023-03-02, 账户权益: 10000000.00, 可用资金: 10000000.00, 浮动盈亏: 0.00, 持仓盈亏: 0.00, 平仓盈亏: 0.00, 市值: 0.00, 保证金: 0.00, 手续费: 0.00, 风险度: 0.00%
    INFO - 胜率: 0.00%, 盈亏额比例: inf, 收益率: 0.00%, 年化收益率: 0.00%, 最大回撤: 0.00%, 年化夏普率: inf,年化索提诺比率: -15.8114
    INFO - 回测结束
extracted rank=88 AP305.CZCE CZCE.AP305 rows=8580 elapsed=10.78
    INFO - 模拟交易成交记录, 账户: TQSIM
    INFO - 模拟交易账户资金, 账户: TQSIM
    INFO - 日期: 2021-10-29, 账户权益: 10000000.00, 可用资金: 10000000.00, 浮动盈亏: 0.00, 持仓盈亏: 0.00, 平仓盈亏: 0.00, 市值: 0.00, 保证金: 0.00, 手续费: 0.00, 风险度: 0.00%
    INFO - 日期: 2021-11-01, 账户权益: 10000000.00, 可用资金: 10000000.00, 浮动盈亏: 0.00, 持仓盈亏: 0.00, 平仓盈亏: 0.00, 市值: 0.00, 保证金: 0.00, 手续费: 0.00, 风险度: 0.00%
    INFO - 日期: 2021-11-02, 账户权益: 10000000.00, 可用资金: 10000000.00, 浮动盈亏: 0.00, 持仓盈亏: 0.00, 平仓盈亏: 0.00, 市值: 0.00, 保证金: 0.00, 手续费: 0.00, 风险度: 0.00%
    INFO - 日期: 2021-11-03, 账户权益: 10000000.00, 可用资金: 10000000.00, 浮动盈亏: 0.00, 持仓盈亏: 0.00, 平仓盈亏: 0.00, 市值: 0.00, 保证金: 0.00, 手续费: 0.00, 风险度: 0.00%
    INFO - 日期: 2021-11-04, 账户权益: 10000000.00, 可用资金: 10000000.00, 浮动盈亏: 0.00, 持仓盈亏: 0.00, 平仓盈亏: 0.00, 市值: 0.00, 保证金: 0.00, 手续费: 0.00, 风险度: 0.00%
    INFO - 日期: 2021-11-05, 账户权益: 10000000.00, 可用资金: 10000000.00, 浮动盈亏: 0.00, 持仓盈亏: 0.00, 平仓盈亏: 0.00, 市值: 0.00, 保证金: 0.00, 手续费: 0.00, 风险度: 0.00%
    INFO - 日期: 2021-11-08, 账户权益: 10000000.00, 可用资金: 10000000.00, 浮动盈亏: 0.00, 持仓盈亏: 0.00, 平仓盈亏: 0.00, 市值: 0.00, 保证金: 0.00, 手续费: 0.00, 风险度: 0.00%
    INFO - 日期: 2021-11-09, 账户权益: 10000000.00, 可用资金: 10000000.00, 浮动盈亏: 0.00, 持仓盈亏: 0.00, 平仓盈亏: 0.00, 市值: 0.00, 保证金: 0.00, 手续费: 0.00, 风险度: 0.00%
    INFO - 日期: 2021-11-10, 账户权益: 10000000.00, 可用资金: 10000000.00, 浮动盈亏: 0.00, 持仓盈亏: 0.00, 平仓盈亏: 0.00, 市值: 0.00, 保证金: 0.00, 手续费: 0.00, 风险度: 0.00%
    INFO - 日期: 2021-11-11, 账户权益: 10000000.00, 可用资金: 10000000.00, 浮动盈亏: 0.00, 持仓盈亏: 0.00, 平仓盈亏: 0.00, 市值: 0.00, 保证金: 0.00, 手续费: 0.00, 风险度: 0.00%
    INFO - 日期: 2021-11-12, 账户权益: 10000000.00, 可用资金: 10000000.00, 浮动盈亏: 0.00, 持仓盈亏: 0.00, 平仓盈亏: 0.00, 市值: 0.00, 保证金: 0.00, 手续费: 0.00, 风险度: 0.00%
    INFO - 日期: 2021-11-15, 账户权益: 10000000.00, 可用资金: 10000000.00, 浮动盈亏: 0.00, 持仓盈亏: 0.00, 平仓盈亏: 0.00, 市值: 0.00, 保证金: 0.00, 手续费: 0.00, 风险度: 0.00%
    INFO - 日期: 2021-11-16, 账户权益: 10000000.00, 可用资金: 10000000.00, 浮动盈亏: 0.00, 持仓盈亏: 0.00, 平仓盈亏: 0.00, 市值: 0.00, 保证金: 0.00, 手续费: 0.00, 风险度: 0.00%
    INFO - 日期: 2021-11-17, 账户权益: 10000000.00, 可用资金: 10000000.00, 浮动盈亏: 0.00, 持仓盈亏: 0.00, 平仓盈亏: 0.00, 市值: 0.00, 保证金: 0.00, 手续费: 0.00, 风险度: 0.00%
    INFO - 日期: 2021-11-18, 账户权益: 10000000.00, 可用资金: 10000000.00, 浮动盈亏: 0.00, 持仓盈亏: 0.00, 平仓盈亏: 0.00, 市值: 0.00, 保证金: 0.00, 手续费: 0.00, 风险度: 0.00%
    INFO - 日期: 2021-11-19, 账户权益: 10000000.00, 可用资金: 10000000.00, 浮动盈亏: 0.00, 持仓盈亏: 0.00, 平仓盈亏: 0.00, 市值: 0.00, 保证金: 0.00, 手续费: 0.00, 风险度: 0.00%
    INFO - 日期: 2021-11-22, 账户权益: 10000000.00, 可用资金: 10000000.00, 浮动盈亏: 0.00, 持仓盈亏: 0.00, 平仓盈亏: 0.00, 市值: 0.00, 保证金: 0.00, 手续费: 0.00, 风险度: 0.00%
    INFO - 日期: 2021-11-23, 账户权益: 10000000.00, 可用资金: 10000000.00, 浮动盈亏: 0.00, 持仓盈亏: 0.00, 平仓盈亏: 0.00, 市值: 0.00, 保证金: 0.00, 手续费: 0.00, 风险度: 0.00%
    INFO - 日期: 2021-11-24, 账户权益: 10000000.00, 可用资金: 10000000.00, 浮动盈亏: 0.00, 持仓盈亏: 0.00, 平仓盈亏: 0.00, 市值: 0.00, 保证金: 0.00, 手续费: 0.00, 风险度: 0.00%
    INFO - 日期: 2021-11-25, 账户权益: 10000000.00, 可用资金: 10000000.00, 浮动盈亏: 0.00, 持仓盈亏: 0.00, 平仓盈亏: 0.00, 市值: 0.00, 保证金: 0.00, 手续费: 0.00, 风险度: 0.00%
    INFO - 日期: 2021-11-26, 账户权益: 10000000.00, 可用资金: 10000000.00, 浮动盈亏: 0.00, 持仓盈亏: 0.00, 平仓盈亏: 0.00, 市值: 0.00, 保证金: 0.00, 手续费: 0.00, 风险度: 0.00%
    INFO - 日期: 2021-11-29, 账户权益: 10000000.00, 可用资金: 10000000.00, 浮动盈亏: 0.00, 持仓盈亏: 0.00, 平仓盈亏: 0.00, 市值: 0.00, 保证金: 0.00, 手续费: 0.00, 风险度: 0.00%
    INFO - 日期: 2021-11-30, 账户权益: 10000000.00, 可用资金: 10000000.00, 浮动盈亏: 0.00, 持仓盈亏: 0.00, 平仓盈亏: 0.00, 市值: 0.00, 保证金: 0.00, 手续费: 0.00, 风险度: 0.00%
    INFO - 胜率: 0.00%, 盈亏额比例: inf, 收益率: 0.00%, 年化收益率: 0.00%, 最大回撤: 0.00%, 年化夏普率: inf,年化索提诺比率: -15.8114
    INFO - 回测结束
extracted rank=89 lh2201.DCE DCE.lh2201 rows=4755 elapsed=7.16
    INFO - 模拟交易成交记录, 账户: TQSIM
    INFO - 模拟交易账户资金, 账户: TQSIM
    INFO - 日期: 2022-04-22, 账户权益: 10000000.00, 可用资金: 10000000.00, 浮动盈亏: 0.00, 持仓盈亏: 0.00, 平仓盈亏: 0.00, 市值: 0.00, 保证金: 0.00, 手续费: 0.00, 风险度: 0.00%
    INFO - 日期: 2022-04-25, 账户权益: 10000000.00, 可用资金: 10000000.00, 浮动盈亏: 0.00, 持仓盈亏: 0.00, 平仓盈亏: 0.00, 市值: 0.00, 保证金: 0.00, 手续费: 0.00, 风险度: 0.00%
    INFO - 日期: 2022-04-26, 账户权益: 10000000.00, 可用资金: 10000000.00, 浮动盈亏: 0.00, 持仓盈亏: 0.00, 平仓盈亏: 0.00, 市值: 0.00, 保证金: 0.00, 手续费: 0.00, 风险度: 0.00%
    INFO - 日期: 2022-04-27, 账户权益: 10000000.00, 可用资金: 10000000.00, 浮动盈亏: 0.00, 持仓盈亏: 0.00, 平仓盈亏: 0.00, 市值: 0.00, 保证金: 0.00, 手续费: 0.00, 风险度: 0.00%
    INFO - 日期: 2022-04-28, 账户权益: 10000000.00, 可用资金: 10000000.00, 浮动盈亏: 0.00, 持仓盈亏: 0.00, 平仓盈亏: 0.00, 市值: 0.00, 保证金: 0.00, 手续费: 0.00, 风险度: 0.00%
    INFO - 日期: 2022-04-29, 账户权益: 10000000.00, 可用资金: 10000000.00, 浮动盈亏: 0.00, 持仓盈亏: 0.00, 平仓盈亏: 0.00, 市值: 0.00, 保证金: 0.00, 手续费: 0.00, 风险度: 0.00%
    INFO - 日期: 2022-05-05, 账户权益: 10000000.00, 可用资金: 10000000.00, 浮动盈亏: 0.00, 持仓盈亏: 0.00, 平仓盈亏: 0.00, 市值: 0.00, 保证金: 0.00, 手续费: 0.00, 风险度: 0.00%
    INFO - 日期: 2022-05-06, 账户权益: 10000000.00, 可用资金: 10000000.00, 浮动盈亏: 0.00, 持仓盈亏: 0.00, 平仓盈亏: 0.00, 市值: 0.00, 保证金: 0.00, 手续费: 0.00, 风险度: 0.00%
    INFO - 日期: 2022-05-09, 账户权益: 10000000.00, 可用资金: 10000000.00, 浮动盈亏: 0.00, 持仓盈亏: 0.00, 平仓盈亏: 0.00, 市值: 0.00, 保证金: 0.00, 手续费: 0.00, 风险度: 0.00%
    INFO - 日期: 2022-05-10, 账户权益: 10000000.00, 可用资金: 10000000.00, 浮动盈亏: 0.00, 持仓盈亏: 0.00, 平仓盈亏: 0.00, 市值: 0.00, 保证金: 0.00, 手续费: 0.00, 风险度: 0.00%
    INFO - 日期: 2022-05-11, 账户权益: 10000000.00, 可用资金: 10000000.00, 浮动盈亏: 0.00, 持仓盈亏: 0.00, 平仓盈亏: 0.00, 市值: 0.00, 保证金: 0.00, 手续费: 0.00, 风险度: 0.00%
    INFO - 日期: 2022-05-12, 账户权益: 10000000.00, 可用资金: 10000000.00, 浮动盈亏: 0.00, 持仓盈亏: 0.00, 平仓盈亏: 0.00, 市值: 0.00, 保证金: 0.00, 手续费: 0.00, 风险度: 0.00%
    INFO - 日期: 2022-05-13, 账户权益: 10000000.00, 可用资金: 10000000.00, 浮动盈亏: 0.00, 持仓盈亏: 0.00, 平仓盈亏: 0.00, 市值: 0.00, 保证金: 0.00, 手续费: 0.00, 风险度: 0.00%
    INFO - 日期: 2022-05-16, 账户权益: 10000000.00, 可用资金: 10000000.00, 浮动盈亏: 0.00, 持仓盈亏: 0.00, 平仓盈亏: 0.00, 市值: 0.00, 保证金: 0.00, 手续费: 0.00, 风险度: 0.00%
    INFO - 日期: 2022-05-17, 账户权益: 10000000.00, 可用资金: 10000000.00, 浮动盈亏: 0.00, 持仓盈亏: 0.00, 平仓盈亏: 0.00, 市值: 0.00, 保证金: 0.00, 手续费: 0.00, 风险度: 0.00%
    INFO - 日期: 2022-05-18, 账户权益: 10000000.00, 可用资金: 10000000.00, 浮动盈亏: 0.00, 持仓盈亏: 0.00, 平仓盈亏: 0.00, 市值: 0.00, 保证金: 0.00, 手续费: 0.00, 风险度: 0.00%
    INFO - 日期: 2022-05-19, 账户权益: 10000000.00, 可用资金: 10000000.00, 浮动盈亏: 0.00, 持仓盈亏: 0.00, 平仓盈亏: 0.00, 市值: 0.00, 保证金: 0.00, 手续费: 0.00, 风险度: 0.00%
    INFO - 日期: 2022-05-20, 账户权益: 10000000.00, 可用资金: 10000000.00, 浮动盈亏: 0.00, 持仓盈亏: 0.00, 平仓盈亏: 0.00, 市值: 0.00, 保证金: 0.00, 手续费: 0.00, 风险度: 0.00%
    INFO - 日期: 2022-05-23, 账户权益: 10000000.00, 可用资金: 10000000.00, 浮动盈亏: 0.00, 持仓盈亏: 0.00, 平仓盈亏: 0.00, 市值: 0.00, 保证金: 0.00, 手续费: 0.00, 风险度: 0.00%
    INFO - 日期: 2022-05-24, 账户权益: 10000000.00, 可用资金: 10000000.00, 浮动盈亏: 0.00, 持仓盈亏: 0.00, 平仓盈亏: 0.00, 市值: 0.00, 保证金: 0.00, 手续费: 0.00, 风险度: 0.00%
    INFO - 日期: 2022-05-25, 账户权益: 10000000.00, 可用资金: 10000000.00, 浮动盈亏: 0.00, 持仓盈亏: 0.00, 平仓盈亏: 0.00, 市值: 0.00, 保证金: 0.00, 手续费: 0.00, 风险度: 0.00%
    INFO - 日期: 2022-05-26, 账户权益: 10000000.00, 可用资金: 10000000.00, 浮动盈亏: 0.00, 持仓盈亏: 0.00, 平仓盈亏: 0.00, 市值: 0.00, 保证金: 0.00, 手续费: 0.00, 风险度: 0.00%
    INFO - 日期: 2022-05-27, 账户权益: 10000000.00, 可用资金: 10000000.00, 浮动盈亏: 0.00, 持仓盈亏: 0.00, 平仓盈亏: 0.00, 市值: 0.00, 保证金: 0.00, 手续费: 0.00, 风险度: 0.00%
    INFO - 日期: 2022-05-30, 账户权益: 10000000.00, 可用资金: 10000000.00, 浮动盈亏: 0.00, 持仓盈亏: 0.00, 平仓盈亏: 0.00, 市值: 0.00, 保证金: 0.00, 手续费: 0.00, 风险度: 0.00%
    INFO - 日期: 2022-05-31, 账户权益: 10000000.00, 可用资金: 10000000.00, 浮动盈亏: 0.00, 持仓盈亏: 0.00, 平仓盈亏: 0.00, 市值: 0.00, 保证金: 0.00, 手续费: 0.00, 风险度: 0.00%
    INFO - 日期: 2022-06-01, 账户权益: 10000000.00, 可用资金: 10000000.00, 浮动盈亏: 0.00, 持仓盈亏: 0.00, 平仓盈亏: 0.00, 市值: 0.00, 保证金: 0.00, 手续费: 0.00, 风险度: 0.00%
    INFO - 日期: 2022-06-02, 账户权益: 10000000.00, 可用资金: 10000000.00, 浮动盈亏: 0.00, 持仓盈亏: 0.00, 平仓盈亏: 0.00, 市值: 0.00, 保证金: 0.00, 手续费: 0.00, 风险度: 0.00%
    INFO - 日期: 2022-06-06, 账户权益: 10000000.00, 可用资金: 10000000.00, 浮动盈亏: 0.00, 持仓盈亏: 0.00, 平仓盈亏: 0.00, 市值: 0.00, 保证金: 0.00, 手续费: 0.00, 风险度: 0.00%
    INFO - 日期: 2022-06-07, 账户权益: 10000000.00, 可用资金: 10000000.00, 浮动盈亏: 0.00, 持仓盈亏: 0.00, 平仓盈亏: 0.00, 市值: 0.00, 保证金: 0.00, 手续费: 0.00, 风险度: 0.00%
    INFO - 日期: 2022-06-08, 账户权益: 10000000.00, 可用资金: 10000000.00, 浮动盈亏: 0.00, 持仓盈亏: 0.00, 平仓盈亏: 0.00, 市值: 0.00, 保证金: 0.00, 手续费: 0.00, 风险度: 0.00%
    INFO - 日期: 2022-06-09, 账户权益: 10000000.00, 可用资金: 10000000.00, 浮动盈亏: 0.00, 持仓盈亏: 0.00, 平仓盈亏: 0.00, 市值: 0.00, 保证金: 0.00, 手续费: 0.00, 风险度: 0.00%
    INFO - 日期: 2022-06-10, 账户权益: 10000000.00, 可用资金: 10000000.00, 浮动盈亏: 0.00, 持仓盈亏: 0.00, 平仓盈亏: 0.00, 市值: 0.00, 保证金: 0.00, 手续费: 0.00, 风险度: 0.00%
    INFO - 日期: 2022-06-13, 账户权益: 10000000.00, 可用资金: 10000000.00, 浮动盈亏: 0.00, 持仓盈亏: 0.00, 平仓盈亏: 0.00, 市值: 0.00, 保证金: 0.00, 手续费: 0.00, 风险度: 0.00%
    INFO - 日期: 2022-06-14, 账户权益: 10000000.00, 可用资金: 10000000.00, 浮动盈亏: 0.00, 持仓盈亏: 0.00, 平仓盈亏: 0.00, 市值: 0.00, 保证金: 0.00, 手续费: 0.00, 风险度: 0.00%
    INFO - 日期: 2022-06-15, 账户权益: 10000000.00, 可用资金: 10000000.00, 浮动盈亏: 0.00, 持仓盈亏: 0.00, 平仓盈亏: 0.00, 市值: 0.00, 保证金: 0.00, 手续费: 0.00, 风险度: 0.00%
    INFO - 日期: 2022-06-16, 账户权益: 10000000.00, 可用资金: 10000000.00, 浮动盈亏: 0.00, 持仓盈亏: 0.00, 平仓盈亏: 0.00, 市值: 0.00, 保证金: 0.00, 手续费: 0.00, 风险度: 0.00%
    INFO - 日期: 2022-06-17, 账户权益: 10000000.00, 可用资金: 10000000.00, 浮动盈亏: 0.00, 持仓盈亏: 0.00, 平仓盈亏: 0.00, 市值: 0.00, 保证金: 0.00, 手续费: 0.00, 风险度: 0.00%
    INFO - 日期: 2022-06-20, 账户权益: 10000000.00, 可用资金: 10000000.00, 浮动盈亏: 0.00, 持仓盈亏: 0.00, 平仓盈亏: 0.00, 市值: 0.00, 保证金: 0.00, 手续费: 0.00, 风险度: 0.00%
    INFO - 日期: 2022-06-21, 账户权益: 10000000.00, 可用资金: 10000000.00, 浮动盈亏: 0.00, 持仓盈亏: 0.00, 平仓盈亏: 0.00, 市值: 0.00, 保证金: 0.00, 手续费: 0.00, 风险度: 0.00%
    INFO - 日期: 2022-06-22, 账户权益: 10000000.00, 可用资金: 10000000.00, 浮动盈亏: 0.00, 持仓盈亏: 0.00, 平仓盈亏: 0.00, 市值: 0.00, 保证金: 0.00, 手续费: 0.00, 风险度: 0.00%
    INFO - 日期: 2022-06-23, 账户权益: 10000000.00, 可用资金: 10000000.00, 浮动盈亏: 0.00, 持仓盈亏: 0.00, 平仓盈亏: 0.00, 市值: 0.00, 保证金: 0.00, 手续费: 0.00, 风险度: 0.00%
    INFO - 胜率: 0.00%, 盈亏额比例: inf, 收益率: 0.00%, 年化收益率: 0.00%, 最大回撤: 0.00%, 年化夏普率: inf,年化索提诺比率: -15.8114
    INFO - 回测结束
extracted rank=90 lh2209.DCE DCE.lh2209 rows=8805 elapsed=11.19
    INFO - 模拟交易成交记录, 账户: TQSIM
    INFO - 模拟交易账户资金, 账户: TQSIM
    INFO - 日期: 2022-04-27, 账户权益: 10000000.00, 可用资金: 10000000.00, 浮动盈亏: 0.00, 持仓盈亏: 0.00, 平仓盈亏: 0.00, 市值: 0.00, 保证金: 0.00, 手续费: 0.00, 风险度: 0.00%
    INFO - 日期: 2022-04-28, 账户权益: 10000000.00, 可用资金: 10000000.00, 浮动盈亏: 0.00, 持仓盈亏: 0.00, 平仓盈亏: 0.00, 市值: 0.00, 保证金: 0.00, 手续费: 0.00, 风险度: 0.00%
    INFO - 日期: 2022-04-29, 账户权益: 10000000.00, 可用资金: 10000000.00, 浮动盈亏: 0.00, 持仓盈亏: 0.00, 平仓盈亏: 0.00, 市值: 0.00, 保证金: 0.00, 手续费: 0.00, 风险度: 0.00%
    INFO - 日期: 2022-05-05, 账户权益: 10000000.00, 可用资金: 10000000.00, 浮动盈亏: 0.00, 持仓盈亏: 0.00, 平仓盈亏: 0.00, 市值: 0.00, 保证金: 0.00, 手续费: 0.00, 风险度: 0.00%
    INFO - 日期: 2022-05-06, 账户权益: 10000000.00, 可用资金: 10000000.00, 浮动盈亏: 0.00, 持仓盈亏: 0.00, 平仓盈亏: 0.00, 市值: 0.00, 保证金: 0.00, 手续费: 0.00, 风险度: 0.00%
    INFO - 日期: 2022-05-09, 账户权益: 10000000.00, 可用资金: 10000000.00, 浮动盈亏: 0.00, 持仓盈亏: 0.00, 平仓盈亏: 0.00, 市值: 0.00, 保证金: 0.00, 手续费: 0.00, 风险度: 0.00%
    INFO - 日期: 2022-05-10, 账户权益: 10000000.00, 可用资金: 10000000.00, 浮动盈亏: 0.00, 持仓盈亏: 0.00, 平仓盈亏: 0.00, 市值: 0.00, 保证金: 0.00, 手续费: 0.00, 风险度: 0.00%
    INFO - 日期: 2022-05-11, 账户权益: 10000000.00, 可用资金: 10000000.00, 浮动盈亏: 0.00, 持仓盈亏: 0.00, 平仓盈亏: 0.00, 市值: 0.00, 保证金: 0.00, 手续费: 0.00, 风险度: 0.00%
    INFO - 日期: 2022-05-12, 账户权益: 10000000.00, 可用资金: 10000000.00, 浮动盈亏: 0.00, 持仓盈亏: 0.00, 平仓盈亏: 0.00, 市值: 0.00, 保证金: 0.00, 手续费: 0.00, 风险度: 0.00%
    INFO - 日期: 2022-05-13, 账户权益: 10000000.00, 可用资金: 10000000.00, 浮动盈亏: 0.00, 持仓盈亏: 0.00, 平仓盈亏: 0.00, 市值: 0.00, 保证金: 0.00, 手续费: 0.00, 风险度: 0.00%
    INFO - 日期: 2022-05-16, 账户权益: 10000000.00, 可用资金: 10000000.00, 浮动盈亏: 0.00, 持仓盈亏: 0.00, 平仓盈亏: 0.00, 市值: 0.00, 保证金: 0.00, 手续费: 0.00, 风险度: 0.00%
    INFO - 日期: 2022-05-17, 账户权益: 10000000.00, 可用资金: 10000000.00, 浮动盈亏: 0.00, 持仓盈亏: 0.00, 平仓盈亏: 0.00, 市值: 0.00, 保证金: 0.00, 手续费: 0.00, 风险度: 0.00%
    INFO - 日期: 2022-05-18, 账户权益: 10000000.00, 可用资金: 10000000.00, 浮动盈亏: 0.00, 持仓盈亏: 0.00, 平仓盈亏: 0.00, 市值: 0.00, 保证金: 0.00, 手续费: 0.00, 风险度: 0.00%
    INFO - 日期: 2022-05-19, 账户权益: 10000000.00, 可用资金: 10000000.00, 浮动盈亏: 0.00, 持仓盈亏: 0.00, 平仓盈亏: 0.00, 市值: 0.00, 保证金: 0.00, 手续费: 0.00, 风险度: 0.00%
    INFO - 日期: 2022-05-20, 账户权益: 10000000.00, 可用资金: 10000000.00, 浮动盈亏: 0.00, 持仓盈亏: 0.00, 平仓盈亏: 0.00, 市值: 0.00, 保证金: 0.00, 手续费: 0.00, 风险度: 0.00%
    INFO - 日期: 2022-05-23, 账户权益: 10000000.00, 可用资金: 10000000.00, 浮动盈亏: 0.00, 持仓盈亏: 0.00, 平仓盈亏: 0.00, 市值: 0.00, 保证金: 0.00, 手续费: 0.00, 风险度: 0.00%
    INFO - 日期: 2022-05-24, 账户权益: 10000000.00, 可用资金: 10000000.00, 浮动盈亏: 0.00, 持仓盈亏: 0.00, 平仓盈亏: 0.00, 市值: 0.00, 保证金: 0.00, 手续费: 0.00, 风险度: 0.00%
    INFO - 日期: 2022-05-25, 账户权益: 10000000.00, 可用资金: 10000000.00, 浮动盈亏: 0.00, 持仓盈亏: 0.00, 平仓盈亏: 0.00, 市值: 0.00, 保证金: 0.00, 手续费: 0.00, 风险度: 0.00%
    INFO - 日期: 2022-05-26, 账户权益: 10000000.00, 可用资金: 10000000.00, 浮动盈亏: 0.00, 持仓盈亏: 0.00, 平仓盈亏: 0.00, 市值: 0.00, 保证金: 0.00, 手续费: 0.00, 风险度: 0.00%
    INFO - 日期: 2022-05-27, 账户权益: 10000000.00, 可用资金: 10000000.00, 浮动盈亏: 0.00, 持仓盈亏: 0.00, 平仓盈亏: 0.00, 市值: 0.00, 保证金: 0.00, 手续费: 0.00, 风险度: 0.00%
    INFO - 日期: 2022-05-30, 账户权益: 10000000.00, 可用资金: 10000000.00, 浮动盈亏: 0.00, 持仓盈亏: 0.00, 平仓盈亏: 0.00, 市值: 0.00, 保证金: 0.00, 手续费: 0.00, 风险度: 0.00%
    INFO - 日期: 2022-05-31, 账户权益: 10000000.00, 可用资金: 10000000.00, 浮动盈亏: 0.00, 持仓盈亏: 0.00, 平仓盈亏: 0.00, 市值: 0.00, 保证金: 0.00, 手续费: 0.00, 风险度: 0.00%
    INFO - 日期: 2022-06-01, 账户权益: 10000000.00, 可用资金: 10000000.00, 浮动盈亏: 0.00, 持仓盈亏: 0.00, 平仓盈亏: 0.00, 市值: 0.00, 保证金: 0.00, 手续费: 0.00, 风险度: 0.00%
    INFO - 日期: 2022-06-02, 账户权益: 10000000.00, 可用资金: 10000000.00, 浮动盈亏: 0.00, 持仓盈亏: 0.00, 平仓盈亏: 0.00, 市值: 0.00, 保证金: 0.00, 手续费: 0.00, 风险度: 0.00%
    INFO - 日期: 2022-06-06, 账户权益: 10000000.00, 可用资金: 10000000.00, 浮动盈亏: 0.00, 持仓盈亏: 0.00, 平仓盈亏: 0.00, 市值: 0.00, 保证金: 0.00, 手续费: 0.00, 风险度: 0.00%
    INFO - 日期: 2022-06-07, 账户权益: 10000000.00, 可用资金: 10000000.00, 浮动盈亏: 0.00, 持仓盈亏: 0.00, 平仓盈亏: 0.00, 市值: 0.00, 保证金: 0.00, 手续费: 0.00, 风险度: 0.00%
    INFO - 日期: 2022-06-08, 账户权益: 10000000.00, 可用资金: 10000000.00, 浮动盈亏: 0.00, 持仓盈亏: 0.00, 平仓盈亏: 0.00, 市值: 0.00, 保证金: 0.00, 手续费: 0.00, 风险度: 0.00%
    INFO - 日期: 2022-06-09, 账户权益: 10000000.00, 可用资金: 10000000.00, 浮动盈亏: 0.00, 持仓盈亏: 0.00, 平仓盈亏: 0.00, 市值: 0.00, 保证金: 0.00, 手续费: 0.00, 风险度: 0.00%
    INFO - 日期: 2022-06-10, 账户权益: 10000000.00, 可用资金: 10000000.00, 浮动盈亏: 0.00, 持仓盈亏: 0.00, 平仓盈亏: 0.00, 市值: 0.00, 保证金: 0.00, 手续费: 0.00, 风险度: 0.00%
    INFO - 日期: 2022-06-13, 账户权益: 10000000.00, 可用资金: 10000000.00, 浮动盈亏: 0.00, 持仓盈亏: 0.00, 平仓盈亏: 0.00, 市值: 0.00, 保证金: 0.00, 手续费: 0.00, 风险度: 0.00%
    INFO - 日期: 2022-06-14, 账户权益: 10000000.00, 可用资金: 10000000.00, 浮动盈亏: 0.00, 持仓盈亏: 0.00, 平仓盈亏: 0.00, 市值: 0.00, 保证金: 0.00, 手续费: 0.00, 风险度: 0.00%
    INFO - 日期: 2022-06-15, 账户权益: 10000000.00, 可用资金: 10000000.00, 浮动盈亏: 0.00, 持仓盈亏: 0.00, 平仓盈亏: 0.00, 市值: 0.00, 保证金: 0.00, 手续费: 0.00, 风险度: 0.00%
    INFO - 日期: 2022-06-16, 账户权益: 10000000.00, 可用资金: 10000000.00, 浮动盈亏: 0.00, 持仓盈亏: 0.00, 平仓盈亏: 0.00, 市值: 0.00, 保证金: 0.00, 手续费: 0.00, 风险度: 0.00%
    INFO - 日期: 2022-06-17, 账户权益: 10000000.00, 可用资金: 10000000.00, 浮动盈亏: 0.00, 持仓盈亏: 0.00, 平仓盈亏: 0.00, 市值: 0.00, 保证金: 0.00, 手续费: 0.00, 风险度: 0.00%
    INFO - 日期: 2022-06-20, 账户权益: 10000000.00, 可用资金: 10000000.00, 浮动盈亏: 0.00, 持仓盈亏: 0.00, 平仓盈亏: 0.00, 市值: 0.00, 保证金: 0.00, 手续费: 0.00, 风险度: 0.00%
    INFO - 日期: 2022-06-21, 账户权益: 10000000.00, 可用资金: 10000000.00, 浮动盈亏: 0.00, 持仓盈亏: 0.00, 平仓盈亏: 0.00, 市值: 0.00, 保证金: 0.00, 手续费: 0.00, 风险度: 0.00%
    INFO - 日期: 2022-06-22, 账户权益: 10000000.00, 可用资金: 10000000.00, 浮动盈亏: 0.00, 持仓盈亏: 0.00, 平仓盈亏: 0.00, 市值: 0.00, 保证金: 0.00, 手续费: 0.00, 风险度: 0.00%
    INFO - 日期: 2022-06-23, 账户权益: 10000000.00, 可用资金: 10000000.00, 浮动盈亏: 0.00, 持仓盈亏: 0.00, 平仓盈亏: 0.00, 市值: 0.00, 保证金: 0.00, 手续费: 0.00, 风险度: 0.00%
    INFO - 日期: 2022-06-24, 账户权益: 10000000.00, 可用资金: 10000000.00, 浮动盈亏: 0.00, 持仓盈亏: 0.00, 平仓盈亏: 0.00, 市值: 0.00, 保证金: 0.00, 手续费: 0.00, 风险度: 0.00%
    INFO - 日期: 2022-06-27, 账户权益: 10000000.00, 可用资金: 10000000.00, 浮动盈亏: 0.00, 持仓盈亏: 0.00, 平仓盈亏: 0.00, 市值: 0.00, 保证金: 0.00, 手续费: 0.00, 风险度: 0.00%
    INFO - 日期: 2022-06-28, 账户权益: 10000000.00, 可用资金: 10000000.00, 浮动盈亏: 0.00, 持仓盈亏: 0.00, 平仓盈亏: 0.00, 市值: 0.00, 保证金: 0.00, 手续费: 0.00, 风险度: 0.00%
    INFO - 日期: 2022-06-29, 账户权益: 10000000.00, 可用资金: 10000000.00, 浮动盈亏: 0.00, 持仓盈亏: 0.00, 平仓盈亏: 0.00, 市值: 0.00, 保证金: 0.00, 手续费: 0.00, 风险度: 0.00%
    INFO - 日期: 2022-06-30, 账户权益: 10000000.00, 可用资金: 10000000.00, 浮动盈亏: 0.00, 持仓盈亏: 0.00, 平仓盈亏: 0.00, 市值: 0.00, 保证金: 0.00, 手续费: 0.00, 风险度: 0.00%
    INFO - 日期: 2022-07-01, 账户权益: 10000000.00, 可用资金: 10000000.00, 浮动盈亏: 0.00, 持仓盈亏: 0.00, 平仓盈亏: 0.00, 市值: 0.00, 保证金: 0.00, 手续费: 0.00, 风险度: 0.00%
    INFO - 日期: 2022-07-04, 账户权益: 10000000.00, 可用资金: 10000000.00, 浮动盈亏: 0.00, 持仓盈亏: 0.00, 平仓盈亏: 0.00, 市值: 0.00, 保证金: 0.00, 手续费: 0.00, 风险度: 0.00%
    INFO - 日期: 2022-07-05, 账户权益: 10000000.00, 可用资金: 10000000.00, 浮动盈亏: 0.00, 持仓盈亏: 0.00, 平仓盈亏: 0.00, 市值: 0.00, 保证金: 0.00, 手续费: 0.00, 风险度: 0.00%
    INFO - 日期: 2022-07-06, 账户权益: 10000000.00, 可用资金: 10000000.00, 浮动盈亏: 0.00, 持仓盈亏: 0.00, 平仓盈亏: 0.00, 市值: 0.00, 保证金: 0.00, 手续费: 0.00, 风险度: 0.00%
    INFO - 日期: 2022-07-07, 账户权益: 10000000.00, 可用资金: 10000000.00, 浮动盈亏: 0.00, 持仓盈亏: 0.00, 平仓盈亏: 0.00, 市值: 0.00, 保证金: 0.00, 手续费: 0.00, 风险度: 0.00%
    INFO - 日期: 2022-07-08, 账户权益: 10000000.00, 可用资金: 10000000.00, 浮动盈亏: 0.00, 持仓盈亏: 0.00, 平仓盈亏: 0.00, 市值: 0.00, 保证金: 0.00, 手续费: 0.00, 风险度: 0.00%
    INFO - 日期: 2022-07-11, 账户权益: 10000000.00, 可用资金: 10000000.00, 浮动盈亏: 0.00, 持仓盈亏: 0.00, 平仓盈亏: 0.00, 市值: 0.00, 保证金: 0.00, 手续费: 0.00, 风险度: 0.00%
    INFO - 日期: 2022-07-12, 账户权益: 10000000.00, 可用资金: 10000000.00, 浮动盈亏: 0.00, 持仓盈亏: 0.00, 平仓盈亏: 0.00, 市值: 0.00, 保证金: 0.00, 手续费: 0.00, 风险度: 0.00%
    INFO - 日期: 2022-07-13, 账户权益: 10000000.00, 可用资金: 10000000.00, 浮动盈亏: 0.00, 持仓盈亏: 0.00, 平仓盈亏: 0.00, 市值: 0.00, 保证金: 0.00, 手续费: 0.00, 风险度: 0.00%
    INFO - 日期: 2022-07-14, 账户权益: 10000000.00, 可用资金: 10000000.00, 浮动盈亏: 0.00, 持仓盈亏: 0.00, 平仓盈亏: 0.00, 市值: 0.00, 保证金: 0.00, 手续费: 0.00, 风险度: 0.00%
    INFO - 日期: 2022-07-15, 账户权益: 10000000.00, 可用资金: 10000000.00, 浮动盈亏: 0.00, 持仓盈亏: 0.00, 平仓盈亏: 0.00, 市值: 0.00, 保证金: 0.00, 手续费: 0.00, 风险度: 0.00%
    INFO - 日期: 2022-07-18, 账户权益: 10000000.00, 可用资金: 10000000.00, 浮动盈亏: 0.00, 持仓盈亏: 0.00, 平仓盈亏: 0.00, 市值: 0.00, 保证金: 0.00, 手续费: 0.00, 风险度: 0.00%
    INFO - 日期: 2022-07-19, 账户权益: 10000000.00, 可用资金: 10000000.00, 浮动盈亏: 0.00, 持仓盈亏: 0.00, 平仓盈亏: 0.00, 市值: 0.00, 保证金: 0.00, 手续费: 0.00, 风险度: 0.00%
    INFO - 日期: 2022-07-20, 账户权益: 10000000.00, 可用资金: 10000000.00, 浮动盈亏: 0.00, 持仓盈亏: 0.00, 平仓盈亏: 0.00, 市值: 0.00, 保证金: 0.00, 手续费: 0.00, 风险度: 0.00%
    INFO - 日期: 2022-07-21, 账户权益: 10000000.00, 可用资金: 10000000.00, 浮动盈亏: 0.00, 持仓盈亏: 0.00, 平仓盈亏: 0.00, 市值: 0.00, 保证金: 0.00, 手续费: 0.00, 风险度: 0.00%
    INFO - 日期: 2022-07-22, 账户权益: 10000000.00, 可用资金: 10000000.00, 浮动盈亏: 0.00, 持仓盈亏: 0.00, 平仓盈亏: 0.00, 市值: 0.00, 保证金: 0.00, 手续费: 0.00, 风险度: 0.00%
    INFO - 日期: 2022-07-25, 账户权益: 10000000.00, 可用资金: 10000000.00, 浮动盈亏: 0.00, 持仓盈亏: 0.00, 平仓盈亏: 0.00, 市值: 0.00, 保证金: 0.00, 手续费: 0.00, 风险度: 0.00%
    INFO - 日期: 2022-07-26, 账户权益: 10000000.00, 可用资金: 10000000.00, 浮动盈亏: 0.00, 持仓盈亏: 0.00, 平仓盈亏: 0.00, 市值: 0.00, 保证金: 0.00, 手续费: 0.00, 风险度: 0.00%
    INFO - 日期: 2022-07-27, 账户权益: 10000000.00, 可用资金: 10000000.00, 浮动盈亏: 0.00, 持仓盈亏: 0.00, 平仓盈亏: 0.00, 市值: 0.00, 保证金: 0.00, 手续费: 0.00, 风险度: 0.00%
    INFO - 日期: 2022-07-28, 账户权益: 10000000.00, 可用资金: 10000000.00, 浮动盈亏: 0.00, 持仓盈亏: 0.00, 平仓盈亏: 0.00, 市值: 0.00, 保证金: 0.00, 手续费: 0.00, 风险度: 0.00%
    INFO - 日期: 2022-07-29, 账户权益: 10000000.00, 可用资金: 10000000.00, 浮动盈亏: 0.00, 持仓盈亏: 0.00, 平仓盈亏: 0.00, 市值: 0.00, 保证金: 0.00, 手续费: 0.00, 风险度: 0.00%
    INFO - 日期: 2022-08-01, 账户权益: 10000000.00, 可用资金: 10000000.00, 浮动盈亏: 0.00, 持仓盈亏: 0.00, 平仓盈亏: 0.00, 市值: 0.00, 保证金: 0.00, 手续费: 0.00, 风险度: 0.00%
    INFO - 日期: 2022-08-02, 账户权益: 10000000.00, 可用资金: 10000000.00, 浮动盈亏: 0.00, 持仓盈亏: 0.00, 平仓盈亏: 0.00, 市值: 0.00, 保证金: 0.00, 手续费: 0.00, 风险度: 0.00%
    INFO - 日期: 2022-08-03, 账户权益: 10000000.00, 可用资金: 10000000.00, 浮动盈亏: 0.00, 持仓盈亏: 0.00, 平仓盈亏: 0.00, 市值: 0.00, 保证金: 0.00, 手续费: 0.00, 风险度: 0.00%
    INFO - 日期: 2022-08-04, 账户权益: 10000000.00, 可用资金: 10000000.00, 浮动盈亏: 0.00, 持仓盈亏: 0.00, 平仓盈亏: 0.00, 市值: 0.00, 保证金: 0.00, 手续费: 0.00, 风险度: 0.00%
    INFO - 日期: 2022-08-05, 账户权益: 10000000.00, 可用资金: 10000000.00, 浮动盈亏: 0.00, 持仓盈亏: 0.00, 平仓盈亏: 0.00, 市值: 0.00, 保证金: 0.00, 手续费: 0.00, 风险度: 0.00%
    INFO - 日期: 2022-08-08, 账户权益: 10000000.00, 可用资金: 10000000.00, 浮动盈亏: 0.00, 持仓盈亏: 0.00, 平仓盈亏: 0.00, 市值: 0.00, 保证金: 0.00, 手续费: 0.00, 风险度: 0.00%
    INFO - 日期: 2022-08-09, 账户权益: 10000000.00, 可用资金: 10000000.00, 浮动盈亏: 0.00, 持仓盈亏: 0.00, 平仓盈亏: 0.00, 市值: 0.00, 保证金: 0.00, 手续费: 0.00, 风险度: 0.00%
    INFO - 日期: 2022-08-10, 账户权益: 10000000.00, 可用资金: 10000000.00, 浮动盈亏: 0.00, 持仓盈亏: 0.00, 平仓盈亏: 0.00, 市值: 0.00, 保证金: 0.00, 手续费: 0.00, 风险度: 0.00%
    INFO - 日期: 2022-08-11, 账户权益: 10000000.00, 可用资金: 10000000.00, 浮动盈亏: 0.00, 持仓盈亏: 0.00, 平仓盈亏: 0.00, 市值: 0.00, 保证金: 0.00, 手续费: 0.00, 风险度: 0.00%
    INFO - 日期: 2022-08-12, 账户权益: 10000000.00, 可用资金: 10000000.00, 浮动盈亏: 0.00, 持仓盈亏: 0.00, 平仓盈亏: 0.00, 市值: 0.00, 保证金: 0.00, 手续费: 0.00, 风险度: 0.00%
    INFO - 日期: 2022-08-15, 账户权益: 10000000.00, 可用资金: 10000000.00, 浮动盈亏: 0.00, 持仓盈亏: 0.00, 平仓盈亏: 0.00, 市值: 0.00, 保证金: 0.00, 手续费: 0.00, 风险度: 0.00%
    INFO - 日期: 2022-08-16, 账户权益: 10000000.00, 可用资金: 10000000.00, 浮动盈亏: 0.00, 持仓盈亏: 0.00, 平仓盈亏: 0.00, 市值: 0.00, 保证金: 0.00, 手续费: 0.00, 风险度: 0.00%
    INFO - 日期: 2022-08-17, 账户权益: 10000000.00, 可用资金: 10000000.00, 浮动盈亏: 0.00, 持仓盈亏: 0.00, 平仓盈亏: 0.00, 市值: 0.00, 保证金: 0.00, 手续费: 0.00, 风险度: 0.00%
    INFO - 日期: 2022-08-18, 账户权益: 10000000.00, 可用资金: 10000000.00, 浮动盈亏: 0.00, 持仓盈亏: 0.00, 平仓盈亏: 0.00, 市值: 0.00, 保证金: 0.00, 手续费: 0.00, 风险度: 0.00%
    INFO - 日期: 2022-08-19, 账户权益: 10000000.00, 可用资金: 10000000.00, 浮动盈亏: 0.00, 持仓盈亏: 0.00, 平仓盈亏: 0.00, 市值: 0.00, 保证金: 0.00, 手续费: 0.00, 风险度: 0.00%
    INFO - 日期: 2022-08-22, 账户权益: 10000000.00, 可用资金: 10000000.00, 浮动盈亏: 0.00, 持仓盈亏: 0.00, 平仓盈亏: 0.00, 市值: 0.00, 保证金: 0.00, 手续费: 0.00, 风险度: 0.00%
    INFO - 日期: 2022-08-23, 账户权益: 10000000.00, 可用资金: 10000000.00, 浮动盈亏: 0.00, 持仓盈亏: 0.00, 平仓盈亏: 0.00, 市值: 0.00, 保证金: 0.00, 手续费: 0.00, 风险度: 0.00%
    INFO - 日期: 2022-08-24, 账户权益: 10000000.00, 可用资金: 10000000.00, 浮动盈亏: 0.00, 持仓盈亏: 0.00, 平仓盈亏: 0.00, 市值: 0.00, 保证金: 0.00, 手续费: 0.00, 风险度: 0.00%
    INFO - 日期: 2022-08-25, 账户权益: 10000000.00, 可用资金: 10000000.00, 浮动盈亏: 0.00, 持仓盈亏: 0.00, 平仓盈亏: 0.00, 市值: 0.00, 保证金: 0.00, 手续费: 0.00, 风险度: 0.00%
    INFO - 日期: 2022-08-26, 账户权益: 10000000.00, 可用资金: 10000000.00, 浮动盈亏: 0.00, 持仓盈亏: 0.00, 平仓盈亏: 0.00, 市值: 0.00, 保证金: 0.00, 手续费: 0.00, 风险度: 0.00%
    INFO - 日期: 2022-08-29, 账户权益: 10000000.00, 可用资金: 10000000.00, 浮动盈亏: 0.00, 持仓盈亏: 0.00, 平仓盈亏: 0.00, 市值: 0.00, 保证金: 0.00, 手续费: 0.00, 风险度: 0.00%
    INFO - 日期: 2022-08-30, 账户权益: 10000000.00, 可用资金: 10000000.00, 浮动盈亏: 0.00, 持仓盈亏: 0.00, 平仓盈亏: 0.00, 市值: 0.00, 保证金: 0.00, 手续费: 0.00, 风险度: 0.00%
    INFO - 日期: 2022-08-31, 账户权益: 10000000.00, 可用资金: 10000000.00, 浮动盈亏: 0.00, 持仓盈亏: 0.00, 平仓盈亏: 0.00, 市值: 0.00, 保证金: 0.00, 手续费: 0.00, 风险度: 0.00%
    INFO - 胜率: 0.00%, 盈亏额比例: inf, 收益率: 0.00%, 年化收益率: 0.00%, 最大回撤: 0.00%, 年化夏普率: inf,年化索提诺比率: -15.8114
    INFO - 回测结束
extracted rank=91 AP210.CZCE CZCE.AP210 rows=19155 elapsed=19.78
    INFO - 模拟交易成交记录, 账户: TQSIM
    INFO - 模拟交易账户资金, 账户: TQSIM
    INFO - 日期: 2022-02-16, 账户权益: 10000000.00, 可用资金: 10000000.00, 浮动盈亏: 0.00, 持仓盈亏: 0.00, 平仓盈亏: 0.00, 市值: 0.00, 保证金: 0.00, 手续费: 0.00, 风险度: 0.00%
    INFO - 日期: 2022-02-17, 账户权益: 10000000.00, 可用资金: 10000000.00, 浮动盈亏: 0.00, 持仓盈亏: 0.00, 平仓盈亏: 0.00, 市值: 0.00, 保证金: 0.00, 手续费: 0.00, 风险度: 0.00%
    INFO - 日期: 2022-02-18, 账户权益: 10000000.00, 可用资金: 10000000.00, 浮动盈亏: 0.00, 持仓盈亏: 0.00, 平仓盈亏: 0.00, 市值: 0.00, 保证金: 0.00, 手续费: 0.00, 风险度: 0.00%
    INFO - 日期: 2022-02-21, 账户权益: 10000000.00, 可用资金: 10000000.00, 浮动盈亏: 0.00, 持仓盈亏: 0.00, 平仓盈亏: 0.00, 市值: 0.00, 保证金: 0.00, 手续费: 0.00, 风险度: 0.00%
    INFO - 日期: 2022-02-22, 账户权益: 10000000.00, 可用资金: 10000000.00, 浮动盈亏: 0.00, 持仓盈亏: 0.00, 平仓盈亏: 0.00, 市值: 0.00, 保证金: 0.00, 手续费: 0.00, 风险度: 0.00%
    INFO - 日期: 2022-02-23, 账户权益: 10000000.00, 可用资金: 10000000.00, 浮动盈亏: 0.00, 持仓盈亏: 0.00, 平仓盈亏: 0.00, 市值: 0.00, 保证金: 0.00, 手续费: 0.00, 风险度: 0.00%
    INFO - 日期: 2022-02-24, 账户权益: 10000000.00, 可用资金: 10000000.00, 浮动盈亏: 0.00, 持仓盈亏: 0.00, 平仓盈亏: 0.00, 市值: 0.00, 保证金: 0.00, 手续费: 0.00, 风险度: 0.00%
    INFO - 日期: 2022-02-25, 账户权益: 10000000.00, 可用资金: 10000000.00, 浮动盈亏: 0.00, 持仓盈亏: 0.00, 平仓盈亏: 0.00, 市值: 0.00, 保证金: 0.00, 手续费: 0.00, 风险度: 0.00%
    INFO - 日期: 2022-02-28, 账户权益: 10000000.00, 可用资金: 10000000.00, 浮动盈亏: 0.00, 持仓盈亏: 0.00, 平仓盈亏: 0.00, 市值: 0.00, 保证金: 0.00, 手续费: 0.00, 风险度: 0.00%
    INFO - 日期: 2022-03-01, 账户权益: 10000000.00, 可用资金: 10000000.00, 浮动盈亏: 0.00, 持仓盈亏: 0.00, 平仓盈亏: 0.00, 市值: 0.00, 保证金: 0.00, 手续费: 0.00, 风险度: 0.00%
    INFO - 日期: 2022-03-02, 账户权益: 10000000.00, 可用资金: 10000000.00, 浮动盈亏: 0.00, 持仓盈亏: 0.00, 平仓盈亏: 0.00, 市值: 0.00, 保证金: 0.00, 手续费: 0.00, 风险度: 0.00%
    INFO - 日期: 2022-03-03, 账户权益: 10000000.00, 可用资金: 10000000.00, 浮动盈亏: 0.00, 持仓盈亏: 0.00, 平仓盈亏: 0.00, 市值: 0.00, 保证金: 0.00, 手续费: 0.00, 风险度: 0.00%
    INFO - 日期: 2022-03-04, 账户权益: 10000000.00, 可用资金: 10000000.00, 浮动盈亏: 0.00, 持仓盈亏: 0.00, 平仓盈亏: 0.00, 市值: 0.00, 保证金: 0.00, 手续费: 0.00, 风险度: 0.00%
    INFO - 日期: 2022-03-07, 账户权益: 10000000.00, 可用资金: 10000000.00, 浮动盈亏: 0.00, 持仓盈亏: 0.00, 平仓盈亏: 0.00, 市值: 0.00, 保证金: 0.00, 手续费: 0.00, 风险度: 0.00%
    INFO - 日期: 2022-03-08, 账户权益: 10000000.00, 可用资金: 10000000.00, 浮动盈亏: 0.00, 持仓盈亏: 0.00, 平仓盈亏: 0.00, 市值: 0.00, 保证金: 0.00, 手续费: 0.00, 风险度: 0.00%
    INFO - 日期: 2022-03-09, 账户权益: 10000000.00, 可用资金: 10000000.00, 浮动盈亏: 0.00, 持仓盈亏: 0.00, 平仓盈亏: 0.00, 市值: 0.00, 保证金: 0.00, 手续费: 0.00, 风险度: 0.00%
    INFO - 日期: 2022-03-10, 账户权益: 10000000.00, 可用资金: 10000000.00, 浮动盈亏: 0.00, 持仓盈亏: 0.00, 平仓盈亏: 0.00, 市值: 0.00, 保证金: 0.00, 手续费: 0.00, 风险度: 0.00%
    INFO - 日期: 2022-03-11, 账户权益: 10000000.00, 可用资金: 10000000.00, 浮动盈亏: 0.00, 持仓盈亏: 0.00, 平仓盈亏: 0.00, 市值: 0.00, 保证金: 0.00, 手续费: 0.00, 风险度: 0.00%
    INFO - 日期: 2022-03-14, 账户权益: 10000000.00, 可用资金: 10000000.00, 浮动盈亏: 0.00, 持仓盈亏: 0.00, 平仓盈亏: 0.00, 市值: 0.00, 保证金: 0.00, 手续费: 0.00, 风险度: 0.00%
    INFO - 日期: 2022-03-15, 账户权益: 10000000.00, 可用资金: 10000000.00, 浮动盈亏: 0.00, 持仓盈亏: 0.00, 平仓盈亏: 0.00, 市值: 0.00, 保证金: 0.00, 手续费: 0.00, 风险度: 0.00%
    INFO - 日期: 2022-03-16, 账户权益: 10000000.00, 可用资金: 10000000.00, 浮动盈亏: 0.00, 持仓盈亏: 0.00, 平仓盈亏: 0.00, 市值: 0.00, 保证金: 0.00, 手续费: 0.00, 风险度: 0.00%
    INFO - 日期: 2022-03-17, 账户权益: 10000000.00, 可用资金: 10000000.00, 浮动盈亏: 0.00, 持仓盈亏: 0.00, 平仓盈亏: 0.00, 市值: 0.00, 保证金: 0.00, 手续费: 0.00, 风险度: 0.00%
    INFO - 日期: 2022-03-18, 账户权益: 10000000.00, 可用资金: 10000000.00, 浮动盈亏: 0.00, 持仓盈亏: 0.00, 平仓盈亏: 0.00, 市值: 0.00, 保证金: 0.00, 手续费: 0.00, 风险度: 0.00%
    INFO - 日期: 2022-03-21, 账户权益: 10000000.00, 可用资金: 10000000.00, 浮动盈亏: 0.00, 持仓盈亏: 0.00, 平仓盈亏: 0.00, 市值: 0.00, 保证金: 0.00, 手续费: 0.00, 风险度: 0.00%
    INFO - 日期: 2022-03-22, 账户权益: 10000000.00, 可用资金: 10000000.00, 浮动盈亏: 0.00, 持仓盈亏: 0.00, 平仓盈亏: 0.00, 市值: 0.00, 保证金: 0.00, 手续费: 0.00, 风险度: 0.00%
    INFO - 胜率: 0.00%, 盈亏额比例: inf, 收益率: 0.00%, 年化收益率: 0.00%, 最大回撤: 0.00%, 年化夏普率: inf,年化索提诺比率: -15.8114
    INFO - 回测结束
extracted rank=92 lh2205.DCE DCE.lh2205 rows=5205 elapsed=7.49
    INFO - 模拟交易成交记录, 账户: TQSIM
    INFO - 模拟交易账户资金, 账户: TQSIM
    INFO - 日期: 2022-01-05, 账户权益: 10000000.00, 可用资金: 10000000.00, 浮动盈亏: 0.00, 持仓盈亏: 0.00, 平仓盈亏: 0.00, 市值: 0.00, 保证金: 0.00, 手续费: 0.00, 风险度: 0.00%
    INFO - 日期: 2022-01-06, 账户权益: 10000000.00, 可用资金: 10000000.00, 浮动盈亏: 0.00, 持仓盈亏: 0.00, 平仓盈亏: 0.00, 市值: 0.00, 保证金: 0.00, 手续费: 0.00, 风险度: 0.00%
    INFO - 日期: 2022-01-07, 账户权益: 10000000.00, 可用资金: 10000000.00, 浮动盈亏: 0.00, 持仓盈亏: 0.00, 平仓盈亏: 0.00, 市值: 0.00, 保证金: 0.00, 手续费: 0.00, 风险度: 0.00%
    INFO - 日期: 2022-01-10, 账户权益: 10000000.00, 可用资金: 10000000.00, 浮动盈亏: 0.00, 持仓盈亏: 0.00, 平仓盈亏: 0.00, 市值: 0.00, 保证金: 0.00, 手续费: 0.00, 风险度: 0.00%
    INFO - 日期: 2022-01-11, 账户权益: 10000000.00, 可用资金: 10000000.00, 浮动盈亏: 0.00, 持仓盈亏: 0.00, 平仓盈亏: 0.00, 市值: 0.00, 保证金: 0.00, 手续费: 0.00, 风险度: 0.00%
    INFO - 日期: 2022-01-12, 账户权益: 10000000.00, 可用资金: 10000000.00, 浮动盈亏: 0.00, 持仓盈亏: 0.00, 平仓盈亏: 0.00, 市值: 0.00, 保证金: 0.00, 手续费: 0.00, 风险度: 0.00%
    INFO - 日期: 2022-01-13, 账户权益: 10000000.00, 可用资金: 10000000.00, 浮动盈亏: 0.00, 持仓盈亏: 0.00, 平仓盈亏: 0.00, 市值: 0.00, 保证金: 0.00, 手续费: 0.00, 风险度: 0.00%
    INFO - 日期: 2022-01-14, 账户权益: 10000000.00, 可用资金: 10000000.00, 浮动盈亏: 0.00, 持仓盈亏: 0.00, 平仓盈亏: 0.00, 市值: 0.00, 保证金: 0.00, 手续费: 0.00, 风险度: 0.00%
    INFO - 日期: 2022-01-17, 账户权益: 10000000.00, 可用资金: 10000000.00, 浮动盈亏: 0.00, 持仓盈亏: 0.00, 平仓盈亏: 0.00, 市值: 0.00, 保证金: 0.00, 手续费: 0.00, 风险度: 0.00%
    INFO - 日期: 2022-01-18, 账户权益: 10000000.00, 可用资金: 10000000.00, 浮动盈亏: 0.00, 持仓盈亏: 0.00, 平仓盈亏: 0.00, 市值: 0.00, 保证金: 0.00, 手续费: 0.00, 风险度: 0.00%
    INFO - 日期: 2022-01-19, 账户权益: 10000000.00, 可用资金: 10000000.00, 浮动盈亏: 0.00, 持仓盈亏: 0.00, 平仓盈亏: 0.00, 市值: 0.00, 保证金: 0.00, 手续费: 0.00, 风险度: 0.00%
    INFO - 日期: 2022-01-20, 账户权益: 10000000.00, 可用资金: 10000000.00, 浮动盈亏: 0.00, 持仓盈亏: 0.00, 平仓盈亏: 0.00, 市值: 0.00, 保证金: 0.00, 手续费: 0.00, 风险度: 0.00%
    INFO - 日期: 2022-01-21, 账户权益: 10000000.00, 可用资金: 10000000.00, 浮动盈亏: 0.00, 持仓盈亏: 0.00, 平仓盈亏: 0.00, 市值: 0.00, 保证金: 0.00, 手续费: 0.00, 风险度: 0.00%
    INFO - 日期: 2022-01-24, 账户权益: 10000000.00, 可用资金: 10000000.00, 浮动盈亏: 0.00, 持仓盈亏: 0.00, 平仓盈亏: 0.00, 市值: 0.00, 保证金: 0.00, 手续费: 0.00, 风险度: 0.00%
    INFO - 日期: 2022-01-25, 账户权益: 10000000.00, 可用资金: 10000000.00, 浮动盈亏: 0.00, 持仓盈亏: 0.00, 平仓盈亏: 0.00, 市值: 0.00, 保证金: 0.00, 手续费: 0.00, 风险度: 0.00%
    INFO - 日期: 2022-01-26, 账户权益: 10000000.00, 可用资金: 10000000.00, 浮动盈亏: 0.00, 持仓盈亏: 0.00, 平仓盈亏: 0.00, 市值: 0.00, 保证金: 0.00, 手续费: 0.00, 风险度: 0.00%
    INFO - 日期: 2022-01-27, 账户权益: 10000000.00, 可用资金: 10000000.00, 浮动盈亏: 0.00, 持仓盈亏: 0.00, 平仓盈亏: 0.00, 市值: 0.00, 保证金: 0.00, 手续费: 0.00, 风险度: 0.00%
    INFO - 日期: 2022-01-28, 账户权益: 10000000.00, 可用资金: 10000000.00, 浮动盈亏: 0.00, 持仓盈亏: 0.00, 平仓盈亏: 0.00, 市值: 0.00, 保证金: 0.00, 手续费: 0.00, 风险度: 0.00%
    INFO - 日期: 2022-02-07, 账户权益: 10000000.00, 可用资金: 10000000.00, 浮动盈亏: 0.00, 持仓盈亏: 0.00, 平仓盈亏: 0.00, 市值: 0.00, 保证金: 0.00, 手续费: 0.00, 风险度: 0.00%
    INFO - 日期: 2022-02-08, 账户权益: 10000000.00, 可用资金: 10000000.00, 浮动盈亏: 0.00, 持仓盈亏: 0.00, 平仓盈亏: 0.00, 市值: 0.00, 保证金: 0.00, 手续费: 0.00, 风险度: 0.00%
    INFO - 日期: 2022-02-09, 账户权益: 10000000.00, 可用资金: 10000000.00, 浮动盈亏: 0.00, 持仓盈亏: 0.00, 平仓盈亏: 0.00, 市值: 0.00, 保证金: 0.00, 手续费: 0.00, 风险度: 0.00%
    INFO - 日期: 2022-02-10, 账户权益: 10000000.00, 可用资金: 10000000.00, 浮动盈亏: 0.00, 持仓盈亏: 0.00, 平仓盈亏: 0.00, 市值: 0.00, 保证金: 0.00, 手续费: 0.00, 风险度: 0.00%
    INFO - 胜率: 0.00%, 盈亏额比例: inf, 收益率: 0.00%, 年化收益率: 0.00%, 最大回撤: 0.00%, 年化夏普率: inf,年化索提诺比率: -15.8114
    INFO - 回测结束
extracted rank=93 AP205.CZCE CZCE.AP205 rows=4530 elapsed=6.52
cached_raw rank=94 jm2405.DCE DCE.jm2405 rows=479 elapsed=0.0
cached_raw rank=95 ru2501.SHFE SHFE.ru2501 rows=150 elapsed=0.0
cached_raw rank=96 OI605.CZCE CZCE.OI605 rows=150 elapsed=0.0
cached_raw rank=97 FG509.CZCE CZCE.FG509 rows=150 elapsed=0.0
cached_raw rank=98 jm2401.DCE DCE.jm2401 rows=479 elapsed=0.0
cached_raw rank=99 rb2505.SHFE SHFE.rb2505 rows=359 elapsed=0.0
cached_raw rank=100 ru2405.SHFE SHFE.ru2405 rows=479 elapsed=0.0
cached_raw rank=101 cu2410.SHFE SHFE.cu2410 rows=270 elapsed=0.0
    INFO - 模拟交易成交记录, 账户: TQSIM
    INFO - 模拟交易账户资金, 账户: TQSIM
    INFO - 日期: 2022-08-26, 账户权益: 10000000.00, 可用资金: 10000000.00, 浮动盈亏: 0.00, 持仓盈亏: 0.00, 平仓盈亏: 0.00, 市值: 0.00, 保证金: 0.00, 手续费: 0.00, 风险度: 0.00%
    INFO - 日期: 2022-08-29, 账户权益: 10000000.00, 可用资金: 10000000.00, 浮动盈亏: 0.00, 持仓盈亏: 0.00, 平仓盈亏: 0.00, 市值: 0.00, 保证金: 0.00, 手续费: 0.00, 风险度: 0.00%
    INFO - 日期: 2022-08-30, 账户权益: 10000000.00, 可用资金: 10000000.00, 浮动盈亏: 0.00, 持仓盈亏: 0.00, 平仓盈亏: 0.00, 市值: 0.00, 保证金: 0.00, 手续费: 0.00, 风险度: 0.00%
    INFO - 日期: 2022-08-31, 账户权益: 10000000.00, 可用资金: 10000000.00, 浮动盈亏: 0.00, 持仓盈亏: 0.00, 平仓盈亏: 0.00, 市值: 0.00, 保证金: 0.00, 手续费: 0.00, 风险度: 0.00%
    INFO - 胜率: 0.00%, 盈亏额比例: inf, 收益率: 0.00%, 年化收益率: 0.00%, 最大回撤: 0.00%, 年化夏普率: inf,年化索提诺比率: -15.8114
    INFO - 回测结束
extracted rank=102 fu2301.SHFE SHFE.fu2301 rows=840 elapsed=4.02
    INFO - 模拟交易成交记录, 账户: TQSIM
    INFO - 模拟交易账户资金, 账户: TQSIM
    INFO - 日期: 2024-09-25, 账户权益: 10000000.00, 可用资金: 10000000.00, 浮动盈亏: 0.00, 持仓盈亏: 0.00, 平仓盈亏: 0.00, 市值: 0.00, 保证金: 0.00, 手续费: 0.00, 风险度: 0.00%
    INFO - 日期: 2024-09-26, 账户权益: 10000000.00, 可用资金: 10000000.00, 浮动盈亏: 0.00, 持仓盈亏: 0.00, 平仓盈亏: 0.00, 市值: 0.00, 保证金: 0.00, 手续费: 0.00, 风险度: 0.00%
    INFO - 日期: 2024-09-27, 账户权益: 10000000.00, 可用资金: 10000000.00, 浮动盈亏: 0.00, 持仓盈亏: 0.00, 平仓盈亏: 0.00, 市值: 0.00, 保证金: 0.00, 手续费: 0.00, 风险度: 0.00%
    INFO - 日期: 2024-09-30, 账户权益: 10000000.00, 可用资金: 10000000.00, 浮动盈亏: 0.00, 持仓盈亏: 0.00, 平仓盈亏: 0.00, 市值: 0.00, 保证金: 0.00, 手续费: 0.00, 风险度: 0.00%
    INFO - 日期: 2024-10-08, 账户权益: 10000000.00, 可用资金: 10000000.00, 浮动盈亏: 0.00, 持仓盈亏: 0.00, 平仓盈亏: 0.00, 市值: 0.00, 保证金: 0.00, 手续费: 0.00, 风险度: 0.00%
    INFO - 日期: 2024-10-09, 账户权益: 10000000.00, 可用资金: 10000000.00, 浮动盈亏: 0.00, 持仓盈亏: 0.00, 平仓盈亏: 0.00, 市值: 0.00, 保证金: 0.00, 手续费: 0.00, 风险度: 0.00%
    INFO - 胜率: 0.00%, 盈亏额比例: inf, 收益率: 0.00%, 年化收益率: 0.00%, 最大回撤: 0.00%, 年化夏普率: inf,年化索提诺比率: -15.8114
    INFO - 回测结束
extracted rank=103 cu2411.SHFE SHFE.cu2411 rows=1890 elapsed=4.7
cached_raw rank=104 fu2603.SHFE SHFE.fu2603 rows=150 elapsed=0.0
    INFO - 模拟交易成交记录, 账户: TQSIM
    INFO - 模拟交易账户资金, 账户: TQSIM
    INFO - 日期: 2025-12-04, 账户权益: 10000000.00, 可用资金: 10000000.00, 浮动盈亏: 0.00, 持仓盈亏: 0.00, 平仓盈亏: 0.00, 市值: 0.00, 保证金: 0.00, 手续费: 0.00, 风险度: 0.00%
    INFO - 日期: 2025-12-05, 账户权益: 10000000.00, 可用资金: 10000000.00, 浮动盈亏: 0.00, 持仓盈亏: 0.00, 平仓盈亏: 0.00, 市值: 0.00, 保证金: 0.00, 手续费: 0.00, 风险度: 0.00%
    INFO - 日期: 2025-12-08, 账户权益: 10000000.00, 可用资金: 10000000.00, 浮动盈亏: 0.00, 持仓盈亏: 0.00, 平仓盈亏: 0.00, 市值: 0.00, 保证金: 0.00, 手续费: 0.00, 风险度: 0.00%
    INFO - 日期: 2025-12-09, 账户权益: 10000000.00, 可用资金: 10000000.00, 浮动盈亏: 0.00, 持仓盈亏: 0.00, 平仓盈亏: 0.00, 市值: 0.00, 保证金: 0.00, 手续费: 0.00, 风险度: 0.00%
    INFO - 日期: 2025-12-10, 账户权益: 10000000.00, 可用资金: 10000000.00, 浮动盈亏: 0.00, 持仓盈亏: 0.00, 平仓盈亏: 0.00, 市值: 0.00, 保证金: 0.00, 手续费: 0.00, 风险度: 0.00%
    INFO - 日期: 2025-12-11, 账户权益: 10000000.00, 可用资金: 10000000.00, 浮动盈亏: 0.00, 持仓盈亏: 0.00, 平仓盈亏: 0.00, 市值: 0.00, 保证金: 0.00, 手续费: 0.00, 风险度: 0.00%
    INFO - 日期: 2025-12-12, 账户权益: 10000000.00, 可用资金: 10000000.00, 浮动盈亏: 0.00, 持仓盈亏: 0.00, 平仓盈亏: 0.00, 市值: 0.00, 保证金: 0.00, 手续费: 0.00, 风险度: 0.00%
    INFO - 日期: 2025-12-15, 账户权益: 10000000.00, 可用资金: 10000000.00, 浮动盈亏: 0.00, 持仓盈亏: 0.00, 平仓盈亏: 0.00, 市值: 0.00, 保证金: 0.00, 手续费: 0.00, 风险度: 0.00%
    INFO - 日期: 2025-12-16, 账户权益: 10000000.00, 可用资金: 10000000.00, 浮动盈亏: 0.00, 持仓盈亏: 0.00, 平仓盈亏: 0.00, 市值: 0.00, 保证金: 0.00, 手续费: 0.00, 风险度: 0.00%
    INFO - 胜率: 0.00%, 盈亏额比例: inf, 收益率: 0.00%, 年化收益率: 0.00%, 最大回撤: 0.00%, 年化夏普率: inf,年化索提诺比率: -15.8114
    INFO - 回测结束
extracted rank=105 SA601.CZCE CZCE.SA601 rows=2565 elapsed=5.09
    INFO - 模拟交易成交记录, 账户: TQSIM
    INFO - 模拟交易账户资金, 账户: TQSIM
    INFO - 日期: 2023-03-09, 账户权益: 10000000.00, 可用资金: 10000000.00, 浮动盈亏: 0.00, 持仓盈亏: 0.00, 平仓盈亏: 0.00, 市值: 0.00, 保证金: 0.00, 手续费: 0.00, 风险度: 0.00%
    INFO - 日期: 2023-03-10, 账户权益: 10000000.00, 可用资金: 10000000.00, 浮动盈亏: 0.00, 持仓盈亏: 0.00, 平仓盈亏: 0.00, 市值: 0.00, 保证金: 0.00, 手续费: 0.00, 风险度: 0.00%
    INFO - 日期: 2023-03-13, 账户权益: 10000000.00, 可用资金: 10000000.00, 浮动盈亏: 0.00, 持仓盈亏: 0.00, 平仓盈亏: 0.00, 市值: 0.00, 保证金: 0.00, 手续费: 0.00, 风险度: 0.00%
    INFO - 日期: 2023-03-14, 账户权益: 10000000.00, 可用资金: 10000000.00, 浮动盈亏: 0.00, 持仓盈亏: 0.00, 平仓盈亏: 0.00, 市值: 0.00, 保证金: 0.00, 手续费: 0.00, 风险度: 0.00%
    INFO - 日期: 2023-03-15, 账户权益: 10000000.00, 可用资金: 10000000.00, 浮动盈亏: 0.00, 持仓盈亏: 0.00, 平仓盈亏: 0.00, 市值: 0.00, 保证金: 0.00, 手续费: 0.00, 风险度: 0.00%
    INFO - 日期: 2023-03-16, 账户权益: 10000000.00, 可用资金: 10000000.00, 浮动盈亏: 0.00, 持仓盈亏: 0.00, 平仓盈亏: 0.00, 市值: 0.00, 保证金: 0.00, 手续费: 0.00, 风险度: 0.00%
    INFO - 日期: 2023-03-17, 账户权益: 10000000.00, 可用资金: 10000000.00, 浮动盈亏: 0.00, 持仓盈亏: 0.00, 平仓盈亏: 0.00, 市值: 0.00, 保证金: 0.00, 手续费: 0.00, 风险度: 0.00%
    INFO - 日期: 2023-03-20, 账户权益: 10000000.00, 可用资金: 10000000.00, 浮动盈亏: 0.00, 持仓盈亏: 0.00, 平仓盈亏: 0.00, 市值: 0.00, 保证金: 0.00, 手续费: 0.00, 风险度: 0.00%
    INFO - 日期: 2023-03-21, 账户权益: 10000000.00, 可用资金: 10000000.00, 浮动盈亏: 0.00, 持仓盈亏: 0.00, 平仓盈亏: 0.00, 市值: 0.00, 保证金: 0.00, 手续费: 0.00, 风险度: 0.00%
    INFO - 日期: 2023-03-22, 账户权益: 10000000.00, 可用资金: 10000000.00, 浮动盈亏: 0.00, 持仓盈亏: 0.00, 平仓盈亏: 0.00, 市值: 0.00, 保证金: 0.00, 手续费: 0.00, 风险度: 0.00%
    INFO - 日期: 2023-03-23, 账户权益: 10000000.00, 可用资金: 10000000.00, 浮动盈亏: 0.00, 持仓盈亏: 0.00, 平仓盈亏: 0.00, 市值: 0.00, 保证金: 0.00, 手续费: 0.00, 风险度: 0.00%
    INFO - 日期: 2023-03-24, 账户权益: 10000000.00, 可用资金: 10000000.00, 浮动盈亏: 0.00, 持仓盈亏: 0.00, 平仓盈亏: 0.00, 市值: 0.00, 保证金: 0.00, 手续费: 0.00, 风险度: 0.00%
    INFO - 日期: 2023-03-27, 账户权益: 10000000.00, 可用资金: 10000000.00, 浮动盈亏: 0.00, 持仓盈亏: 0.00, 平仓盈亏: 0.00, 市值: 0.00, 保证金: 0.00, 手续费: 0.00, 风险度: 0.00%
    INFO - 日期: 2023-03-28, 账户权益: 10000000.00, 可用资金: 10000000.00, 浮动盈亏: 0.00, 持仓盈亏: 0.00, 平仓盈亏: 0.00, 市值: 0.00, 保证金: 0.00, 手续费: 0.00, 风险度: 0.00%
    INFO - 日期: 2023-03-29, 账户权益: 10000000.00, 可用资金: 10000000.00, 浮动盈亏: 0.00, 持仓盈亏: 0.00, 平仓盈亏: 0.00, 市值: 0.00, 保证金: 0.00, 手续费: 0.00, 风险度: 0.00%
    INFO - 胜率: 0.00%, 盈亏额比例: inf, 收益率: 0.00%, 年化收益率: 0.00%, 最大回撤: 0.00%, 年化夏普率: inf,年化索提诺比率: -15.8114
    INFO - 回测结束
extracted rank=106 OI305.CZCE CZCE.OI305 rows=4635 elapsed=6.76
    INFO - 模拟交易成交记录, 账户: TQSIM
    INFO - 模拟交易账户资金, 账户: TQSIM
    INFO - 日期: 2025-01-17, 账户权益: 10000000.00, 可用资金: 10000000.00, 浮动盈亏: 0.00, 持仓盈亏: 0.00, 平仓盈亏: 0.00, 市值: 0.00, 保证金: 0.00, 手续费: 0.00, 风险度: 0.00%
    INFO - 日期: 2025-01-20, 账户权益: 10000000.00, 可用资金: 10000000.00, 浮动盈亏: 0.00, 持仓盈亏: 0.00, 平仓盈亏: 0.00, 市值: 0.00, 保证金: 0.00, 手续费: 0.00, 风险度: 0.00%
    INFO - 日期: 2025-01-21, 账户权益: 10000000.00, 可用资金: 10000000.00, 浮动盈亏: 0.00, 持仓盈亏: 0.00, 平仓盈亏: 0.00, 市值: 0.00, 保证金: 0.00, 手续费: 0.00, 风险度: 0.00%
    INFO - 日期: 2025-01-22, 账户权益: 10000000.00, 可用资金: 10000000.00, 浮动盈亏: 0.00, 持仓盈亏: 0.00, 平仓盈亏: 0.00, 市值: 0.00, 保证金: 0.00, 手续费: 0.00, 风险度: 0.00%
    INFO - 日期: 2025-01-23, 账户权益: 10000000.00, 可用资金: 10000000.00, 浮动盈亏: 0.00, 持仓盈亏: 0.00, 平仓盈亏: 0.00, 市值: 0.00, 保证金: 0.00, 手续费: 0.00, 风险度: 0.00%
    INFO - 日期: 2025-01-24, 账户权益: 10000000.00, 可用资金: 10000000.00, 浮动盈亏: 0.00, 持仓盈亏: 0.00, 平仓盈亏: 0.00, 市值: 0.00, 保证金: 0.00, 手续费: 0.00, 风险度: 0.00%
    INFO - 日期: 2025-01-27, 账户权益: 10000000.00, 可用资金: 10000000.00, 浮动盈亏: 0.00, 持仓盈亏: 0.00, 平仓盈亏: 0.00, 市值: 0.00, 保证金: 0.00, 手续费: 0.00, 风险度: 0.00%
    INFO - 日期: 2025-02-05, 账户权益: 10000000.00, 可用资金: 10000000.00, 浮动盈亏: 0.00, 持仓盈亏: 0.00, 平仓盈亏: 0.00, 市值: 0.00, 保证金: 0.00, 手续费: 0.00, 风险度: 0.00%
    INFO - 日期: 2025-02-06, 账户权益: 10000000.00, 可用资金: 10000000.00, 浮动盈亏: 0.00, 持仓盈亏: 0.00, 平仓盈亏: 0.00, 市值: 0.00, 保证金: 0.00, 手续费: 0.00, 风险度: 0.00%
    INFO - 日期: 2025-02-07, 账户权益: 10000000.00, 可用资金: 10000000.00, 浮动盈亏: 0.00, 持仓盈亏: 0.00, 平仓盈亏: 0.00, 市值: 0.00, 保证金: 0.00, 手续费: 0.00, 风险度: 0.00%
    INFO - 日期: 2025-02-10, 账户权益: 10000000.00, 可用资金: 10000000.00, 浮动盈亏: 0.00, 持仓盈亏: 0.00, 平仓盈亏: 0.00, 市值: 0.00, 保证金: 0.00, 手续费: 0.00, 风险度: 0.00%
    INFO - 日期: 2025-02-11, 账户权益: 10000000.00, 可用资金: 10000000.00, 浮动盈亏: 0.00, 持仓盈亏: 0.00, 平仓盈亏: 0.00, 市值: 0.00, 保证金: 0.00, 手续费: 0.00, 风险度: 0.00%
    INFO - 日期: 2025-02-12, 账户权益: 10000000.00, 可用资金: 10000000.00, 浮动盈亏: 0.00, 持仓盈亏: 0.00, 平仓盈亏: 0.00, 市值: 0.00, 保证金: 0.00, 手续费: 0.00, 风险度: 0.00%
    INFO - 胜率: 0.00%, 盈亏额比例: inf, 收益率: 0.00%, 年化收益率: 0.00%, 最大回撤: 0.00%, 年化夏普率: inf,年化索提诺比率: -15.8114
    INFO - 回测结束
extracted rank=107 sp2503.SHFE SHFE.sp2503 rows=3825 elapsed=6.88
    INFO - 回测结束
    INFO - 模拟交易成交记录, 账户: TQSIM
    INFO - 模拟交易账户资金, 账户: TQSIM
    INFO - 日期: 2024-07-22, 账户权益: 10000000.00, 可用资金: 10000000.00, 浮动盈亏: 0.00, 持仓盈亏: 0.00, 平仓盈亏: 0.00, 市值: 0.00, 保证金: 0.00, 手续费: 0.00, 风险度: 0.00%
    INFO - 日期: 2024-07-23, 账户权益: 10000000.00, 可用资金: 10000000.00, 浮动盈亏: 0.00, 持仓盈亏: 0.00, 平仓盈亏: 0.00, 市值: 0.00, 保证金: 0.00, 手续费: 0.00, 风险度: 0.00%
    INFO - 日期: 2024-07-24, 账户权益: 10000000.00, 可用资金: 10000000.00, 浮动盈亏: 0.00, 持仓盈亏: 0.00, 平仓盈亏: 0.00, 市值: 0.00, 保证金: 0.00, 手续费: 0.00, 风险度: 0.00%
    INFO - 日期: 2024-07-25, 账户权益: 10000000.00, 可用资金: 10000000.00, 浮动盈亏: 0.00, 持仓盈亏: 0.00, 平仓盈亏: 0.00, 市值: 0.00, 保证金: 0.00, 手续费: 0.00, 风险度: 0.00%
    INFO - 日期: 2024-07-26, 账户权益: 10000000.00, 可用资金: 10000000.00, 浮动盈亏: 0.00, 持仓盈亏: 0.00, 平仓盈亏: 0.00, 市值: 0.00, 保证金: 0.00, 手续费: 0.00, 风险度: 0.00%
    INFO - 日期: 2024-07-29, 账户权益: 10000000.00, 可用资金: 10000000.00, 浮动盈亏: 0.00, 持仓盈亏: 0.00, 平仓盈亏: 0.00, 市值: 0.00, 保证金: 0.00, 手续费: 0.00, 风险度: 0.00%
    INFO - 胜率: 0.00%, 盈亏额比例: inf, 收益率: 0.00%, 年化收益率: 0.00%, 最大回撤: 0.00%, 年化夏普率: inf,年化索提诺比率: -15.8114
extracted rank=108 jm2409.DCE DCE.jm2409 rows=1514 elapsed=4.06
    INFO - 回测结束
    INFO - 模拟交易成交记录, 账户: TQSIM
    INFO - 模拟交易账户资金, 账户: TQSIM
    INFO - 日期: 2025-08-20, 账户权益: 10000000.00, 可用资金: 10000000.00, 浮动盈亏: 0.00, 持仓盈亏: 0.00, 平仓盈亏: 0.00, 市值: 0.00, 保证金: 0.00, 手续费: 0.00, 风险度: 0.00%
    INFO - 日期: 2025-08-21, 账户权益: 10000000.00, 可用资金: 10000000.00, 浮动盈亏: 0.00, 持仓盈亏: 0.00, 平仓盈亏: 0.00, 市值: 0.00, 保证金: 0.00, 手续费: 0.00, 风险度: 0.00%
    INFO - 日期: 2025-08-22, 账户权益: 10000000.00, 可用资金: 10000000.00, 浮动盈亏: 0.00, 持仓盈亏: 0.00, 平仓盈亏: 0.00, 市值: 0.00, 保证金: 0.00, 手续费: 0.00, 风险度: 0.00%
    INFO - 日期: 2025-08-25, 账户权益: 10000000.00, 可用资金: 10000000.00, 浮动盈亏: 0.00, 持仓盈亏: 0.00, 平仓盈亏: 0.00, 市值: 0.00, 保证金: 0.00, 手续费: 0.00, 风险度: 0.00%
    INFO - 胜率: 0.00%, 盈亏额比例: inf, 收益率: 0.00%, 年化收益率: 0.00%, 最大回撤: 0.00%, 年化夏普率: inf,年化索提诺比率: -15.8114
extracted rank=109 fu2510.SHFE SHFE.fu2510 rows=824 elapsed=3.9
    INFO - 回测结束
    INFO - 模拟交易成交记录, 账户: TQSIM
    INFO - 模拟交易账户资金, 账户: TQSIM
    INFO - 日期: 2022-07-06, 账户权益: 10000000.00, 可用资金: 10000000.00, 浮动盈亏: 0.00, 持仓盈亏: 0.00, 平仓盈亏: 0.00, 市值: 0.00, 保证金: 0.00, 手续费: 0.00, 风险度: 0.00%
    INFO - 日期: 2022-07-07, 账户权益: 10000000.00, 可用资金: 10000000.00, 浮动盈亏: 0.00, 持仓盈亏: 0.00, 平仓盈亏: 0.00, 市值: 0.00, 保证金: 0.00, 手续费: 0.00, 风险度: 0.00%
    INFO - 日期: 2022-07-08, 账户权益: 10000000.00, 可用资金: 10000000.00, 浮动盈亏: 0.00, 持仓盈亏: 0.00, 平仓盈亏: 0.00, 市值: 0.00, 保证金: 0.00, 手续费: 0.00, 风险度: 0.00%
    INFO - 日期: 2022-07-11, 账户权益: 10000000.00, 可用资金: 10000000.00, 浮动盈亏: 0.00, 持仓盈亏: 0.00, 平仓盈亏: 0.00, 市值: 0.00, 保证金: 0.00, 手续费: 0.00, 风险度: 0.00%
    INFO - 胜率: 0.00%, 盈亏额比例: inf, 收益率: 0.00%, 年化收益率: 0.00%, 最大回撤: 0.00%, 年化夏普率: inf,年化索提诺比率: -15.8114
extracted rank=110 SA209.CZCE CZCE.SA209 rows=824 elapsed=3.85
cached_raw rank=111 SA505.CZCE CZCE.SA505 rows=150 elapsed=0.0
    INFO - 回测结束
    INFO - 模拟交易成交记录, 账户: TQSIM
    INFO - 模拟交易账户资金, 账户: TQSIM
    INFO - 日期: 2025-06-27, 账户权益: 10000000.00, 可用资金: 10000000.00, 浮动盈亏: 0.00, 持仓盈亏: 0.00, 平仓盈亏: 0.00, 市值: 0.00, 保证金: 0.00, 手续费: 0.00, 风险度: 0.00%
    INFO - 日期: 2025-06-30, 账户权益: 10000000.00, 可用资金: 10000000.00, 浮动盈亏: 0.00, 持仓盈亏: 0.00, 平仓盈亏: 0.00, 市值: 0.00, 保证金: 0.00, 手续费: 0.00, 风险度: 0.00%
    INFO - 日期: 2025-07-01, 账户权益: 10000000.00, 可用资金: 10000000.00, 浮动盈亏: 0.00, 持仓盈亏: 0.00, 平仓盈亏: 0.00, 市值: 0.00, 保证金: 0.00, 手续费: 0.00, 风险度: 0.00%
    INFO - 日期: 2025-07-02, 账户权益: 10000000.00, 可用资金: 10000000.00, 浮动盈亏: 0.00, 持仓盈亏: 0.00, 平仓盈亏: 0.00, 市值: 0.00, 保证金: 0.00, 手续费: 0.00, 风险度: 0.00%
    INFO - 日期: 2025-07-03, 账户权益: 10000000.00, 可用资金: 10000000.00, 浮动盈亏: 0.00, 持仓盈亏: 0.00, 平仓盈亏: 0.00, 市值: 0.00, 保证金: 0.00, 手续费: 0.00, 风险度: 0.00%
    INFO - 日期: 2025-07-04, 账户权益: 10000000.00, 可用资金: 10000000.00, 浮动盈亏: 0.00, 持仓盈亏: 0.00, 平仓盈亏: 0.00, 市值: 0.00, 保证金: 0.00, 手续费: 0.00, 风险度: 0.00%
    INFO - 日期: 2025-07-07, 账户权益: 10000000.00, 可用资金: 10000000.00, 浮动盈亏: 0.00, 持仓盈亏: 0.00, 平仓盈亏: 0.00, 市值: 0.00, 保证金: 0.00, 手续费: 0.00, 风险度: 0.00%
    INFO - 胜率: 0.00%, 盈亏额比例: inf, 收益率: 0.00%, 年化收益率: 0.00%, 最大回撤: 0.00%, 年化夏普率: inf,年化索提诺比率: -15.8114
extracted rank=112 cu2508.SHFE SHFE.cu2508 rows=2579 elapsed=5.26
    INFO - 模拟交易成交记录, 账户: TQSIM
    INFO - 模拟交易账户资金, 账户: TQSIM
    INFO - 日期: 2025-01-20, 账户权益: 10000000.00, 可用资金: 10000000.00, 浮动盈亏: 0.00, 持仓盈亏: 0.00, 平仓盈亏: 0.00, 市值: 0.00, 保证金: 0.00, 手续费: 0.00, 风险度: 0.00%
    INFO - 日期: 2025-01-21, 账户权益: 10000000.00, 可用资金: 10000000.00, 浮动盈亏: 0.00, 持仓盈亏: 0.00, 平仓盈亏: 0.00, 市值: 0.00, 保证金: 0.00, 手续费: 0.00, 风险度: 0.00%
    INFO - 日期: 2025-01-22, 账户权益: 10000000.00, 可用资金: 10000000.00, 浮动盈亏: 0.00, 持仓盈亏: 0.00, 平仓盈亏: 0.00, 市值: 0.00, 保证金: 0.00, 手续费: 0.00, 风险度: 0.00%
    INFO - 胜率: 0.00%, 盈亏额比例: inf, 收益率: 0.00%, 年化收益率: 0.00%, 最大回撤: 0.00%, 年化夏普率: inf,年化索提诺比率: -15.8114
    INFO - 回测结束
extracted rank=113 OI505.CZCE CZCE.OI505 rows=495 elapsed=3.34
    INFO - 模拟交易成交记录, 账户: TQSIM
    INFO - 模拟交易账户资金, 账户: TQSIM
    INFO - 日期: 2023-10-24, 账户权益: 10000000.00, 可用资金: 10000000.00, 浮动盈亏: 0.00, 持仓盈亏: 0.00, 平仓盈亏: 0.00, 市值: 0.00, 保证金: 0.00, 手续费: 0.00, 风险度: 0.00%
    INFO - 日期: 2023-10-25, 账户权益: 10000000.00, 可用资金: 10000000.00, 浮动盈亏: 0.00, 持仓盈亏: 0.00, 平仓盈亏: 0.00, 市值: 0.00, 保证金: 0.00, 手续费: 0.00, 风险度: 0.00%
    INFO - 日期: 2023-10-26, 账户权益: 10000000.00, 可用资金: 10000000.00, 浮动盈亏: 0.00, 持仓盈亏: 0.00, 平仓盈亏: 0.00, 市值: 0.00, 保证金: 0.00, 手续费: 0.00, 风险度: 0.00%
    INFO - 胜率: 0.00%, 盈亏额比例: inf, 收益率: 0.00%, 年化收益率: 0.00%, 最大回撤: 0.00%, 年化夏普率: inf,年化索提诺比率: -15.8114
    INFO - 回测结束
extracted rank=114 hc2401.SHFE SHFE.hc2401 rows=495 elapsed=3.49
    INFO - 模拟交易成交记录, 账户: TQSIM
    INFO - 模拟交易账户资金, 账户: TQSIM
    INFO - 日期: 2025-06-17, 账户权益: 10000000.00, 可用资金: 10000000.00, 浮动盈亏: 0.00, 持仓盈亏: 0.00, 平仓盈亏: 0.00, 市值: 0.00, 保证金: 0.00, 手续费: 0.00, 风险度: 0.00%
    INFO - 日期: 2025-06-18, 账户权益: 10000000.00, 可用资金: 10000000.00, 浮动盈亏: 0.00, 持仓盈亏: 0.00, 平仓盈亏: 0.00, 市值: 0.00, 保证金: 0.00, 手续费: 0.00, 风险度: 0.00%
    INFO - 日期: 2025-06-19, 账户权益: 10000000.00, 可用资金: 10000000.00, 浮动盈亏: 0.00, 持仓盈亏: 0.00, 平仓盈亏: 0.00, 市值: 0.00, 保证金: 0.00, 手续费: 0.00, 风险度: 0.00%
    INFO - 日期: 2025-06-20, 账户权益: 10000000.00, 可用资金: 10000000.00, 浮动盈亏: 0.00, 持仓盈亏: 0.00, 平仓盈亏: 0.00, 市值: 0.00, 保证金: 0.00, 手续费: 0.00, 风险度: 0.00%
    INFO - 日期: 2025-06-23, 账户权益: 10000000.00, 可用资金: 10000000.00, 浮动盈亏: 0.00, 持仓盈亏: 0.00, 平仓盈亏: 0.00, 市值: 0.00, 保证金: 0.00, 手续费: 0.00, 风险度: 0.00%
    INFO - 日期: 2025-06-24, 账户权益: 10000000.00, 可用资金: 10000000.00, 浮动盈亏: 0.00, 持仓盈亏: 0.00, 平仓盈亏: 0.00, 市值: 0.00, 保证金: 0.00, 手续费: 0.00, 风险度: 0.00%
    INFO - 日期: 2025-06-25, 账户权益: 10000000.00, 可用资金: 10000000.00, 浮动盈亏: 0.00, 持仓盈亏: 0.00, 平仓盈亏: 0.00, 市值: 0.00, 保证金: 0.00, 手续费: 0.00, 风险度: 0.00%
    INFO - 胜率: 0.00%, 盈亏额比例: inf, 收益率: 0.00%, 年化收益率: 0.00%, 最大回撤: 0.00%, 年化夏普率: inf,年化索提诺比率: -15.8114
    INFO - 回测结束
extracted rank=115 MA509.CZCE CZCE.MA509 rows=1875 elapsed=4.74
    INFO - 回测结束
    INFO - 模拟交易成交记录, 账户: TQSIM
    INFO - 模拟交易账户资金, 账户: TQSIM
    INFO - 日期: 2025-09-25, 账户权益: 10000000.00, 可用资金: 10000000.00, 浮动盈亏: 0.00, 持仓盈亏: 0.00, 平仓盈亏: 0.00, 市值: 0.00, 保证金: 0.00, 手续费: 0.00, 风险度: 0.00%
    INFO - 日期: 2025-09-26, 账户权益: 10000000.00, 可用资金: 10000000.00, 浮动盈亏: 0.00, 持仓盈亏: 0.00, 平仓盈亏: 0.00, 市值: 0.00, 保证金: 0.00, 手续费: 0.00, 风险度: 0.00%
    INFO - 日期: 2025-09-29, 账户权益: 10000000.00, 可用资金: 10000000.00, 浮动盈亏: 0.00, 持仓盈亏: 0.00, 平仓盈亏: 0.00, 市值: 0.00, 保证金: 0.00, 手续费: 0.00, 风险度: 0.00%
    INFO - 日期: 2025-09-30, 账户权益: 10000000.00, 可用资金: 10000000.00, 浮动盈亏: 0.00, 持仓盈亏: 0.00, 平仓盈亏: 0.00, 市值: 0.00, 保证金: 0.00, 手续费: 0.00, 风险度: 0.00%
    INFO - 胜率: 0.00%, 盈亏额比例: inf, 收益率: 0.00%, 年化收益率: 0.00%, 最大回撤: 0.00%, 年化夏普率: inf,年化索提诺比率: -15.8114
extracted rank=116 fu2601.SHFE SHFE.fu2601 rows=1049 elapsed=3.96
cached_raw rank=117 FG505.CZCE CZCE.FG505 rows=150 elapsed=0.0
    INFO - 回测结束
    INFO - 模拟交易成交记录, 账户: TQSIM
    INFO - 模拟交易账户资金, 账户: TQSIM
    INFO - 日期: 2023-04-12, 账户权益: 10000000.00, 可用资金: 10000000.00, 浮动盈亏: 0.00, 持仓盈亏: 0.00, 平仓盈亏: 0.00, 市值: 0.00, 保证金: 0.00, 手续费: 0.00, 风险度: 0.00%
    INFO - 日期: 2023-04-13, 账户权益: 10000000.00, 可用资金: 10000000.00, 浮动盈亏: 0.00, 持仓盈亏: 0.00, 平仓盈亏: 0.00, 市值: 0.00, 保证金: 0.00, 手续费: 0.00, 风险度: 0.00%
    INFO - 日期: 2023-04-14, 账户权益: 10000000.00, 可用资金: 10000000.00, 浮动盈亏: 0.00, 持仓盈亏: 0.00, 平仓盈亏: 0.00, 市值: 0.00, 保证金: 0.00, 手续费: 0.00, 风险度: 0.00%
    INFO - 日期: 2023-04-17, 账户权益: 10000000.00, 可用资金: 10000000.00, 浮动盈亏: 0.00, 持仓盈亏: 0.00, 平仓盈亏: 0.00, 市值: 0.00, 保证金: 0.00, 手续费: 0.00, 风险度: 0.00%
    INFO - 日期: 2023-04-18, 账户权益: 10000000.00, 可用资金: 10000000.00, 浮动盈亏: 0.00, 持仓盈亏: 0.00, 平仓盈亏: 0.00, 市值: 0.00, 保证金: 0.00, 手续费: 0.00, 风险度: 0.00%
    INFO - 日期: 2023-04-19, 账户权益: 10000000.00, 可用资金: 10000000.00, 浮动盈亏: 0.00, 持仓盈亏: 0.00, 平仓盈亏: 0.00, 市值: 0.00, 保证金: 0.00, 手续费: 0.00, 风险度: 0.00%
    INFO - 日期: 2023-04-20, 账户权益: 10000000.00, 可用资金: 10000000.00, 浮动盈亏: 0.00, 持仓盈亏: 0.00, 平仓盈亏: 0.00, 市值: 0.00, 保证金: 0.00, 手续费: 0.00, 风险度: 0.00%
    INFO - 日期: 2023-04-21, 账户权益: 10000000.00, 可用资金: 10000000.00, 浮动盈亏: 0.00, 持仓盈亏: 0.00, 平仓盈亏: 0.00, 市值: 0.00, 保证金: 0.00, 手续费: 0.00, 风险度: 0.00%
    INFO - 日期: 2023-04-24, 账户权益: 10000000.00, 可用资金: 10000000.00, 浮动盈亏: 0.00, 持仓盈亏: 0.00, 平仓盈亏: 0.00, 市值: 0.00, 保证金: 0.00, 手续费: 0.00, 风险度: 0.00%
    INFO - 日期: 2023-04-25, 账户权益: 10000000.00, 可用资金: 10000000.00, 浮动盈亏: 0.00, 持仓盈亏: 0.00, 平仓盈亏: 0.00, 市值: 0.00, 保证金: 0.00, 手续费: 0.00, 风险度: 0.00%
    INFO - 日期: 2023-04-26, 账户权益: 10000000.00, 可用资金: 10000000.00, 浮动盈亏: 0.00, 持仓盈亏: 0.00, 平仓盈亏: 0.00, 市值: 0.00, 保证金: 0.00, 手续费: 0.00, 风险度: 0.00%
    INFO - 日期: 2023-04-27, 账户权益: 10000000.00, 可用资金: 10000000.00, 浮动盈亏: 0.00, 持仓盈亏: 0.00, 平仓盈亏: 0.00, 市值: 0.00, 保证金: 0.00, 手续费: 0.00, 风险度: 0.00%
    INFO - 日期: 2023-04-28, 账户权益: 10000000.00, 可用资金: 10000000.00, 浮动盈亏: 0.00, 持仓盈亏: 0.00, 平仓盈亏: 0.00, 市值: 0.00, 保证金: 0.00, 手续费: 0.00, 风险度: 0.00%
    INFO - 胜率: 0.00%, 盈亏额比例: inf, 收益率: 0.00%, 年化收益率: 0.00%, 最大回撤: 0.00%, 年化夏普率: inf,年化索提诺比率: -15.8114
extracted rank=118 FG309.CZCE CZCE.FG309 rows=4154 elapsed=6.5
    INFO - 模拟交易成交记录, 账户: TQSIM
    INFO - 模拟交易账户资金, 账户: TQSIM
    INFO - 日期: 2025-01-02, 账户权益: 10000000.00, 可用资金: 10000000.00, 浮动盈亏: 0.00, 持仓盈亏: 0.00, 平仓盈亏: 0.00, 市值: 0.00, 保证金: 0.00, 手续费: 0.00, 风险度: 0.00%
    INFO - 日期: 2025-01-03, 账户权益: 10000000.00, 可用资金: 10000000.00, 浮动盈亏: 0.00, 持仓盈亏: 0.00, 平仓盈亏: 0.00, 市值: 0.00, 保证金: 0.00, 手续费: 0.00, 风险度: 0.00%
    INFO - 日期: 2025-01-06, 账户权益: 10000000.00, 可用资金: 10000000.00, 浮动盈亏: 0.00, 持仓盈亏: 0.00, 平仓盈亏: 0.00, 市值: 0.00, 保证金: 0.00, 手续费: 0.00, 风险度: 0.00%
    INFO - 日期: 2025-01-07, 账户权益: 10000000.00, 可用资金: 10000000.00, 浮动盈亏: 0.00, 持仓盈亏: 0.00, 平仓盈亏: 0.00, 市值: 0.00, 保证金: 0.00, 手续费: 0.00, 风险度: 0.00%
    INFO - 胜率: 0.00%, 盈亏额比例: inf, 收益率: 0.00%, 年化收益率: 0.00%, 最大回撤: 0.00%, 年化夏普率: inf,年化索提诺比率: -15.8114
    INFO - 回测结束
extracted rank=119 cu2502.SHFE SHFE.cu2502 rows=1200 elapsed=4.28
    INFO - 模拟交易成交记录, 账户: TQSIM
    INFO - 模拟交易账户资金, 账户: TQSIM
    INFO - 日期: 2025-02-17, 账户权益: 10000000.00, 可用资金: 10000000.00, 浮动盈亏: 0.00, 持仓盈亏: 0.00, 平仓盈亏: 0.00, 市值: 0.00, 保证金: 0.00, 手续费: 0.00, 风险度: 0.00%
    INFO - 日期: 2025-02-18, 账户权益: 10000000.00, 可用资金: 10000000.00, 浮动盈亏: 0.00, 持仓盈亏: 0.00, 平仓盈亏: 0.00, 市值: 0.00, 保证金: 0.00, 手续费: 0.00, 风险度: 0.00%
    INFO - 日期: 2025-02-19, 账户权益: 10000000.00, 可用资金: 10000000.00, 浮动盈亏: 0.00, 持仓盈亏: 0.00, 平仓盈亏: 0.00, 市值: 0.00, 保证金: 0.00, 手续费: 0.00, 风险度: 0.00%
    INFO - 日期: 2025-02-20, 账户权益: 10000000.00, 可用资金: 10000000.00, 浮动盈亏: 0.00, 持仓盈亏: 0.00, 平仓盈亏: 0.00, 市值: 0.00, 保证金: 0.00, 手续费: 0.00, 风险度: 0.00%
    INFO - 日期: 2025-02-21, 账户权益: 10000000.00, 可用资金: 10000000.00, 浮动盈亏: 0.00, 持仓盈亏: 0.00, 平仓盈亏: 0.00, 市值: 0.00, 保证金: 0.00, 手续费: 0.00, 风险度: 0.00%
    INFO - 日期: 2025-02-24, 账户权益: 10000000.00, 可用资金: 10000000.00, 浮动盈亏: 0.00, 持仓盈亏: 0.00, 平仓盈亏: 0.00, 市值: 0.00, 保证金: 0.00, 手续费: 0.00, 风险度: 0.00%
    INFO - 日期: 2025-02-25, 账户权益: 10000000.00, 可用资金: 10000000.00, 浮动盈亏: 0.00, 持仓盈亏: 0.00, 平仓盈亏: 0.00, 市值: 0.00, 保证金: 0.00, 手续费: 0.00, 风险度: 0.00%
    INFO - 胜率: 0.00%, 盈亏额比例: inf, 收益率: 0.00%, 年化收益率: 0.00%, 最大回撤: 0.00%, 年化夏普率: inf,年化索提诺比率: -15.8114
    INFO - 回测结束
extracted rank=120 MA505.CZCE CZCE.MA505 rows=1875 elapsed=5.03
{
  "model_tag": "stage449_minute_session_rebuild_full_shard061_120_v1",
  "line_id": "futures_trend_drawdown30_preserve_return",
  "generated_at": "2026-05-28 04:49:00",
  "target_scope": "all",
  "symbol_offset": 60,
  "max_symbols": 60,
  "selected_symbols": 60,
  "extracted_or_cached_symbols": 60,
  "failed_or_timeout_or_empty_symbols": 0,
  "extracted_minute_bars": 335095,
  "target_windows": 837,
  "covered_windows": 376,
  "coverage_rate": 0.44922341696535245,
  "covered_trade_count": 169,
  "valid_same_day_close_trade_count": 136,
  "valid_next_open_trade_count": 144,
  "invalid_same_day_close_count": 33,
  "invalid_next_open_count": 0,
  "same_last5_large_mismatch_count": 95,
  "same_last5_large_mismatch_rate": 0.6985294117647058,
  "real_open_vs_daily_next_open_large_mismatch_count": 86,
  "real_open_vs_daily_next_open_large_mismatch_rate": 0.5972222222222222,
  "max_same_last5_abs_minus_same_close": 79860.0,
  "max_same_last5_abs_minus_same_close_valid": 4008.0,
  "max_real_open_abs_minus_daily_next_open": 6000.0,
  "max_real_open_abs_minus_daily_next_open_valid": 6000.0,
  "preferred_real_open_cash_delta_vs_same_close": -1040431753.5,
  "decision": "session_proxy_mismatch_confirmed_extend_full_rebuild",
  "outputs": {
    "extract_status": "/Users/bytedance/Desktop/person/vnpy/examples/portfolio_backtesting/backtest_outputs/qmt_roll_stage449_minute_session_rebuild_full_shard061_120_extract_status_stage449_minute_session_rebuild_full_shard061_120_v1.csv",
    "minute_bars": "/Users/bytedance/Desktop/person/vnpy/examples/portfolio_backtesting/backtest_outputs/qmt_roll_stage449_minute_session_rebuild_full_shard061_120_minute_bars_stage449_minute_session_rebuild_full_shard061_120_v1.csv",
    "window_coverage": "/Users/bytedance/Desktop/person/vnpy/examples/portfolio_backtesting/backtest_outputs/qmt_roll_stage449_minute_session_rebuild_full_shard061_120_window_coverage_stage449_minute_session_rebuild_full_shard061_120_v1.csv",
    "proxy_prices": "/Users/bytedance/Desktop/person/vnpy/examples/portfolio_backtesting/backtest_outputs/qmt_roll_stage449_minute_session_rebuild_full_shard061_120_proxy_prices_stage449_minute_session_rebuild_full_shard061_120_v1.csv",
    "ledger_proxy_detail": "/Users/bytedance/Desktop/person/vnpy/examples/portfolio_backtesting/backtest_outputs/qmt_roll_stage449_minute_session_rebuild_full_shard061_120_ledger_proxy_detail_stage449_minute_session_rebuild_full_shard061_120_v1.csv",
    "metric_summary": "/Users/bytedance/Desktop/person/vnpy/examples/portfolio_backtesting/backtest_outputs/qmt_roll_stage449_minute_session_rebuild_full_shard061_120_metric_summary_stage449_minute_session_rebuild_full_shard061_120_v1.csv",
    "symbol_summary": "/Users/bytedance/Desktop/person/vnpy/examples/portfolio_backtesting/backtest_outputs/qmt_roll_stage449_minute_session_rebuild_full_shard061_120_symbol_summary_stage449_minute_session_rebuild_full_shard061_120_v1.csv",
    "report": "/Users/bytedance/Desktop/person/vnpy/examples/portfolio_backtesting/backtest_outputs/qmt_roll_stage449_minute_session_rebuild_full_shard061_120_report_stage449_minute_session_rebuild_full_shard061_120_v1.md"
  },
  "next_step": "继续分批扩展到全量Stage443订单，完成分钟会话执行ledger后再比较Stage079/Stage103与任何新候选。"
}
wrote: /Users/bytedance/Desktop/person/vnpy/examples/portfolio_backtesting/backtest_outputs/qmt_roll_stage449_minute_session_rebuild_full_shard061_120_report_stage449_minute_session_rebuild_full_shard061_120_v1.md
