datetime,date,vt_symbol,product_vt_symbol,position_direction,direction,offset,reason,volume,price,old_stop,new_stop,old_stop_distance,new_stop_distance,old_stop_distance_pct,new_stop_distance_pct,signal_low,signal_close,stop_loss_pct,old_case,contract_vt_symbol,signal,entry_context,selected_volume_before,selected_volume_after,reduced_volume,estimated_equity,reserved_margin_before,margin_per_contract,broker_margin_multiplier,cap_ratio,max_affordable_volume,projected_broker10_margin_to_equity_before,projected_broker10_margin_to_equity_after,profile,start_month,variant,account_capital,c3_capital
2018-01-12,2018-01-12,au1806.SHFE,au.SHFE,long,long,RiskSizing,long_tighter_initial_stop_adjust,0,281.55,275.919,280.55,5.631000000000029,1.0,0.0200000000000001,0.0035517670040845317,280.55,281.55,0.02,basic_min_distance,,,,,,,,,,,,,,,stage847_c9_15w_stage819_05r_stop_retry_live,2018-01,stage847_c9_15w_stage819_05r_stop_retry_live,150000.0,150000.0
2018-01-16 00:00:00+08:00,2018-01-16,rb1805.SHFE,rb.SHFE,short,Long,Close,stage847_intraday_retry_failed_05r_stop,9,3807.0,,,,,,,,,,,,,,,,,,,,,,,,,stage847_c9_15w_stage819_05r_stop_retry_live,2018-01,stage847_c9_15w_stage819_05r_stop_retry_live,150000.0,150000.0
2018-01-18 00:00:00+08:00,2018-01-18,au1806.SHFE,au.SHFE,long,Short,Close,long_prev2day_stop,1,279.25,,,,,,,,,,,,,,,,,,,,,,,,,stage847_c9_15w_stage819_05r_stop_retry_live,2018-01,stage847_c9_15w_stage819_05r_stop_retry_live,150000.0,150000.0
2018-01-29,2018-01-29,rb1805.SHFE,rb.SHFE,long,long,RiskSizing,long_tighter_initial_stop_adjust,0,3945.0,3866.1,3923.0,78.90000000000009,22.0,0.020000000000000025,0.005576679340937896,3923.0,3945.0,0.02,basic_min_distance,,,,,,,,,,,,,,,stage847_c9_15w_stage819_05r_stop_retry_live,2018-01,stage847_c9_15w_stage819_05r_stop_retry_live,150000.0,150000.0
2018-01-30 00:00:00+08:00,2018-01-30,rb1805.SHFE,rb.SHFE,long,Short,Close,stage847_intraday_retry_failed_05r_stop,9,3930.5,,,,,,,,,,,,,,,,,,,,,,,,,stage847_c9_15w_stage819_05r_stop_retry_live,2018-01,stage847_c9_15w_stage819_05r_stop_retry_live,150000.0,150000.0
2018-01-31,2018-01-31,hc1805.SHFE,hc.SHFE,long,long,RiskSizing,long_tighter_initial_stop_adjust,0,3934.0,3855.3199999999997,3908.0,78.68000000000029,26.0,0.020000000000000073,0.0066090493136756485,3908.0,3934.0,0.02,basic_min_distance,,,,,,,,,,,,,,,stage847_c9_15w_stage819_05r_stop_retry_live,2018-01,stage847_c9_15w_stage819_05r_stop_retry_live,150000.0,150000.0
2018-02-09 00:00:00+08:00,2018-02-09,au1806.SHFE,au.SHFE,short,short,RiskSizing,broker10_margin_cap_block,1,273.05,,,,,,,,,,,au1806.SHFE,short_case2,flat_entry,1.0,0.0,1.0,151860.00000000003,65852.4,27305.0,1.65,1.0,0.0,1.0121803634926905,0.715504148557882,stage847_c9_15w_stage819_05r_stop_retry_live,2018-01,stage847_c9_15w_stage819_05r_stop_retry_live,150000.0,150000.0
2018-02-09 00:00:00+08:00,2018-02-09,hc1805.SHFE,hc.SHFE,long,Short,Close,long_prev2day_stop,9,3958.0,,,,,,,,,,,,,,,,,,,,,,,,,stage847_c9_15w_stage819_05r_stop_retry_live,2018-01,stage847_c9_15w_stage819_05r_stop_retry_live,150000.0,150000.0
2018-02-23 00:00:00+08:00,2018-02-23,OI805.CZCE,OI.CZCE,short,Long,Close,short_prev2day_stop,4,6350.0,,,,,,,,,,,,,,,,,,,,,,,,,stage847_c9_15w_stage819_05r_stop_retry_live,2018-01,stage847_c9_15w_stage819_05r_stop_retry_live,150000.0,150000.0
2018-02-27,2018-02-27,hc1805.SHFE,hc.SHFE,long,long,RiskSizing,long_tighter_initial_stop_adjust,0,4099.0,4017.02,4039.0,81.98000000000002,60.0,0.020000000000000004,0.014637716516223469,4039.0,4099.0,0.02,basic_min_distance,,,,,,,,,,,,,,,stage847_c9_15w_stage819_05r_stop_retry_live,2018-01,stage847_c9_15w_stage819_05r_stop_retry_live,150000.0,150000.0
2018-02-28,2018-02-28,rb1805.SHFE,rb.SHFE,long,long,RiskSizing,long_tighter_initial_stop_adjust,0,4020.0,3939.6,4006.0,80.40000000000009,14.0,0.02000000000000002,0.003482587064676617,4006.0,4020.0,0.02,basic_min_distance,,,,,,,,,,,,,,,stage847_c9_15w_stage819_05r_stop_retry_live,2018-01,stage847_c9_15w_stage819_05r_stop_retry_live,150000.0,150000.0
2018-03-02 00:00:00+08:00,2018-03-02,au1806.SHFE,au.SHFE,short,Long,Close,stage847_intraday_retry_failed_05r_stop,1,271.85,,,,,,,,,,,,,,,,,,,,,,,,,stage847_c9_15w_stage819_05r_stop_retry_live,2018-01,stage847_c9_15w_stage819_05r_stop_retry_live,150000.0,150000.0
2018-03-05 00:00:00+08:00,2018-03-05,hc1805.SHFE,hc.SHFE,long,Short,Close,long_prev2day_stop,8,4047.0,,,,,,,,,,,,,,,,,,,,,,,,,stage847_c9_15w_stage819_05r_stop_retry_live,2018-01,stage847_c9_15w_stage819_05r_stop_retry_live,150000.0,150000.0
2018-03-05 00:00:00+08:00,2018-03-05,rb1805.SHFE,rb.SHFE,long,Short,Close,long_prev2day_stop,3,3957.0,,,,,,,,,,,,,,,,,,,,,,,,,stage847_c9_15w_stage819_05r_stop_retry_live,2018-01,stage847_c9_15w_stage819_05r_stop_retry_live,150000.0,150000.0
2018-03-28,2018-03-28,AP805.CZCE,AP.CZCE,long,long,RiskSizing,long_tighter_initial_stop_adjust,0,7332.0,7185.36,7253.0,146.64000000000033,79.0,0.020000000000000046,0.0107746863066012,7253.0,7332.0,0.02,basic_min_distance,,,,,,,,,,,,,,,stage847_c9_15w_stage819_05r_stop_retry_live,2018-01,stage847_c9_15w_stage819_05r_stop_retry_live,150000.0,150000.0
2018-03-29 00:00:00+08:00,2018-03-29,AP805.CZCE,AP.CZCE,long,Short,Close,stage847_intraday_05r_stop_no_reentry,4,7294.5,,,,,,,,,,,,,,,,,,,,,,,,,stage847_c9_15w_stage819_05r_stop_retry_live,2018-01,stage847_c9_15w_stage819_05r_stop_retry_live,150000.0,150000.0
2018-04-18,2018-04-18,au1806.SHFE,au.SHFE,long,long,RiskSizing,long_tighter_initial_stop_adjust,0,274.5,269.01,273.05,5.490000000000009,1.4499999999999886,0.02000000000000003,0.005282331511839667,273.05,274.5,0.02,basic_min_distance,,,,,,,,,,,,,,,stage847_c9_15w_stage819_05r_stop_retry_live,2018-01,stage847_c9_15w_stage819_05r_stop_retry_live,150000.0,150000.0
2018-04-19 00:00:00+08:00,2018-04-19,au1806.SHFE,au.SHFE,long,Short,Close,stage847_intraday_05r_stop_no_reentry,1,274.32500000000005,,,,,,,,,,,,,,,,,,,,,,,,,stage847_c9_15w_stage819_05r_stop_retry_live,2018-01,stage847_c9_15w_stage819_05r_stop_retry_live,150000.0,150000.0
2018-06-08,2018-06-08,jm1809.DCE,jm.DCE,long,long,RiskSizing,long_tighter_initial_stop_adjust,0,1255.5,1230.3899999999999,1240.5,25.110000000000127,15.0,0.0200000000000001,0.011947431302270013,1240.5,1255.5,0.02,basic_min_distance,,,,,,,,,,,,,,,stage847_c9_15w_stage819_05r_stop_retry_live,2018-01,stage847_c9_15w_stage819_05r_stop_retry_live,150000.0,150000.0
2018-06-11 00:00:00+08:00,2018-06-11,jm1809.DCE,jm.DCE,long,Short,Close,stage847_intraday_05r_stop_no_reentry,2,1247.75,,,,,,,,,,,,,,,,,,,,,,,,,stage847_c9_15w_stage819_05r_stop_retry_live,2018-01,stage847_c9_15w_stage819_05r_stop_retry_live,150000.0,150000.0
2018-06-13,2018-06-13,MA809.CZCE,MA.CZCE,long,long,RiskSizing,long_tighter_initial_stop_adjust,0,2820.0,2763.6,2815.0,56.40000000000009,5.0,0.02000000000000003,0.0017730496453900709,2815.0,2820.0,0.02,basic_min_distance,,,,,,,,,,,,,,,stage847_c9_15w_stage819_05r_stop_retry_live,2018-01,stage847_c9_15w_stage819_05r_stop_retry_live,150000.0,150000.0
2018-06-14 00:00:00+08:00,2018-06-14,MA809.CZCE,MA.CZCE,long,Short,Close,stage847_intraday_retry_failed_05r_stop,10,2821.0,,,,,,,,,,,,,,,,,,,,,,,,,stage847_c9_15w_stage819_05r_stop_retry_live,2018-01,stage847_c9_15w_stage819_05r_stop_retry_live,150000.0,150000.0
2018-06-15,2018-06-15,FG809.CZCE,FG.CZCE,long,long,RiskSizing,long_tighter_initial_stop_adjust,0,1477.0,1439.0,1447.46,38.0,29.539999999999964,0.025727826675693975,0.019999999999999976,1439.0,1477.0,0.02,day_low,,,,,,,,,,,,,,,stage847_c9_15w_stage819_05r_stop_retry_live,2018-01,stage847_c9_15w_stage819_05r_stop_retry_live,150000.0,150000.0
2018-06-19,2018-06-19,AP810.CZCE,AP.CZCE,long,long,RiskSizing,long_tighter_initial_stop_adjust,0,10012.0,9788.0,9811.76,224.0,200.23999999999978,0.022373152217339192,0.01999999999999998,9788.0,10012.0,0.02,day_low,,,,,,,,,,,,,,,stage847_c9_15w_stage819_05r_stop_retry_live,2018-01,stage847_c9_15w_stage819_05r_stop_retry_live,150000.0,150000.0
2018-06-22 00:00:00+08:00,2018-06-22,FG809.CZCE,FG.CZCE,long,Short,Close,long_prev2day_stop,7,1453.0,,,,,,,,,,,,,,,,,,,,,,,,,stage847_c9_15w_stage819_05r_stop_retry_live,2018-01,stage847_c9_15w_stage819_05r_stop_retry_live,150000.0,150000.0
2018-07-06,2018-07-06,MA809.CZCE,MA.CZCE,long,long,RiskSizing,long_tighter_initial_stop_adjust,0,2906.0,2847.88,2869.0,58.11999999999989,37.0,0.019999999999999962,0.012732278045423262,2869.0,2906.0,0.02,basic_min_distance,,,,,,,,,,,,,,,stage847_c9_15w_stage819_05r_stop_retry_live,2018-01,stage847_c9_15w_stage819_05r_stop_retry_live,150000.0,150000.0
2018-07-09 00:00:00+08:00,2018-07-09,MA809.CZCE,MA.CZCE,long,Short,Close,stage847_intraday_05r_stop_no_reentry,9,2886.5,,,,,,,,,,,,,,,,,,,,,,,,,stage847_c9_15w_stage819_05r_stop_retry_live,2018-01,stage847_c9_15w_stage819_05r_stop_retry_live,150000.0,150000.0
2018-07-11,2018-07-11,hc1810.SHFE,hc.SHFE,long,long,RiskSizing,long_tighter_initial_stop_adjust,0,3952.0,3872.96,3900.0,79.03999999999996,52.0,0.01999999999999999,0.013157894736842105,3900.0,3952.0,0.02,basic_min_distance,,,,,,,,,,,,,,,stage847_c9_15w_stage819_05r_stop_retry_live,2018-01,stage847_c9_15w_stage819_05r_stop_retry_live,150000.0,150000.0
2018-07-26,2018-07-26,SM809.CZCE,SM.CZCE,long,long,RiskSizing,long_tighter_initial_stop_adjust,0,8120.0,7957.599999999999,8064.0,162.40000000000055,56.0,0.020000000000000066,0.006896551724137931,8064.0,8120.0,0.02,basic_min_distance,,,,,,,,,,,,,,,stage847_c9_15w_stage819_05r_stop_retry_live,2018-01,stage847_c9_15w_stage819_05r_stop_retry_live,150000.0,150000.0
2018-07-27 00:00:00+08:00,2018-07-27,SM809.CZCE,SM.CZCE,long,Short,Close,stage847_intraday_05r_stop_no_reentry,7,8107.0,,,,,,,,,,,,,,,,,,,,,,,,,stage847_c9_15w_stage819_05r_stop_retry_live,2018-01,stage847_c9_15w_stage819_05r_stop_retry_live,150000.0,150000.0
2018-07-30,2018-07-30,FG809.CZCE,FG.CZCE,long,long,RiskSizing,long_tighter_initial_stop_adjust,0,1491.0,1461.18,1481.0,29.819999999999936,10.0,0.01999999999999996,0.00670690811535882,1481.0,1491.0,0.02,basic_min_distance,,,,,,,,,,,,,,,stage847_c9_15w_stage819_05r_stop_retry_live,2018-01,stage847_c9_15w_stage819_05r_stop_retry_live,150000.0,150000.0
2018-07-31 00:00:00+08:00,2018-07-31,FG809.CZCE,FG.CZCE,long,Short,Close,stage847_intraday_05r_stop_no_reentry,9,1486.0,,,,,,,,,,,,,,,,,,,,,,,,,stage847_c9_15w_stage819_05r_stop_retry_live,2018-01,stage847_c9_15w_stage819_05r_stop_retry_live,150000.0,150000.0
2018-08-02,2018-08-02,SM809.CZCE,SM.CZCE,long,long,RiskSizing,long_tighter_initial_stop_adjust,0,8250.0,8085.0,8122.0,165.0,128.0,0.02,0.015515151515151515,8122.0,8250.0,0.02,basic_min_distance,,,,,,,,,,,,,,,stage847_c9_15w_stage819_05r_stop_retry_live,2018-01,stage847_c9_15w_stage819_05r_stop_retry_live,150000.0,150000.0
2018-08-02 00:00:00+08:00,2018-08-02,hc1810.SHFE,hc.SHFE,long,Short,Close,long_prev2day_stop,4,4169.0,,,,,,,,,,,,,,,,,,,,,,,,,stage847_c9_15w_stage819_05r_stop_retry_live,2018-01,stage847_c9_15w_stage819_05r_stop_retry_live,150000.0,150000.0
2018-08-13,2018-08-13,hc1810.SHFE,hc.SHFE,long,long,RiskSizing,long_tighter_initial_stop_adjust,0,4273.0,4160.0,4187.54,113.0,85.46000000000004,0.02644512052422186,0.020000000000000007,4160.0,4273.0,0.02,day_low,,,,,,,,,,,,,,,stage847_c9_15w_stage819_05r_stop_retry_live,2018-01,stage847_c9_15w_stage819_05r_stop_retry_live,150000.0,150000.0
2018-08-14 00:00:00+08:00,2018-08-14,hc1810.SHFE,hc.SHFE,long,Short,Close,stage847_intraday_05r_stop_no_reentry,2,4232.27,,,,,,,,,,,,,,,,,,,,,,,,,stage847_c9_15w_stage819_05r_stop_retry_live,2018-01,stage847_c9_15w_stage819_05r_stop_retry_live,150000.0,150000.0
2018-08-16 00:00:00+08:00,2018-08-16,SM809.CZCE,SM.CZCE,long,Short,Close,rollover_close,7,8620.0,,,,,,,,,,,,,,,,,,,,,,,,,stage847_c9_15w_stage819_05r_stop_retry_live,2018-01,stage847_c9_15w_stage819_05r_stop_retry_live,150000.0,150000.0
2018-08-16,2018-08-16,SM901.CZCE,SM.CZCE,long,long,RiskSizing,long_tighter_initial_stop_adjust,0,8728.0,8450.0,8553.44,278.0,174.5599999999995,0.031851512373968834,0.01999999999999994,8450.0,8728.0,0.02,day_low,,,,,,,,,,,,,,,stage847_c9_15w_stage819_05r_stop_retry_live,2018-01,stage847_c9_15w_stage819_05r_stop_retry_live,150000.0,150000.0
2018-09-20,2018-09-20,AP901.CZCE,AP.CZCE,long,long,RiskSizing,long_tighter_initial_stop_adjust,0,12252.0,12006.96,12155.0,245.04000000000087,97.0,0.02000000000000007,0.007917074763303951,12155.0,12252.0,0.02,basic_min_distance,,,,,,,,,,,,,,,stage847_c9_15w_stage819_05r_stop_retry_live,2018-01,stage847_c9_15w_stage819_05r_stop_retry_live,150000.0,150000.0
2018-09-21 00:00:00+08:00,2018-09-21,AP901.CZCE,AP.CZCE,long,Short,Close,stage847_intraday_retry_failed_05r_stop,2,12221.5,,,,,,,,,,,,,,,,,,,,,,,,,stage847_c9_15w_stage819_05r_stop_retry_live,2018-01,stage847_c9_15w_stage819_05r_stop_retry_live,150000.0,150000.0
2018-10-12,2018-10-12,au1812.SHFE,au.SHFE,long,long,RiskSizing,long_tighter_initial_stop_adjust,0,272.85,267.39300000000003,270.5,5.456999999999994,2.3500000000000227,0.019999999999999976,0.00861279091075691,270.5,272.85,0.02,basic_min_distance,,,,,,,,,,,,,,,stage847_c9_15w_stage819_05r_stop_retry_live,2018-01,stage847_c9_15w_stage819_05r_stop_retry_live,150000.0,150000.0
2018-10-15,2018-10-15,OI901.CZCE,OI.CZCE,long,long,RiskSizing,long_tighter_initial_stop_adjust,0,6775.0,6639.5,6758.0,135.5,17.0,0.02,0.0025092250922509225,6758.0,6775.0,0.02,basic_min_distance,,,,,,,,,,,,,,,stage847_c9_15w_stage819_05r_stop_retry_live,2018-01,stage847_c9_15w_stage819_05r_stop_retry_live,150000.0,150000.0
2018-10-16 00:00:00+08:00,2018-10-16,OI901.CZCE,OI.CZCE,long,Short,Close,long_base_stop,4,6744.0,,,,,,,,,,,,,,,,,,,,,,,,,stage847_c9_15w_stage819_05r_stop_retry_live,2018-01,stage847_c9_15w_stage819_05r_stop_retry_live,150000.0,150000.0
2018-10-31 00:00:00+08:00,2018-10-31,au1812.SHFE,au.SHFE,long,Short,Close,long_prev2day_stop,1,274.9,,,,,,,,,,,,,,,,,,,,,,,,,stage847_c9_15w_stage819_05r_stop_retry_live,2018-01,stage847_c9_15w_stage819_05r_stop_retry_live,150000.0,150000.0
2018-11-01 00:00:00+08:00,2018-11-01,SM901.CZCE,SM.CZCE,long,Short,Close,long_prev2day_stop,4,8672.0,,,,,,,,,,,,,,,,,,,,,,,,,stage847_c9_15w_stage819_05r_stop_retry_live,2018-01,stage847_c9_15w_stage819_05r_stop_retry_live,150000.0,150000.0
2018-11-05 00:00:00+08:00,2018-11-05,hc1901.SHFE,hc.SHFE,short,Long,Close,short_base_stop,7,3773.0,,,,,,,,,,,,,,,,,,,,,,,,,stage847_c9_15w_stage819_05r_stop_retry_live,2018-01,stage847_c9_15w_stage819_05r_stop_retry_live,150000.0,150000.0
2018-12-12,2018-12-12,jm1901.DCE,jm.DCE,long,long,RiskSizing,long_tighter_initial_stop_adjust,0,1433.5,1404.83,1418.0,28.670000000000073,15.5,0.020000000000000052,0.010812696198116497,1418.0,1433.5,0.02,basic_min_distance,,,,,,,,,,,,,,,stage847_c9_15w_stage819_05r_stop_retry_live,2018-01,stage847_c9_15w_stage819_05r_stop_retry_live,150000.0,150000.0
2018-12-13 00:00:00+08:00,2018-12-13,jm1901.DCE,jm.DCE,long,Short,Close,rollover_close,2,1433.5,,,,,,,,,,,,,,,,,,,,,,,,,stage847_c9_15w_stage819_05r_stop_retry_live,2018-01,stage847_c9_15w_stage819_05r_stop_retry_live,150000.0,150000.0
2018-12-13,2018-12-13,jm1905.DCE,jm.DCE,long,long,RiskSizing,long_tighter_initial_stop_adjust,0,1245.0,1202.5,1220.1,42.5,24.90000000000009,0.03413654618473896,0.020000000000000073,1202.5,1245.0,0.02,day_low,,,,,,,,,,,,,,,stage847_c9_15w_stage819_05r_stop_retry_live,2018-01,stage847_c9_15w_stage819_05r_stop_retry_live,150000.0,150000.0
2019-01-30,2019-01-30,CF905.CZCE,CF.CZCE,long,long,RiskSizing,long_tighter_initial_stop_adjust,0,15315.0,15008.699999999999,15250.0,306.3000000000011,65.0,0.02000000000000007,0.004244205027750571,15250.0,15315.0,0.02,basic_min_distance,,,,,,,,,,,,,,,stage847_c9_15w_stage819_05r_stop_retry_live,2018-01,stage847_c9_15w_stage819_05r_stop_retry_live,150000.0,150000.0
2019-01-31 00:00:00+08:00,2019-01-31,CF905.CZCE,CF.CZCE,long,Short,Close,stage847_intraday_retry_failed_05r_stop,4,15290.0,,,,,,,,,,,,,,,,,,,,,,,,,stage847_c9_15w_stage819_05r_stop_retry_live,2018-01,stage847_c9_15w_stage819_05r_stop_retry_live,150000.0,150000.0
2019-02-11,2019-02-11,au1906.SHFE,au.SHFE,long,long,RiskSizing,long_tighter_initial_stop_adjust,0,288.75,282.975,288.15,5.774999999999977,0.6000000000000227,0.01999999999999992,0.002077922077922157,288.15,288.75,0.02,basic_min_distance,,,,,,,,,,,,,,,stage847_c9_15w_stage819_05r_stop_retry_live,2018-01,stage847_c9_15w_stage819_05r_stop_retry_live,150000.0,150000.0
2019-02-11,2019-02-11,fu1905.SHFE,fu.SHFE,long,long,RiskSizing,long_tighter_initial_stop_adjust,0,2820.0,2684.0,2763.6,136.0,56.40000000000009,0.04822695035460993,0.02000000000000003,2684.0,2820.0,0.02,day_low,,,,,,,,,,,,,,,stage847_c9_15w_stage819_05r_stop_retry_live,2018-01,stage847_c9_15w_stage819_05r_stop_retry_live,150000.0,150000.0
2019-02-12,2019-02-12,sp1906.SHFE,sp.SHFE,long,long,RiskSizing,long_tighter_initial_stop_adjust,0,5506.0,5395.88,5418.0,110.11999999999989,88.0,0.01999999999999998,0.015982564475118054,5418.0,5506.0,0.02,basic_min_distance,,,,,,,,,,,,,,,stage847_c9_15w_stage819_05r_stop_retry_live,2018-01,stage847_c9_15w_stage819_05r_stop_retry_live,150000.0,150000.0
2019-02-13 00:00:00+08:00,2019-02-13,sp1906.SHFE,sp.SHFE,long,Short,Close,stage847_intraday_05r_stop_no_reentry,2,5470.0,,,,,,,,,,,,,,,,,,,,,,,,,stage847_c9_15w_stage819_05r_stop_retry_live,2018-01,stage847_c9_15w_stage819_05r_stop_retry_live,150000.0,150000.0
2019-02-14 00:00:00+08:00,2019-02-14,au1906.SHFE,au.SHFE,long,Short,Close,long_prev2day_stop,1,287.6,,,,,,,,,,,,,,,,,,,,,,,,,stage847_c9_15w_stage819_05r_stop_retry_live,2018-01,stage847_c9_15w_stage819_05r_stop_retry_live,150000.0,150000.0
2019-02-19,2019-02-19,OI905.CZCE,OI.CZCE,long,long,RiskSizing,long_tighter_initial_stop_adjust,0,6779.0,6643.42,6686.0,135.57999999999993,93.0,0.01999999999999999,0.0137188375866647,6686.0,6779.0,0.02,basic_min_distance,,,,,,,,,,,,,,,stage847_c9_15w_stage819_05r_stop_retry_live,2018-01,stage847_c9_15w_stage819_05r_stop_retry_live,150000.0,150000.0
2019-02-19,2019-02-19,ru1905.SHFE,ru.SHFE,long,long,RiskSizing,long_tighter_initial_stop_adjust,0,12375.0,11830.0,12127.5,545.0,247.5,0.04404040404040404,0.02,11830.0,12375.0,0.02,day_low,,,,,,,,,,,,,,,stage847_c9_15w_stage819_05r_stop_retry_live,2018-01,stage847_c9_15w_stage819_05r_stop_retry_live,150000.0,150000.0
2019-02-20 00:00:00+08:00,2019-02-20,OI905.CZCE,OI.CZCE,long,Short,Close,stage847_intraday_05r_stop_no_reentry,3,6724.5,,,,,,,,,,,,,,,,,,,,,,,,,stage847_c9_15w_stage819_05r_stop_retry_live,2018-01,stage847_c9_15w_stage819_05r_stop_retry_live,150000.0,150000.0
2019-02-21,2019-02-21,sp1906.SHFE,sp.SHFE,long,long,RiskSizing,long_tighter_initial_stop_adjust,0,5614.0,5480.0,5501.72,134.0,112.27999999999975,0.02386889918061988,0.019999999999999955,5480.0,5614.0,0.02,day_low,,,,,,,,,,,,,,,stage847_c9_15w_stage819_05r_stop_retry_live,2018-01,stage847_c9_15w_stage819_05r_stop_retry_live,150000.0,150000.0
2019-02-21 00:00:00+08:00,2019-02-21,sp1906.SHFE,sp.SHFE,long,long,RiskSizing,broker10_margin_cap_reduce,2,5614.0,,,,,,,,,,,sp1906.SHFE,long_case1a,flat_entry,7.0,5.0,2.0,171552.90000000005,72162.0,5614.0,1.65,1.0,5.0,1.0720250138586986,0.9640338344615564,stage847_c9_15w_stage819_05r_stop_retry_live,2018-01,stage847_c9_15w_stage819_05r_stop_retry_live,150000.0,150000.0
2019-02-21 00:00:00+08:00,2019-02-21,jm1905.DCE,jm.DCE,long,Short,Close,forced_margin_deleverage,2,1285.0,,,,,,,,,,,,,,,,,,,,,,,,,stage847_c9_15w_stage819_05r_stop_retry_live,2018-01,stage847_c9_15w_stage819_05r_stop_retry_live,150000.0,150000.0
2019-02-22,2019-02-22,hc1905.SHFE,hc.SHFE,long,long,RiskSizing,long_tighter_initial_stop_adjust,0,3706.0,3631.88,3658.0,74.11999999999989,48.0,0.01999999999999997,0.012951969778737183,3658.0,3706.0,0.02,basic_min_distance,,,,,,,,,,,,,,,stage847_c9_15w_stage819_05r_stop_retry_live,2018-01,stage847_c9_15w_stage819_05r_stop_retry_live,150000.0,150000.0
2019-02-25 00:00:00+08:00,2019-02-25,fu1905.SHFE,fu.SHFE,long,Short,Close,long_prev2day_stop,6,2866.0,,,,,,,,,,,,,,,,,,,,,,,,,stage847_c9_15w_stage819_05r_stop_retry_live,2018-01,stage847_c9_15w_stage819_05r_stop_retry_live,150000.0,150000.0
2019-02-26,2019-02-26,MA905.CZCE,MA.CZCE,long,long,RiskSizing,long_tighter_initial_stop_adjust,0,2553.0,2468.0,2501.94,85.0,51.059999999999945,0.033294163728946335,0.01999999999999998,2468.0,2553.0,0.02,day_low,,,,,,,,,,,,,,,stage847_c9_15w_stage819_05r_stop_retry_live,2018-01,stage847_c9_15w_stage819_05r_stop_retry_live,150000.0,150000.0
2019-02-26 00:00:00+08:00,2019-02-26,sp1906.SHFE,sp.SHFE,long,Short,Close,long_prev2day_stop,5,5584.0,,,,,,,,,,,,,,,,,,,,,,,,,stage847_c9_15w_stage819_05r_stop_retry_live,2018-01,stage847_c9_15w_stage819_05r_stop_retry_live,150000.0,150000.0
2019-02-27 00:00:00+08:00,2019-02-27,MA905.CZCE,MA.CZCE,long,Short,Close,stage847_intraday_05r_stop_no_reentry,3,2531.9700000000003,,,,,,,,,,,,,,,,,,,,,,,,,stage847_c9_15w_stage819_05r_stop_retry_live,2018-01,stage847_c9_15w_stage819_05r_stop_retry_live,150000.0,150000.0
2019-03-01,2019-03-01,MA905.CZCE,MA.CZCE,long,long,RiskSizing,long_tighter_initial_stop_adjust,0,2643.0,2530.0,2590.14,113.0,52.86000000000013,0.04275444570563754,0.02000000000000005,2530.0,2643.0,0.02,day_low,,,,,,,,,,,,,,,stage847_c9_15w_stage819_05r_stop_retry_live,2018-01,stage847_c9_15w_stage819_05r_stop_retry_live,150000.0,150000.0
2019-03-04,2019-03-04,rb1905.SHFE,rb.SHFE,long,long,RiskSizing,long_tighter_initial_stop_adjust,0,3811.0,3734.7799999999997,3787.0,76.22000000000025,24.0,0.020000000000000066,0.006297559695617948,3787.0,3811.0,0.02,basic_min_distance,,,,,,,,,,,,,,,stage847_c9_15w_stage819_05r_stop_retry_live,2018-01,stage847_c9_15w_stage819_05r_stop_retry_live,150000.0,150000.0
2019-03-04 00:00:00+08:00,2019-03-04,ru1905.SHFE,ru.SHFE,long,Short,Close,long_base_stop,1,12495.0,,,,,,,,,,,,,,,,,,,,,,,,,stage847_c9_15w_stage819_05r_stop_retry_live,2018-01,stage847_c9_15w_stage819_05r_stop_retry_live,150000.0,150000.0
2019-03-05 00:00:00+08:00,2019-03-05,rb1905.SHFE,rb.SHFE,long,Short,Close,stage847_intraday_05r_stop_no_reentry,2,3804.5,,,,,,,,,,,,,,,,,,,,,,,,,stage847_c9_15w_stage819_05r_stop_retry_live,2018-01,stage847_c9_15w_stage819_05r_stop_retry_live,150000.0,150000.0
2019-03-05,2019-03-05,OI905.CZCE,OI.CZCE,long,long,RiskSizing,long_tighter_initial_stop_adjust,0,6906.0,6767.88,6832.0,138.1199999999999,74.0,0.019999999999999983,0.01071532001158413,6832.0,6906.0,0.02,basic_min_distance,,,,,,,,,,,,,,,stage847_c9_15w_stage819_05r_stop_retry_live,2018-01,stage847_c9_15w_stage819_05r_stop_retry_live,150000.0,150000.0
2019-03-06 00:00:00+08:00,2019-03-06,hc1905.SHFE,hc.SHFE,long,Short,Close,long_prev2day_stop,4,3708.0,,,,,,,,,,,,,,,,,,,,,,,,,stage847_c9_15w_stage819_05r_stop_retry_live,2018-01,stage847_c9_15w_stage819_05r_stop_retry_live,150000.0,150000.0
2019-03-07,2019-03-07,CF905.CZCE,CF.CZCE,long,long,RiskSizing,long_tighter_initial_stop_adjust,0,15415.0,15106.699999999999,15280.0,308.3000000000011,135.0,0.02000000000000007,0.008757703535517353,15280.0,15415.0,0.02,basic_min_distance,,,,,,,,,,,,,,,stage847_c9_15w_stage819_05r_stop_retry_live,2018-01,stage847_c9_15w_stage819_05r_stop_retry_live,150000.0,150000.0
2019-03-07 00:00:00+08:00,2019-03-07,CF905.CZCE,CF.CZCE,long,long,RiskSizing,broker10_margin_cap_reduce,1,15415.0,,,,,,,,,,,CF905.CZCE,long_case1a,flat_entry,4.0,3.0,1.0,177772.00000000006,73302.0,9249.0,1.65,1.0,3.0,1.0237365839389776,0.937891512724163,stage847_c9_15w_stage819_05r_stop_retry_live,2018-01,stage847_c9_15w_stage819_05r_stop_retry_live,150000.0,150000.0
2019-03-07 00:00:00+08:00,2019-03-07,MA905.CZCE,MA.CZCE,long,Short,Close,long_prev2day_stop,10,2584.0,,,,,,,,,,,,,,,,,,,,,,,,,stage847_c9_15w_stage819_05r_stop_retry_live,2018-01,stage847_c9_15w_stage819_05r_stop_retry_live,150000.0,150000.0
2019-03-08 00:00:00+08:00,2019-03-08,CF905.CZCE,CF.CZCE,long,Short,Close,stage847_intraday_05r_stop_no_reentry,3,15342.5,,,,,,,,,,,,,,,,,,,,,,,,,stage847_c9_15w_stage819_05r_stop_retry_live,2018-01,stage847_c9_15w_stage819_05r_stop_retry_live,150000.0,150000.0
2019-03-12 00:00:00+08:00,2019-03-12,OI905.CZCE,OI.CZCE,long,Short,Close,long_prev2day_stop,5,7006.0,,,,,,,,,,,,,,,,,,,,,,,,,stage847_c9_15w_stage819_05r_stop_retry_live,2018-01,stage847_c9_15w_stage819_05r_stop_retry_live,150000.0,150000.0
2019-03-20,2019-03-20,AP905.CZCE,AP.CZCE,long,long,RiskSizing,long_tighter_initial_stop_adjust,0,11335.0,11108.3,11330.0,226.70000000000073,5.0,0.020000000000000063,0.0004411116012351125,11330.0,11335.0,0.02,basic_min_distance,,,,,,,,,,,,,,,stage847_c9_15w_stage819_05r_stop_retry_live,2018-01,stage847_c9_15w_stage819_05r_stop_retry_live,150000.0,150000.0
2019-03-22 00:00:00+08:00,2019-03-22,AP905.CZCE,AP.CZCE,long,Short,Close,long_prev2day_stop,3,11265.0,,,,,,,,,,,,,,,,,,,,,,,,,stage847_c9_15w_stage819_05r_stop_retry_live,2018-01,stage847_c9_15w_stage819_05r_stop_retry_live,150000.0,150000.0
2019-03-25,2019-03-25,CF905.CZCE,CF.CZCE,long,long,RiskSizing,long_tighter_initial_stop_adjust,0,15230.0,14925.4,15205.0,304.60000000000036,25.0,0.020000000000000025,0.0016414970453053185,15205.0,15230.0,0.02,basic_min_distance,,,,,,,,,,,,,,,stage847_c9_15w_stage819_05r_stop_retry_live,2018-01,stage847_c9_15w_stage819_05r_stop_retry_live,150000.0,150000.0
2019-03-25,2019-03-25,OI905.CZCE,OI.CZCE,long,long,RiskSizing,long_tighter_initial_stop_adjust,0,7064.0,6922.72,7038.0,141.27999999999975,26.0,0.019999999999999962,0.003680634201585504,7038.0,7064.0,0.02,basic_min_distance,,,,,,,,,,,,,,,stage847_c9_15w_stage819_05r_stop_retry_live,2018-01,stage847_c9_15w_stage819_05r_stop_retry_live,150000.0,150000.0
2019-03-26 00:00:00+08:00,2019-03-26,CF905.CZCE,CF.CZCE,long,Short,Close,long_ma_stop,4,15225.0,,,,,,,,,,,,,,,,,,,,,,,,,stage847_c9_15w_stage819_05r_stop_retry_live,2018-01,stage847_c9_15w_stage819_05r_stop_retry_live,150000.0,150000.0
2019-03-28 00:00:00+08:00,2019-03-28,OI905.CZCE,OI.CZCE,long,Short,Close,long_prev2day_stop,5,6973.0,,,,,,,,,,,,,,,,,,,,,,,,,stage847_c9_15w_stage819_05r_stop_retry_live,2018-01,stage847_c9_15w_stage819_05r_stop_retry_live,150000.0,150000.0
2019-03-29,2019-03-29,AP905.CZCE,AP.CZCE,long,long,RiskSizing,long_tighter_initial_stop_adjust,0,11618.0,11355.0,11385.64,263.0,232.36000000000058,0.02263728696849716,0.02000000000000005,11355.0,11618.0,0.02,day_low,,,,,,,,,,,,,,,stage847_c9_15w_stage819_05r_stop_retry_live,2018-01,stage847_c9_15w_stage819_05r_stop_retry_live,150000.0,150000.0
2019-04-03,2019-04-03,hc1905.SHFE,hc.SHFE,long,long,RiskSizing,long_tighter_initial_stop_adjust,0,3825.0,3748.5,3758.0,76.5,67.0,0.02,0.017516339869281045,3758.0,3825.0,0.02,basic_min_distance,,,,,,,,,,,,,,,stage847_c9_15w_stage819_05r_stop_retry_live,2018-01,stage847_c9_15w_stage819_05r_stop_retry_live,150000.0,150000.0
2019-04-04 00:00:00+08:00,2019-04-04,hc1905.SHFE,hc.SHFE,long,Short,Close,rollover_close,3,3825.0,,,,,,,,,,,,,,,,,,,,,,,,,stage847_c9_15w_stage819_05r_stop_retry_live,2018-01,stage847_c9_15w_stage819_05r_stop_retry_live,150000.0,150000.0
2019-04-04,2019-04-04,hc1910.SHFE,hc.SHFE,long,long,RiskSizing,long_tighter_initial_stop_adjust,0,3567.0,3495.66,3526.0,71.34000000000015,41.0,0.020000000000000042,0.011494252873563218,3526.0,3567.0,0.02,basic_min_distance,,,,,,,,,,,,,,,stage847_c9_15w_stage819_05r_stop_retry_live,2018-01,stage847_c9_15w_stage819_05r_stop_retry_live,150000.0,150000.0
2019-04-12 00:00:00+08:00,2019-04-12,fu1905.SHFE,fu.SHFE,short,Long,Close,stage847_intraday_05r_stop_no_reentry,11,2808.0,,,,,,,,,,,,,,,,,,,,,,,,,stage847_c9_15w_stage819_05r_stop_retry_live,2018-01,stage847_c9_15w_stage819_05r_stop_retry_live,150000.0,150000.0
2019-04-12 00:00:00+08:00,2019-04-12,AP905.CZCE,AP.CZCE,long,Short,Close,rollover_close,1,11908.0,,,,,,,,,,,,,,,,,,,,,,,,,stage847_c9_15w_stage819_05r_stop_retry_live,2018-01,stage847_c9_15w_stage819_05r_stop_retry_live,150000.0,150000.0
2019-04-12,2019-04-12,AP910.CZCE,AP.CZCE,long,long,RiskSizing,long_tighter_initial_stop_adjust,0,7684.0,7530.32,7678.0,153.6800000000003,6.0,0.02000000000000004,0.0007808433107756377,7678.0,7684.0,0.02,basic_min_distance,,,,,,,,,,,,,,,stage847_c9_15w_stage819_05r_stop_retry_live,2018-01,stage847_c9_15w_stage819_05r_stop_retry_live,150000.0,150000.0
2019-05-31,2019-05-31,ru1909.SHFE,ru.SHFE,long,long,RiskSizing,long_tighter_initial_stop_adjust,0,12250.0,12005.0,12020.0,245.0,230.0,0.02,0.018775510204081632,12020.0,12250.0,0.02,basic_min_distance,,,,,,,,,,,,,,,stage847_c9_15w_stage819_05r_stop_retry_live,2018-01,stage847_c9_15w_stage819_05r_stop_retry_live,150000.0,150000.0
2019-06-03 00:00:00+08:00,2019-06-03,ru1909.SHFE,ru.SHFE,long,Short,Close,stage847_intraday_05r_stop_no_reentry,2,12112.5,,,,,,,,,,,,,,,,,,,,,,,,,stage847_c9_15w_stage819_05r_stop_retry_live,2018-01,stage847_c9_15w_stage819_05r_stop_retry_live,150000.0,150000.0
2019-06-05 00:00:00+08:00,2019-06-05,hc1910.SHFE,hc.SHFE,long,Short,Close,long_ma_stop,3,3607.0,,,,,,,,,,,,,,,,,,,,,,,,,stage847_c9_15w_stage819_05r_stop_retry_live,2018-01,stage847_c9_15w_stage819_05r_stop_retry_live,150000.0,150000.0
2019-06-11,2019-06-11,OI909.CZCE,OI.CZCE,long,long,RiskSizing,long_tighter_initial_stop_adjust,0,7090.0,6948.2,7044.0,141.80000000000018,46.0,0.020000000000000025,0.006488011283497884,7044.0,7090.0,0.02,basic_min_distance,,,,,,,,,,,,,,,stage847_c9_15w_stage819_05r_stop_retry_live,2018-01,stage847_c9_15w_stage819_05r_stop_retry_live,150000.0,150000.0
2019-06-13 00:00:00+08:00,2019-06-13,AP910.CZCE,AP.CZCE,long,Short,Close,long_ma_stop,1,9280.0,,,,,,,,,,,,,,,,,,,,,,,,,stage847_c9_15w_stage819_05r_stop_retry_live,2018-01,stage847_c9_15w_stage819_05r_stop_retry_live,150000.0,150000.0
2019-06-19 00:00:00+08:00,2019-06-19,OI909.CZCE,OI.CZCE,long,Short,Close,long_prev2day_stop,5,6937.0,,,,,,,,,,,,,,,,,,,,,,,,,stage847_c9_15w_stage819_05r_stop_retry_live,2018-01,stage847_c9_15w_stage819_05r_stop_retry_live,150000.0,150000.0
2019-06-24,2019-06-24,rb1910.SHFE,rb.SHFE,long,long,RiskSizing,long_tighter_initial_stop_adjust,0,3904.0,3825.92,3835.0,78.07999999999993,69.0,0.019999999999999983,0.01767418032786885,3835.0,3904.0,0.02,basic_min_distance,,,,,,,,,,,,,,,stage847_c9_15w_stage819_05r_stop_retry_live,2018-01,stage847_c9_15w_stage819_05r_stop_retry_live,150000.0,150000.0
2019-06-28,2019-06-28,hc1910.SHFE,hc.SHFE,long,long,RiskSizing,long_tighter_initial_stop_adjust,0,3953.0,3873.94,3898.0,79.05999999999995,55.0,0.019999999999999987,0.013913483430306097,3898.0,3953.0,0.02,basic_min_distance,,,,,,,,,,,,,,,stage847_c9_15w_stage819_05r_stop_retry_live,2018-01,stage847_c9_15w_stage819_05r_stop_retry_live,150000.0,150000.0
2019-07-04 00:00:00+08:00,2019-07-04,hc1910.SHFE,hc.SHFE,long,Short,Close,long_prev2day_stop,2,3892.0,,,,,,,,,,,,,,,,,,,,,,,,,stage847_c9_15w_stage819_05r_stop_retry_live,2018-01,stage847_c9_15w_stage819_05r_stop_retry_live,150000.0,150000.0
2019-07-05 00:00:00+08:00,2019-07-05,rb1910.SHFE,rb.SHFE,long,Short,Close,long_prev2day_stop,5,3984.0,,,,,,,,,,,,,,,,,,,,,,,,,stage847_c9_15w_stage819_05r_stop_retry_live,2018-01,stage847_c9_15w_stage819_05r_stop_retry_live,150000.0,150000.0
2019-07-11,2019-07-11,fu1909.SHFE,fu.SHFE,long,long,RiskSizing,long_tighter_initial_stop_adjust,0,3152.0,2993.0,3088.96,159.0,63.039999999999964,0.05044416243654822,0.01999999999999999,2993.0,3152.0,0.02,day_low,,,,,,,,,,,,,,,stage847_c9_15w_stage819_05r_stop_retry_live,2018-01,stage847_c9_15w_stage819_05r_stop_retry_live,150000.0,150000.0
2019-07-12 00:00:00+08:00,2019-07-12,fu1909.SHFE,fu.SHFE,long,Short,Close,stage827_intraday_c2_1r_stop,8,3088.96,,,,,,,,,,,,,,,,,,,,,,,,,stage847_c9_15w_stage819_05r_stop_retry_live,2018-01,stage847_c9_15w_stage819_05r_stop_retry_live,150000.0,150000.0
2019-07-31 00:00:00+08:00,2019-07-31,MA909.CZCE,MA.CZCE,short,Long,Close,short_prev2day_stop,16,2114.0,,,,,,,,,,,,,,,,,,,,,,,,,stage847_c9_15w_stage819_05r_stop_retry_live,2018-01,stage847_c9_15w_stage819_05r_stop_retry_live,150000.0,150000.0
2019-08-01,2019-08-01,fu1909.SHFE,fu.SHFE,long,long,RiskSizing,long_tighter_initial_stop_adjust,0,3104.0,3041.92,3075.0,62.07999999999993,29.0,0.019999999999999976,0.009342783505154639,3075.0,3104.0,0.02,basic_min_distance,,,,,,,,,,,,,,,stage847_c9_15w_stage819_05r_stop_retry_live,2018-01,stage847_c9_15w_stage819_05r_stop_retry_live,150000.0,150000.0
2019-08-02 00:00:00+08:00,2019-08-02,fu1909.SHFE,fu.SHFE,long,Short,Close,stage847_intraday_05r_stop_no_reentry,11,3081.5,,,,,,,,,,,,,,,,,,,,,,,,,stage847_c9_15w_stage819_05r_stop_retry_live,2018-01,stage847_c9_15w_stage819_05r_stop_retry_live,150000.0,150000.0
2019-08-05,2019-08-05,au1912.SHFE,au.SHFE,long,long,RiskSizing,long_tighter_initial_stop_adjust,0,334.0,323.4,327.32,10.600000000000023,6.680000000000007,0.03173652694610785,0.02000000000000002,323.4,334.0,0.02,day_low,,,,,,,,,,,,,,,stage847_c9_15w_stage819_05r_stop_retry_live,2018-01,stage847_c9_15w_stage819_05r_stop_retry_live,150000.0,150000.0
2019-08-09 00:00:00+08:00,2019-08-09,CF909.CZCE,CF.CZCE,short,Long,Close,rollover_close,6,12230.0,,,,,,,,,,,,,,,,,,,,,,,,,stage847_c9_15w_stage819_05r_stop_retry_live,2018-01,stage847_c9_15w_stage819_05r_stop_retry_live,150000.0,150000.0
2019-08-14 00:00:00+08:00,2019-08-14,au1912.SHFE,au.SHFE,long,Short,Close,long_prev2day_stop,1,342.95,,,,,,,,,,,,,,,,,,,,,,,,,stage847_c9_15w_stage819_05r_stop_retry_live,2018-01,stage847_c9_15w_stage819_05r_stop_retry_live,150000.0,150000.0
2019-10-14 00:00:00+08:00,2019-10-14,CF001.CZCE,CF.CZCE,short,Long,Close,short_ma_stop,4,12745.0,,,,,,,,,,,,,,,,,,,,,,,,,stage847_c9_15w_stage819_05r_stop_retry_live,2018-01,stage847_c9_15w_stage819_05r_stop_retry_live,150000.0,150000.0
2019-10-15,2019-10-15,FG001.CZCE,FG.CZCE,long,long,RiskSizing,long_tighter_initial_stop_adjust,0,1459.0,1429.82,1446.0,29.180000000000064,13.0,0.020000000000000042,0.008910212474297465,1446.0,1459.0,0.02,basic_min_distance,,,,,,,,,,,,,,,stage847_c9_15w_stage819_05r_stop_retry_live,2018-01,stage847_c9_15w_stage819_05r_stop_retry_live,150000.0,150000.0
2019-10-17 00:00:00+08:00,2019-10-17,FG001.CZCE,FG.CZCE,long,Short,Close,long_prev2day_stop,17,1438.0,,,,,,,,,,,,,,,,,,,,,,,,,stage847_c9_15w_stage819_05r_stop_retry_live,2018-01,stage847_c9_15w_stage819_05r_stop_retry_live,150000.0,150000.0
2019-10-18,2019-10-18,FG001.CZCE,FG.CZCE,long,long,RiskSizing,long_tighter_initial_stop_adjust,0,1492.0,1432.0,1462.16,60.0,29.839999999999918,0.040214477211796246,0.019999999999999945,1432.0,1492.0,0.02,day_low,,,,,,,,,,,,,,,stage847_c9_15w_stage819_05r_stop_retry_live,2018-01,stage847_c9_15w_stage819_05r_stop_retry_live,150000.0,150000.0
2019-10-21 00:00:00+08:00,2019-10-21,OI001.CZCE,OI.CZCE,short,Long,Close,stage847_intraday_retry_failed_05r_stop,6,7218.5,,,,,,,,,,,,,,,,,,,,,,,,,stage847_c9_15w_stage819_05r_stop_retry_live,2018-01,stage847_c9_15w_stage819_05r_stop_retry_live,150000.0,150000.0
2019-10-28 00:00:00+08:00,2019-10-28,FG001.CZCE,FG.CZCE,long,Short,Close,long_prev2day_stop,15,1493.0,,,,,,,,,,,,,,,,,,,,,,,,,stage847_c9_15w_stage819_05r_stop_retry_live,2018-01,stage847_c9_15w_stage819_05r_stop_retry_live,150000.0,150000.0
2019-11-07,2019-11-07,OI001.CZCE,OI.CZCE,long,long,RiskSizing,long_tighter_initial_stop_adjust,0,7425.0,7276.5,7393.0,148.5,32.0,0.02,0.0043097643097643095,7393.0,7425.0,0.02,basic_min_distance,,,,,,,,,,,,,,,stage847_c9_15w_stage819_05r_stop_retry_live,2018-01,stage847_c9_15w_stage819_05r_stop_retry_live,150000.0,150000.0
2019-11-08,2019-11-08,ru2001.SHFE,ru.SHFE,long,long,RiskSizing,long_tighter_initial_stop_adjust,0,11970.0,11730.6,11915.0,239.39999999999964,55.0,0.01999999999999997,0.004594820384294068,11915.0,11970.0,0.02,basic_min_distance,,,,,,,,,,,,,,,stage847_c9_15w_stage819_05r_stop_retry_live,2018-01,stage847_c9_15w_stage819_05r_stop_retry_live,150000.0,150000.0
2019-11-08 00:00:00+08:00,2019-11-08,ru2001.SHFE,ru.SHFE,long,long,RiskSizing,broker10_margin_cap_reduce,2,11970.0,,,,,,,,,,,ru2001.SHFE,long_case2,flat_entry,4.0,2.0,2.0,236968.7,105091.2,14364.0,1.65,1.0,2.0,1.131807196477847,0.9317757155269872,stage847_c9_15w_stage819_05r_stop_retry_live,2018-01,stage847_c9_15w_stage819_05r_stop_retry_live,150000.0,150000.0
2019-11-12 00:00:00+08:00,2019-11-12,sp2001.SHFE,sp.SHFE,short,short,RiskSizing,broker10_margin_cap_reduce,9,4562.0,,,,,,,,,,,sp2001.SHFE,short_case2,flat_entry,14.0,5.0,9.0,257378.7,132462.9,4562.0,1.65,1.0,5.0,1.258635563082726,0.9954214742711808,stage847_c9_15w_stage819_05r_stop_retry_live,2018-01,stage847_c9_15w_stage819_05r_stop_retry_live,150000.0,150000.0
2019-11-14 00:00:00+08:00,2019-11-14,OI001.CZCE,OI.CZCE,long,Short,Close,long_prev2day_stop,6,7482.0,,,,,,,,,,,,,,,,,,,,,,,,,stage847_c9_15w_stage819_05r_stop_retry_live,2018-01,stage847_c9_15w_stage819_05r_stop_retry_live,150000.0,150000.0
2019-11-15 00:00:00+08:00,2019-11-15,fu2001.SHFE,fu.SHFE,short,Long,Close,short_rsi_partial_exit_half,8,1734.0,,,,,,,,,,,,,,,,,,,,,,,,,stage847_c9_15w_stage819_05r_stop_retry_live,2018-01,stage847_c9_15w_stage819_05r_stop_retry_live,150000.0,150000.0
2019-11-15 00:00:00+08:00,2019-11-15,ru2001.SHFE,ru.SHFE,long,Short,Close,long_prev2day_stop,2,11910.0,,,,,,,,,,,,,,,,,,,,,,,,,stage847_c9_15w_stage819_05r_stop_retry_live,2018-01,stage847_c9_15w_stage819_05r_stop_retry_live,150000.0,150000.0
2019-11-19,2019-11-19,rb2001.SHFE,rb.SHFE,long,long,RiskSizing,long_tighter_initial_stop_adjust,0,3635.0,3548.0,3562.2999999999997,87.0,72.70000000000027,0.023933975240715267,0.020000000000000077,3548.0,3635.0,0.02,day_low,,,,,,,,,,,,,,,stage847_c9_15w_stage819_05r_stop_retry_live,2018-01,stage847_c9_15w_stage819_05r_stop_retry_live,150000.0,150000.0
2019-11-19,2019-11-19,ru2001.SHFE,ru.SHFE,long,long,RiskSizing,long_tighter_initial_stop_adjust,0,12130.0,11887.4,11980.0,242.60000000000036,150.0,0.02000000000000003,0.01236603462489695,11980.0,12130.0,0.02,basic_min_distance,,,,,,,,,,,,,,,stage847_c9_15w_stage819_05r_stop_retry_live,2018-01,stage847_c9_15w_stage819_05r_stop_retry_live,150000.0,150000.0
2019-11-20,2019-11-20,hc2001.SHFE,hc.SHFE,long,long,RiskSizing,long_tighter_initial_stop_adjust,0,3529.0,3458.42,3502.0,70.57999999999993,27.0,0.01999999999999998,0.0076508926041371494,3502.0,3529.0,0.02,basic_min_distance,,,,,,,,,,,,,,,stage847_c9_15w_stage819_05r_stop_retry_live,2018-01,stage847_c9_15w_stage819_05r_stop_retry_live,150000.0,150000.0
2019-11-21 00:00:00+08:00,2019-11-21,hc2001.SHFE,hc.SHFE,long,Short,Close,stage847_intraday_05r_stop_no_reentry,4,3521.0,,,,,,,,,,,,,,,,,,,,,,,,,stage847_c9_15w_stage819_05r_stop_retry_live,2018-01,stage847_c9_15w_stage819_05r_stop_retry_live,150000.0,150000.0
2019-11-21 00:00:00+08:00,2019-11-21,fu2001.SHFE,fu.SHFE,short,Long,Close,short_prev2day_stop,9,1803.0,,,,,,,,,,,,,,,,,,,,,,,,,stage847_c9_15w_stage819_05r_stop_retry_live,2018-01,stage847_c9_15w_stage819_05r_stop_retry_live,150000.0,150000.0
2019-11-26 00:00:00+08:00,2019-11-26,rb2001.SHFE,rb.SHFE,long,Short,Close,long_prev2day_stop,12,3611.0,,,,,,,,,,,,,,,,,,,,,,,,,stage847_c9_15w_stage819_05r_stop_retry_live,2018-01,stage847_c9_15w_stage819_05r_stop_retry_live,150000.0,150000.0
2019-11-27 00:00:00+08:00,2019-11-27,ru2001.SHFE,ru.SHFE,long,Short,Close,long_prev2day_stop,3,12505.0,,,,,,,,,,,,,,,,,,,,,,,,,stage847_c9_15w_stage819_05r_stop_retry_live,2018-01,stage847_c9_15w_stage819_05r_stop_retry_live,150000.0,150000.0
2019-12-04,2019-12-04,AP001.CZCE,AP.CZCE,long,long,RiskSizing,long_tighter_initial_stop_adjust,0,8403.0,8234.94,8270.0,168.0599999999995,133.0,0.019999999999999938,0.015827680590265382,8270.0,8403.0,0.02,basic_min_distance,,,,,,,,,,,,,,,stage847_c9_15w_stage819_05r_stop_retry_live,2018-01,stage847_c9_15w_stage819_05r_stop_retry_live,150000.0,150000.0
2019-12-05,2019-12-05,ru2005.SHFE,ru.SHFE,long,long,RiskSizing,long_tighter_initial_stop_adjust,0,13200.0,12800.0,12936.0,400.0,264.0,0.030303030303030304,0.02,12800.0,13200.0,0.02,day_low,,,,,,,,,,,,,,,stage847_c9_15w_stage819_05r_stop_retry_live,2018-01,stage847_c9_15w_stage819_05r_stop_retry_live,150000.0,150000.0
2019-12-09,2019-12-09,cu2002.SHFE,cu.SHFE,long,long,RiskSizing,long_tighter_initial_stop_adjust,0,48440.0,47340.0,47471.2,1100.0,968.8000000000029,0.022708505367464906,0.02000000000000006,47340.0,48440.0,0.02,day_low,,,,,,,,,,,,,,,stage847_c9_15w_stage819_05r_stop_retry_live,2018-01,stage847_c9_15w_stage819_05r_stop_retry_live,150000.0,150000.0
2019-12-09 00:00:00+08:00,2019-12-09,AP001.CZCE,AP.CZCE,long,Short,Close,forced_margin_deleverage,3,8386.0,,,,,,,,,,,,,,,,,,,,,,,,,stage847_c9_15w_stage819_05r_stop_retry_live,2018-01,stage847_c9_15w_stage819_05r_stop_retry_live,150000.0,150000.0
2019-12-13,2019-12-13,SM001.CZCE,SM.CZCE,long,long,RiskSizing,long_tighter_initial_stop_adjust,0,6354.0,6226.92,6256.0,127.07999999999993,98.0,0.01999999999999999,0.015423355366698142,6256.0,6354.0,0.02,basic_min_distance,,,,,,,,,,,,,,,stage847_c9_15w_stage819_05r_stop_retry_live,2018-01,stage847_c9_15w_stage819_05r_stop_retry_live,150000.0,150000.0
2019-12-16,2019-12-16,FG005.CZCE,FG.CZCE,long,long,RiskSizing,long_tighter_initial_stop_adjust,0,1460.0,1430.8,1453.0,29.200000000000045,7.0,0.02000000000000003,0.004794520547945206,1453.0,1460.0,0.02,basic_min_distance,,,,,,,,,,,,,,,stage847_c9_15w_stage819_05r_stop_retry_live,2018-01,stage847_c9_15w_stage819_05r_stop_retry_live,150000.0,150000.0
2019-12-16 00:00:00+08:00,2019-12-16,FG005.CZCE,FG.CZCE,long,long,RiskSizing,broker10_margin_cap_reduce,11,1460.0,,,,,,,,,,,FG005.CZCE,long_case2,flat_entry,17.0,6.0,11.0,315838.7,170392.8,3504.0,1.65,1.0,6.0,1.2013579083247237,0.9999968971503491,stage847_c9_15w_stage819_05r_stop_retry_live,2018-01,stage847_c9_15w_stage819_05r_stop_retry_live,150000.0,150000.0
2019-12-16 00:00:00+08:00,2019-12-16,ru2005.SHFE,ru.SHFE,long,Short,Close,long_prev2day_stop,3,13090.0,,,,,,,,,,,,,,,,,,,,,,,,,stage847_c9_15w_stage819_05r_stop_retry_live,2018-01,stage847_c9_15w_stage819_05r_stop_retry_live,150000.0,150000.0
2019-12-17 00:00:00+08:00,2019-12-17,AP001.CZCE,AP.CZCE,long,Short,Close,rollover_close,4,8645.0,,,,,,,,,,,,,,,,,,,,,,,,,stage847_c9_15w_stage819_05r_stop_retry_live,2018-01,stage847_c9_15w_stage819_05r_stop_retry_live,150000.0,150000.0
2019-12-17,2019-12-17,AP005.CZCE,AP.CZCE,long,long,RiskSizing,long_tighter_initial_stop_adjust,0,8248.0,8083.04,8226.0,164.96000000000004,22.0,0.020000000000000004,0.002667313288069835,8226.0,8248.0,0.02,basic_min_distance,,,,,,,,,,,,,,,stage847_c9_15w_stage819_05r_stop_retry_live,2018-01,stage847_c9_15w_stage819_05r_stop_retry_live,150000.0,150000.0
2019-12-17 00:00:00+08:00,2019-12-17,SM001.CZCE,SM.CZCE,long,Short,Close,rollover_close,6,6348.0,,,,,,,,,,,,,,,,,,,,,,,,,stage847_c9_15w_stage819_05r_stop_retry_live,2018-01,stage847_c9_15w_stage819_05r_stop_retry_live,150000.0,150000.0
2019-12-17,2019-12-17,SM005.CZCE,SM.CZCE,long,long,RiskSizing,long_tighter_initial_stop_adjust,0,6274.0,6148.5199999999995,6228.0,125.48000000000047,46.0,0.020000000000000077,0.007331845712464138,6228.0,6274.0,0.02,basic_min_distance,,,,,,,,,,,,,,,stage847_c9_15w_stage819_05r_stop_retry_live,2018-01,stage847_c9_15w_stage819_05r_stop_retry_live,150000.0,150000.0
2019-12-18 00:00:00+08:00,2019-12-18,AP005.CZCE,AP.CZCE,long,Short,Close,long_base_stop,4,8095.0,,,,,,,,,,,,,,,,,,,,,,,,,stage847_c9_15w_stage819_05r_stop_retry_live,2018-01,stage847_c9_15w_stage819_05r_stop_retry_live,150000.0,150000.0
2019-12-24,2019-12-24,MA005.CZCE,MA.CZCE,long,long,RiskSizing,long_tighter_initial_stop_adjust,0,2144.0,2101.12,2128.0,42.88000000000011,16.0,0.020000000000000052,0.007462686567164179,2128.0,2144.0,0.02,basic_min_distance,,,,,,,,,,,,,,,stage847_c9_15w_stage819_05r_stop_retry_live,2018-01,stage847_c9_15w_stage819_05r_stop_retry_live,150000.0,150000.0
2019-12-24 00:00:00+08:00,2019-12-24,SM005.CZCE,SM.CZCE,long,Short,Close,long_prev2day_stop,6,6350.0,,,,,,,,,,,,,,,,,,,,,,,,,stage847_c9_15w_stage819_05r_stop_retry_live,2018-01,stage847_c9_15w_stage819_05r_stop_retry_live,150000.0,150000.0
2019-12-31,2019-12-31,CF005.CZCE,CF.CZCE,long,long,RiskSizing,long_tighter_initial_stop_adjust,0,13980.0,13700.4,13910.0,279.60000000000036,70.0,0.020000000000000025,0.005007153075822604,13910.0,13980.0,0.02,basic_min_distance,,,,,,,,,,,,,,,stage847_c9_15w_stage819_05r_stop_retry_live,2018-01,stage847_c9_15w_stage819_05r_stop_retry_live,150000.0,150000.0
2019-12-31 00:00:00+08:00,2019-12-31,CF005.CZCE,CF.CZCE,long,long,RiskSizing,broker10_margin_cap_reduce,2,13980.0,,,,,,,,,,,CF005.CZCE,long_case2,flat_entry,9.0,7.0,2.0,317688.7,127120.8,8388.0,1.65,1.0,7.0,1.0523229815854322,0.9651924037587738,stage847_c9_15w_stage819_05r_stop_retry_live,2018-01,stage847_c9_15w_stage819_05r_stop_retry_live,150000.0,150000.0
2019-12-31 00:00:00+08:00,2019-12-31,cu2002.SHFE,cu.SHFE,long,Short,Close,long_prev2day_stop,2,49150.0,,,,,,,,,,,,,,,,,,,,,,,,,stage847_c9_15w_stage819_05r_stop_retry_live,2018-01,stage847_c9_15w_stage819_05r_stop_retry_live,150000.0,150000.0
2020-01-08,2020-01-08,rb2005.SHFE,rb.SHFE,long,long,RiskSizing,long_tighter_initial_stop_adjust,0,3617.0,3544.66,3571.0,72.34000000000015,46.0,0.02000000000000004,0.01271772186895217,3571.0,3617.0,0.02,basic_min_distance,,,,,,,,,,,,,,,stage847_c9_15w_stage819_05r_stop_retry_live,2018-01,stage847_c9_15w_stage819_05r_stop_retry_live,150000.0,150000.0
2020-01-09 00:00:00+08:00,2020-01-09,rb2005.SHFE,rb.SHFE,long,Short,Close,stage847_intraday_05r_stop_no_reentry,15,3594.0,,,,,,,,,,,,,,,,,,,,,,,,,stage847_c9_15w_stage819_05r_stop_retry_live,2018-01,stage847_c9_15w_stage819_05r_stop_retry_live,150000.0,150000.0
2020-01-09,2020-01-09,jm2005.DCE,jm.DCE,long,long,RiskSizing,long_tighter_initial_stop_adjust,0,1202.5,1178.45,1196.5,24.049999999999955,6.0,0.019999999999999962,0.00498960498960499,1196.5,1202.5,0.02,basic_min_distance,,,,,,,,,,,,,,,stage847_c9_15w_stage819_05r_stop_retry_live,2018-01,stage847_c9_15w_stage819_05r_stop_retry_live,150000.0,150000.0
2020-01-09 00:00:00+08:00,2020-01-09,MA005.CZCE,MA.CZCE,long,Short,Close,long_prev2day_stop,26,2239.0,,,,,,,,,,,,,,,,,,,,,,,,,stage847_c9_15w_stage819_05r_stop_retry_live,2018-01,stage847_c9_15w_stage819_05r_stop_retry_live,150000.0,150000.0
2020-01-10,2020-01-10,ru2005.SHFE,ru.SHFE,long,long,RiskSizing,long_tighter_initial_stop_adjust,0,13100.0,12838.0,12970.0,262.0,130.0,0.02,0.009923664122137405,12970.0,13100.0,0.02,basic_min_distance,,,,,,,,,,,,,,,stage847_c9_15w_stage819_05r_stop_retry_live,2018-01,stage847_c9_15w_stage819_05r_stop_retry_live,150000.0,150000.0
2020-01-13,2020-01-13,sp2005.SHFE,sp.SHFE,long,long,RiskSizing,long_tighter_initial_stop_adjust,0,4682.0,4588.36,4642.0,93.64000000000033,40.0,0.02000000000000007,0.00854335753951303,4642.0,4682.0,0.02,basic_min_distance,,,,,,,,,,,,,,,stage847_c9_15w_stage819_05r_stop_retry_live,2018-01,stage847_c9_15w_stage819_05r_stop_retry_live,150000.0,150000.0
2020-01-13 00:00:00+08:00,2020-01-13,sp2005.SHFE,sp.SHFE,long,long,RiskSizing,broker10_margin_cap_reduce,6,4682.0,,,,,,,,,,,sp2005.SHFE,long_case2,flat_entry,16.0,10.0,6.0,356588.7,165222.0,4682.0,1.65,1.0,10.0,1.1111431741948075,0.9811564415810147,stage847_c9_15w_stage819_05r_stop_retry_live,2018-01,stage847_c9_15w_stage819_05r_stop_retry_live,150000.0,150000.0
2020-01-13 00:00:00+08:00,2020-01-13,jm2005.DCE,jm.DCE,long,Short,Close,forced_margin_deleverage,3,1209.0,,,,,,,,,,,,,,,,,,,,,,,,,stage847_c9_15w_stage819_05r_stop_retry_live,2018-01,stage847_c9_15w_stage819_05r_stop_retry_live,150000.0,150000.0
2020-01-14 00:00:00+08:00,2020-01-14,sp2005.SHFE,sp.SHFE,long,Short,Close,stage847_intraday_05r_stop_no_reentry,10,4663.0,,,,,,,,,,,,,,,,,,,,,,,,,stage847_c9_15w_stage819_05r_stop_retry_live,2018-01,stage847_c9_15w_stage819_05r_stop_retry_live,150000.0,150000.0
2020-01-14 00:00:00+08:00,2020-01-14,CF005.CZCE,CF.CZCE,long,Short,Close,long_prev2day_stop,7,14160.0,,,,,,,,,,,,,,,,,,,,,,,,,stage847_c9_15w_stage819_05r_stop_retry_live,2018-01,stage847_c9_15w_stage819_05r_stop_retry_live,150000.0,150000.0
2020-01-17 00:00:00+08:00,2020-01-17,ru2005.SHFE,ru.SHFE,long,Short,Close,long_prev2day_stop,2,13075.0,,,,,,,,,,,,,,,,,,,,,,,,,stage847_c9_15w_stage819_05r_stop_retry_live,2018-01,stage847_c9_15w_stage819_05r_stop_retry_live,150000.0,150000.0
2020-01-23 00:00:00+08:00,2020-01-23,jm2005.DCE,jm.DCE,long,Short,Close,long_prev2day_stop,2,1213.5,,,,,,,,,,,,,,,,,,,,,,,,,stage847_c9_15w_stage819_05r_stop_retry_live,2018-01,stage847_c9_15w_stage819_05r_stop_retry_live,150000.0,150000.0
2020-02-05,2020-02-05,au2006.SHFE,au.SHFE,long,long,RiskSizing,long_tighter_initial_stop_adjust,0,354.22,347.1356,352.14,7.0844000000000165,2.080000000000041,0.020000000000000046,0.00587205691378251,352.14,354.22,0.02,basic_min_distance,,,,,,,,,,,,,,,stage847_c9_15w_stage819_05r_stop_retry_live,2018-01,stage847_c9_15w_stage819_05r_stop_retry_live,150000.0,150000.0
2020-02-10,2020-02-10,jm2005.DCE,jm.DCE,long,long,RiskSizing,long_tighter_initial_stop_adjust,0,1224.0,1199.52,1220.5,24.480000000000018,3.5,0.020000000000000014,0.0028594771241830064,1220.5,1224.0,0.02,basic_min_distance,,,,,,,,,,,,,,,stage847_c9_15w_stage819_05r_stop_retry_live,2018-01,stage847_c9_15w_stage819_05r_stop_retry_live,150000.0,150000.0
2020-02-12 00:00:00+08:00,2020-02-12,au2006.SHFE,au.SHFE,long,Short,Close,long_prev2day_stop,2,354.0,,,,,,,,,,,,,,,,,,,,,,,,,stage847_c9_15w_stage819_05r_stop_retry_live,2018-01,stage847_c9_15w_stage819_05r_stop_retry_live,150000.0,150000.0
2020-02-14,2020-02-14,au2006.SHFE,au.SHFE,long,long,RiskSizing,long_tighter_initial_stop_adjust,0,356.78,349.64439999999996,356.1,7.135600000000011,0.67999999999995,0.02000000000000003,0.001905936431414177,356.1,356.78,0.02,basic_min_distance,,,,,,,,,,,,,,,stage847_c9_15w_stage819_05r_stop_retry_live,2018-01,stage847_c9_15w_stage819_05r_stop_retry_live,150000.0,150000.0
2020-02-18 00:00:00+08:00,2020-02-18,FG005.CZCE,FG.CZCE,short,short,RiskSizing,broker10_margin_cap_reduce,1,1400.0,,,,,,,,,,,FG005.CZCE,short_case1a,flat_entry,21.0,20.0,1.0,381358.69999999995,162944.0,3360.0,1.65,1.0,20.0,1.0102866408974018,0.9957491464073064,stage847_c9_15w_stage819_05r_stop_retry_live,2018-01,stage847_c9_15w_stage819_05r_stop_retry_live,150000.0,150000.0
2020-02-18 00:00:00+08:00,2020-02-18,jm2005.DCE,jm.DCE,long,Short,Close,long_prev2day_stop,6,1264.0,,,,,,,,,,,,,,,,,,,,,,,,,stage847_c9_15w_stage819_05r_stop_retry_live,2018-01,stage847_c9_15w_stage819_05r_stop_retry_live,150000.0,150000.0
2020-02-20 00:00:00+08:00,2020-02-20,FG005.CZCE,FG.CZCE,short,Long,Close,short_prev2day_stop,20,1428.0,,,,,,,,,,,,,,,,,,,,,,,,,stage847_c9_15w_stage819_05r_stop_retry_live,2018-01,stage847_c9_15w_stage819_05r_stop_retry_live,150000.0,150000.0
2020-02-25,2020-02-25,jm2005.DCE,jm.DCE,long,long,RiskSizing,long_tighter_initial_stop_adjust,0,1276.5,1250.97,1262.0,25.529999999999973,14.5,0.01999999999999998,0.01135918527222875,1262.0,1276.5,0.02,basic_min_distance,,,,,,,,,,,,,,,stage847_c9_15w_stage819_05r_stop_retry_live,2018-01,stage847_c9_15w_stage819_05r_stop_retry_live,150000.0,150000.0
2020-02-25 00:00:00+08:00,2020-02-25,au2006.SHFE,au.SHFE,long,Short,Close,long_base_stop,2,371.74,,,,,,,,,,,,,,,,,,,,,,,,,stage847_c9_15w_stage819_05r_stop_retry_live,2018-01,stage847_c9_15w_stage819_05r_stop_retry_live,150000.0,150000.0
2020-02-28 00:00:00+08:00,2020-02-28,jm2005.DCE,jm.DCE,long,Short,Close,long_prev2day_stop,6,1242.0,,,,,,,,,,,,,,,,,,,,,,,,,stage847_c9_15w_stage819_05r_stop_retry_live,2018-01,stage847_c9_15w_stage819_05r_stop_retry_live,150000.0,150000.0
2020-03-13,2020-03-13,hc2005.SHFE,hc.SHFE,long,long,RiskSizing,long_tighter_initial_stop_adjust,0,3535.0,3452.0,3464.2999999999997,83.0,70.70000000000027,0.02347949080622348,0.020000000000000077,3452.0,3535.0,0.02,day_low,,,,,,,,,,,,,,,stage847_c9_15w_stage819_05r_stop_retry_live,2018-01,stage847_c9_15w_stage819_05r_stop_retry_live,150000.0,150000.0
2020-03-13,2020-03-13,rb2005.SHFE,rb.SHFE,long,long,RiskSizing,long_tighter_initial_stop_adjust,0,3569.0,3465.0,3497.62,104.0,71.38000000000011,0.02913981507425049,0.02000000000000003,3465.0,3569.0,0.02,day_low,,,,,,,,,,,,,,,stage847_c9_15w_stage819_05r_stop_retry_live,2018-01,stage847_c9_15w_stage819_05r_stop_retry_live,150000.0,150000.0
2020-03-18 00:00:00+08:00,2020-03-18,hc2005.SHFE,hc.SHFE,long,Short,Close,long_prev2day_stop,7,3466.0,,,,,,,,,,,,,,,,,,,,,,,,,stage847_c9_15w_stage819_05r_stop_retry_live,2018-01,stage847_c9_15w_stage819_05r_stop_retry_live,150000.0,150000.0
2020-03-19 00:00:00+08:00,2020-03-19,rb2005.SHFE,rb.SHFE,long,Short,Close,long_prev2day_stop,9,3528.0,,,,,,,,,,,,,,,,,,,,,,,,,stage847_c9_15w_stage819_05r_stop_retry_live,2018-01,stage847_c9_15w_stage819_05r_stop_retry_live,150000.0,150000.0
2020-03-25 00:00:00+08:00,2020-03-25,CF005.CZCE,CF.CZCE,short,Long,Close,short_prev2day_stop,6,10695.0,,,,,,,,,,,,,,,,,,,,,,,,,stage847_c9_15w_stage819_05r_stop_retry_live,2018-01,stage847_c9_15w_stage819_05r_stop_retry_live,150000.0,150000.0
2020-04-07 00:00:00+08:00,2020-04-07,sp2009.SHFE,sp.SHFE,short,Long,Close,short_base_stop,21,4658.0,,,,,,,,,,,,,,,,,,,,,,,,,stage847_c9_15w_stage819_05r_stop_retry_live,2018-01,stage847_c9_15w_stage819_05r_stop_retry_live,150000.0,150000.0
2020-04-17,2020-04-17,au2006.SHFE,au.SHFE,long,long,RiskSizing,long_tighter_initial_stop_adjust,0,372.18,364.7364,369.08,7.4436000000000035,3.1000000000000227,0.02000000000000001,0.008329303025417869,369.08,372.18,0.02,basic_min_distance,,,,,,,,,,,,,,,stage847_c9_15w_stage819_05r_stop_retry_live,2018-01,stage847_c9_15w_stage819_05r_stop_retry_live,150000.0,150000.0
2020-04-24,2020-04-24,AP010.CZCE,AP.CZCE,long,long,RiskSizing,long_tighter_initial_stop_adjust,0,8663.0,8256.0,8489.74,407.0,173.26000000000022,0.04698141521412905,0.020000000000000025,8256.0,8663.0,0.02,day_low,,,,,,,,,,,,,,,stage847_c9_15w_stage819_05r_stop_retry_live,2018-01,stage847_c9_15w_stage819_05r_stop_retry_live,150000.0,150000.0
2020-04-28 00:00:00+08:00,2020-04-28,au2006.SHFE,au.SHFE,long,Short,Close,long_prev2day_stop,1,377.1,,,,,,,,,,,,,,,,,,,,,,,,,stage847_c9_15w_stage819_05r_stop_retry_live,2018-01,stage847_c9_15w_stage819_05r_stop_retry_live,150000.0,150000.0
2020-05-11,2020-05-11,CF009.CZCE,CF.CZCE,long,long,RiskSizing,long_tighter_initial_stop_adjust,0,11620.0,11387.6,11565.0,232.39999999999964,55.0,0.01999999999999997,0.004733218588640275,11565.0,11620.0,0.02,basic_min_distance,,,,,,,,,,,,,,,stage847_c9_15w_stage819_05r_stop_retry_live,2018-01,stage847_c9_15w_stage819_05r_stop_retry_live,150000.0,150000.0
2020-05-11,2020-05-11,rb2010.SHFE,rb.SHFE,long,long,RiskSizing,long_tighter_initial_stop_adjust,0,3452.0,3382.96,3432.0,69.03999999999996,20.0,0.01999999999999999,0.005793742757821553,3432.0,3452.0,0.02,basic_min_distance,,,,,,,,,,,,,,,stage847_c9_15w_stage819_05r_stop_retry_live,2018-01,stage847_c9_15w_stage819_05r_stop_retry_live,150000.0,150000.0
2020-05-11 00:00:00+08:00,2020-05-11,CF009.CZCE,CF.CZCE,long,Short,Close,forced_margin_deleverage,14,11620.0,,,,,,,,,,,,,,,,,,,,,,,,,stage847_c9_15w_stage819_05r_stop_retry_live,2018-01,stage847_c9_15w_stage819_05r_stop_retry_live,150000.0,150000.0
2020-05-12,2020-05-12,hc2010.SHFE,hc.SHFE,long,long,RiskSizing,long_tighter_initial_stop_adjust,0,3333.0,3266.34,3315.0,66.65999999999985,18.0,0.019999999999999955,0.0054005400540054005,3315.0,3333.0,0.02,basic_min_distance,,,,,,,,,,,,,,,stage847_c9_15w_stage819_05r_stop_retry_live,2018-01,stage847_c9_15w_stage819_05r_stop_retry_live,150000.0,150000.0
2020-05-12 00:00:00+08:00,2020-05-12,hc2010.SHFE,hc.SHFE,long,long,RiskSizing,broker10_margin_cap_reduce,14,3333.0,,,,,,,,,,,hc2010.SHFE,long_case2,flat_entry,32.0,18.0,14.0,427228.7,198236.8,3333.0,1.65,1.0,18.0,1.177526509806106,0.9973131954852282,stage847_c9_15w_stage819_05r_stop_retry_live,2018-01,stage847_c9_15w_stage819_05r_stop_retry_live,150000.0,150000.0
2020-05-14 00:00:00+08:00,2020-05-14,AP010.CZCE,AP.CZCE,long,Short,Close,long_prev2day_stop,2,9034.0,,,,,,,,,,,,,,,,,,,,,,,,,stage847_c9_15w_stage819_05r_stop_retry_live,2018-01,stage847_c9_15w_stage819_05r_stop_retry_live,150000.0,150000.0
2020-05-15,2020-05-15,OI009.CZCE,OI.CZCE,long,long,RiskSizing,long_tighter_initial_stop_adjust,0,6806.0,6669.88,6770.0,136.1199999999999,36.0,0.019999999999999983,0.005289450484866294,6770.0,6806.0,0.02,basic_min_distance,,,,,,,,,,,,,,,stage847_c9_15w_stage819_05r_stop_retry_live,2018-01,stage847_c9_15w_stage819_05r_stop_retry_live,150000.0,150000.0
2020-05-15 00:00:00+08:00,2020-05-15,OI009.CZCE,OI.CZCE,long,long,RiskSizing,broker10_margin_cap_reduce,1,6806.0,,,,,,,,,,,OI009.CZCE,long_case2,flat_entry,9.0,8.0,1.0,433968.7,195230.0,8167.2,1.65,1.0,8.0,1.0217612929227384,0.9907086386644934,stage847_c9_15w_stage819_05r_stop_retry_live,2018-01,stage847_c9_15w_stage819_05r_stop_retry_live,150000.0,150000.0
2020-05-15 00:00:00+08:00,2020-05-15,sp2009.SHFE,sp.SHFE,short,Long,Close,forced_margin_deleverage,12,4422.0,,,,,,,,,,,,,,,,,,,,,,,,,stage847_c9_15w_stage819_05r_stop_retry_live,2018-01,stage847_c9_15w_stage819_05r_stop_retry_live,150000.0,150000.0
2020-05-18,2020-05-18,FG009.CZCE,FG.CZCE,long,long,RiskSizing,long_tighter_initial_stop_adjust,0,1369.0,1341.62,1344.0,27.38000000000011,25.0,0.02000000000000008,0.018261504747991233,1344.0,1369.0,0.02,basic_min_distance,,,,,,,,,,,,,,,stage847_c9_15w_stage819_05r_stop_retry_live,2018-01,stage847_c9_15w_stage819_05r_stop_retry_live,150000.0,150000.0
2020-05-21 00:00:00+08:00,2020-05-21,sp2009.SHFE,sp.SHFE,short,Long,Close,short_prev2day_stop,8,4446.0,,,,,,,,,,,,,,,,,,,,,,,,,stage847_c9_15w_stage819_05r_stop_retry_live,2018-01,stage847_c9_15w_stage819_05r_stop_retry_live,150000.0,150000.0
2020-05-22 00:00:00+08:00,2020-05-22,OI009.CZCE,OI.CZCE,long,Short,Close,long_prev2day_stop,8,6755.0,,,,,,,,,,,,,,,,,,,,,,,,,stage847_c9_15w_stage819_05r_stop_retry_live,2018-01,stage847_c9_15w_stage819_05r_stop_retry_live,150000.0,150000.0
2020-05-22 00:00:00+08:00,2020-05-22,hc2010.SHFE,hc.SHFE,long,Short,Close,long_prev2day_stop,6,3415.0,,,,,,,,,,,,,,,,,,,,,,,,,stage847_c9_15w_stage819_05r_stop_retry_live,2018-01,stage847_c9_15w_stage819_05r_stop_retry_live,150000.0,150000.0
2020-05-22 00:00:00+08:00,2020-05-22,rb2010.SHFE,rb.SHFE,long,Short,Close,long_prev2day_stop,25,3508.0,,,,,,,,,,,,,,,,,,,,,,,,,stage847_c9_15w_stage819_05r_stop_retry_live,2018-01,stage847_c9_15w_stage819_05r_stop_retry_live,150000.0,150000.0
2020-05-28,2020-05-28,jm2009.DCE,jm.DCE,long,long,RiskSizing,long_tighter_initial_stop_adjust,0,1159.0,1135.82,1153.5,23.180000000000064,5.5,0.020000000000000056,0.004745470232959448,1153.5,1159.0,0.02,basic_min_distance,,,,,,,,,,,,,,,stage847_c9_15w_stage819_05r_stop_retry_live,2018-01,stage847_c9_15w_stage819_05r_stop_retry_live,150000.0,150000.0
2020-06-01,2020-06-01,hc2010.SHFE,hc.SHFE,long,long,RiskSizing,long_tighter_initial_stop_adjust,0,3549.0,3478.02,3525.0,70.98000000000002,24.0,0.020000000000000004,0.006762468300929839,3525.0,3549.0,0.02,basic_min_distance,,,,,,,,,,,,,,,stage847_c9_15w_stage819_05r_stop_retry_live,2018-01,stage847_c9_15w_stage819_05r_stop_retry_live,150000.0,150000.0
2020-06-02,2020-06-02,cu2007.SHFE,cu.SHFE,long,long,RiskSizing,long_tighter_initial_stop_adjust,0,44560.0,43668.799999999996,44210.0,891.2000000000044,350.0,0.020000000000000098,0.007854578096947935,44210.0,44560.0,0.02,basic_min_distance,,,,,,,,,,,,,,,stage847_c9_15w_stage819_05r_stop_retry_live,2018-01,stage847_c9_15w_stage819_05r_stop_retry_live,150000.0,150000.0
2020-06-02,2020-06-02,rb2010.SHFE,rb.SHFE,long,long,RiskSizing,long_tighter_initial_stop_adjust,0,3634.0,3561.3199999999997,3568.0,72.68000000000029,66.0,0.02000000000000008,0.018161805173362685,3568.0,3634.0,0.02,basic_min_distance,,,,,,,,,,,,,,,stage847_c9_15w_stage819_05r_stop_retry_live,2018-01,stage847_c9_15w_stage819_05r_stop_retry_live,150000.0,150000.0
2020-06-02 00:00:00+08:00,2020-06-02,hc2010.SHFE,hc.SHFE,long,Short,Close,forced_margin_deleverage,13,3575.0,,,,,,,,,,,,,,,,,,,,,,,,,stage847_c9_15w_stage819_05r_stop_retry_live,2018-01,stage847_c9_15w_stage819_05r_stop_retry_live,150000.0,150000.0
2020-06-03 00:00:00+08:00,2020-06-03,hc2010.SHFE,hc.SHFE,long,Short,Close,long_prev2day_stop,18,3525.0,,,,,,,,,,,,,,,,,,,,,,,,,stage847_c9_15w_stage819_05r_stop_retry_live,2018-01,stage847_c9_15w_stage819_05r_stop_retry_live,150000.0,150000.0
2020-06-05,2020-06-05,ru2009.SHFE,ru.SHFE,long,long,RiskSizing,long_tighter_initial_stop_adjust,0,10645.0,10290.0,10432.1,355.0,212.89999999999964,0.03334899013621419,0.019999999999999966,10290.0,10645.0,0.02,day_low,,,,,,,,,,,,,,,stage847_c9_15w_stage819_05r_stop_retry_live,2018-01,stage847_c9_15w_stage819_05r_stop_retry_live,150000.0,150000.0
2020-06-05 00:00:00+08:00,2020-06-05,rb2010.SHFE,rb.SHFE,long,Short,Close,long_prev2day_stop,2,3604.0,,,,,,,,,,,,,,,,,,,,,,,,,stage847_c9_15w_stage819_05r_stop_retry_live,2018-01,stage847_c9_15w_stage819_05r_stop_retry_live,150000.0,150000.0
2020-06-12 00:00:00+08:00,2020-06-12,ru2009.SHFE,ru.SHFE,long,Short,Close,long_prev2day_stop,1,10375.0,,,,,,,,,,,,,,,,,,,,,,,,,stage847_c9_15w_stage819_05r_stop_retry_live,2018-01,stage847_c9_15w_stage819_05r_stop_retry_live,150000.0,150000.0
2020-06-15 00:00:00+08:00,2020-06-15,jm2009.DCE,jm.DCE,long,Short,Close,long_prev2day_stop,7,1162.5,,,,,,,,,,,,,,,,,,,,,,,,,stage847_c9_15w_stage819_05r_stop_retry_live,2018-01,stage847_c9_15w_stage819_05r_stop_retry_live,150000.0,150000.0
2020-06-19,2020-06-19,hc2010.SHFE,hc.SHFE,long,long,RiskSizing,long_tighter_initial_stop_adjust,0,3659.0,3585.8199999999997,3620.0,73.18000000000029,39.0,0.02000000000000008,0.01065864990434545,3620.0,3659.0,0.02,basic_min_distance,,,,,,,,,,,,,,,stage847_c9_15w_stage819_05r_stop_retry_live,2018-01,stage847_c9_15w_stage819_05r_stop_retry_live,150000.0,150000.0
2020-06-19 00:00:00+08:00,2020-06-19,cu2007.SHFE,cu.SHFE,long,Short,Close,rollover_close,2,47780.0,,,,,,,,,,,,,,,,,,,,,,,,,stage847_c9_15w_stage819_05r_stop_retry_live,2018-01,stage847_c9_15w_stage819_05r_stop_retry_live,150000.0,150000.0
2020-06-19,2020-06-19,cu2008.SHFE,cu.SHFE,long,long,RiskSizing,long_tighter_initial_stop_adjust,0,47680.0,46726.4,46750.0,953.5999999999985,930.0,0.01999999999999997,0.01950503355704698,46750.0,47680.0,0.02,basic_min_distance,,,,,,,,,,,,,,,stage847_c9_15w_stage819_05r_stop_retry_live,2018-01,stage847_c9_15w_stage819_05r_stop_retry_live,150000.0,150000.0
2020-06-22 00:00:00+08:00,2020-06-22,cu2008.SHFE,cu.SHFE,long,Short,Close,stage847_intraday_05r_stop_no_reentry,2,47325.0,,,,,,,,,,,,,,,,,,,,,,,,,stage847_c9_15w_stage819_05r_stop_retry_live,2018-01,stage847_c9_15w_stage819_05r_stop_retry_live,150000.0,150000.0
2020-06-23,2020-06-23,au2012.SHFE,au.SHFE,long,long,RiskSizing,long_tighter_initial_stop_adjust,0,396.96,389.02079999999995,396.0,7.939200000000028,0.9599999999999795,0.020000000000000073,0.0024183796856105896,396.0,396.96,0.02,basic_min_distance,,,,,,,,,,,,,,,stage847_c9_15w_stage819_05r_stop_retry_live,2018-01,stage847_c9_15w_stage819_05r_stop_retry_live,150000.0,150000.0
2020-06-23 00:00:00+08:00,2020-06-23,hc2010.SHFE,hc.SHFE,long,Short,Close,long_prev2day_stop,33,3603.0,,,,,,,,,,,,,,,,,,,,,,,,,stage847_c9_15w_stage819_05r_stop_retry_live,2018-01,stage847_c9_15w_stage819_05r_stop_retry_live,150000.0,150000.0
2020-07-01,2020-07-01,MA009.CZCE,MA.CZCE,long,long,RiskSizing,long_tighter_initial_stop_adjust,0,1755.0,1719.8999999999999,1738.0,35.100000000000136,17.0,0.020000000000000077,0.009686609686609686,1738.0,1755.0,0.02,basic_min_distance,,,,,,,,,,,,,,,stage847_c9_15w_stage819_05r_stop_retry_live,2018-01,stage847_c9_15w_stage819_05r_stop_retry_live,150000.0,150000.0
2020-07-01 00:00:00+08:00,2020-07-01,MA009.CZCE,MA.CZCE,long,long,RiskSizing,broker10_margin_cap_reduce,7,1755.0,,,,,,,,,,,MA009.CZCE,long_case2,flat_entry,47.0,40.0,7.0,464058.7000000001,195124.0,2106.0,1.65,1.0,40.0,1.0457187851450687,0.9933023559304024,stage847_c9_15w_stage819_05r_stop_retry_live,2018-01,stage847_c9_15w_stage819_05r_stop_retry_live,150000.0,150000.0
2020-07-01 00:00:00+08:00,2020-07-01,sp2009.SHFE,sp.SHFE,short,Long,Close,forced_margin_deleverage,13,4404.0,,,,,,,,,,,,,,,,,,,,,,,,,stage847_c9_15w_stage819_05r_stop_retry_live,2018-01,stage847_c9_15w_stage819_05r_stop_retry_live,150000.0,150000.0
2020-07-02,2020-07-02,FG009.CZCE,FG.CZCE,long,long,RiskSizing,long_tighter_initial_stop_adjust,0,1497.0,1467.06,1484.0,29.940000000000055,13.0,0.020000000000000035,0.008684034736138945,1484.0,1497.0,0.02,basic_min_distance,,,,,,,,,,,,,,,stage847_c9_15w_stage819_05r_stop_retry_live,2018-01,stage847_c9_15w_stage819_05r_stop_retry_live,150000.0,150000.0
2020-07-02 00:00:00+08:00,2020-07-02,FG009.CZCE,FG.CZCE,long,long,RiskSizing,broker10_margin_cap_reduce,10,1497.0,,,,,,,,,,,FG009.CZCE,long_case3,flat_entry,29.0,19.0,10.0,482778.70000000007,223022.0,3592.7999999999997,1.65,1.0,19.0,1.1183214586724723,0.9955297945000472,stage847_c9_15w_stage819_05r_stop_retry_live,2018-01,stage847_c9_15w_stage819_05r_stop_retry_live,150000.0,150000.0
2020-07-02 00:00:00+08:00,2020-07-02,au2012.SHFE,au.SHFE,long,Short,Close,long_prev2day_stop,2,399.06,,,,,,,,,,,,,,,,,,,,,,,,,stage847_c9_15w_stage819_05r_stop_retry_live,2018-01,stage847_c9_15w_stage819_05r_stop_retry_live,150000.0,150000.0
2020-07-02 00:00:00+08:00,2020-07-02,sp2009.SHFE,sp.SHFE,short,Long,Close,short_prev2day_stop,13,4418.0,,,,,,,,,,,,,,,,,,,,,,,,,stage847_c9_15w_stage819_05r_stop_retry_live,2018-01,stage847_c9_15w_stage819_05r_stop_retry_live,150000.0,150000.0
2020-07-07 00:00:00+08:00,2020-07-07,MA009.CZCE,MA.CZCE,long,Short,Close,long_prev2day_stop,40,1783.0,,,,,,,,,,,,,,,,,,,,,,,,,stage847_c9_15w_stage819_05r_stop_retry_live,2018-01,stage847_c9_15w_stage819_05r_stop_retry_live,150000.0,150000.0
2020-07-08,2020-07-08,OI009.CZCE,OI.CZCE,long,long,RiskSizing,long_tighter_initial_stop_adjust,0,7703.0,7548.94,7611.0,154.0600000000004,92.0,0.020000000000000052,0.011943398675840582,7611.0,7703.0,0.02,basic_min_distance,,,,,,,,,,,,,,,stage847_c9_15w_stage819_05r_stop_retry_live,2018-01,stage847_c9_15w_stage819_05r_stop_retry_live,150000.0,150000.0
2020-07-09,2020-07-09,CF009.CZCE,CF.CZCE,long,long,RiskSizing,long_tighter_initial_stop_adjust,0,12110.0,11867.8,11925.0,242.20000000000073,185.0,0.02000000000000006,0.0152766308835673,11925.0,12110.0,0.02,basic_min_distance,,,,,,,,,,,,,,,stage847_c9_15w_stage819_05r_stop_retry_live,2018-01,stage847_c9_15w_stage819_05r_stop_retry_live,150000.0,150000.0
2020-07-09,2020-07-09,jm2009.DCE,jm.DCE,long,long,RiskSizing,long_tighter_initial_stop_adjust,0,1218.0,1193.6399999999999,1196.5,24.360000000000127,21.5,0.020000000000000104,0.017651888341543513,1196.5,1218.0,0.02,basic_min_distance,,,,,,,,,,,,,,,stage847_c9_15w_stage819_05r_stop_retry_live,2018-01,stage847_c9_15w_stage819_05r_stop_retry_live,150000.0,150000.0
2020-07-09,2020-07-09,ru2009.SHFE,ru.SHFE,long,long,RiskSizing,long_tighter_initial_stop_adjust,0,10690.0,10476.199999999999,10640.0,213.8000000000011,50.0,0.0200000000000001,0.004677268475210477,10640.0,10690.0,0.02,basic_min_distance,,,,,,,,,,,,,,,stage847_c9_15w_stage819_05r_stop_retry_live,2018-01,stage847_c9_15w_stage819_05r_stop_retry_live,150000.0,150000.0
2020-07-09 00:00:00+08:00,2020-07-09,ru2009.SHFE,ru.SHFE,long,Short,Close,forced_margin_deleverage,10,10690.0,,,,,,,,,,,,,,,,,,,,,,,,,stage847_c9_15w_stage819_05r_stop_retry_live,2018-01,stage847_c9_15w_stage819_05r_stop_retry_live,150000.0,150000.0
2020-07-10 00:00:00+08:00,2020-07-10,jm2009.DCE,jm.DCE,long,Short,Close,stage847_intraday_05r_stop_no_reentry,6,1207.25,,,,,,,,,,,,,,,,,,,,,,,,,stage847_c9_15w_stage819_05r_stop_retry_live,2018-01,stage847_c9_15w_stage819_05r_stop_retry_live,150000.0,150000.0
2020-07-14 00:00:00+08:00,2020-07-14,OI009.CZCE,OI.CZCE,long,Short,Close,long_rsi_partial_exit_half,6,8024.0,,,,,,,,,,,,,,,,,,,,,,,,,stage847_c9_15w_stage819_05r_stop_retry_live,2018-01,stage847_c9_15w_stage819_05r_stop_retry_live,150000.0,150000.0
2020-07-22,2020-07-22,au2012.SHFE,au.SHFE,long,long,RiskSizing,long_tighter_initial_stop_adjust,0,414.22,405.9356,406.38,8.284400000000005,7.840000000000032,0.02000000000000001,0.018927140167061058,406.38,414.22,0.02,basic_min_distance,,,,,,,,,,,,,,,stage847_c9_15w_stage819_05r_stop_retry_live,2018-01,stage847_c9_15w_stage819_05r_stop_retry_live,150000.0,150000.0
2020-07-23,2020-07-23,CF009.CZCE,CF.CZCE,long,long,RiskSizing,long_tighter_initial_stop_adjust,0,12070.0,11828.6,12030.0,241.39999999999964,40.0,0.01999999999999997,0.0033140016570008283,12030.0,12070.0,0.02,basic_min_distance,,,,,,,,,,,,,,,stage847_c9_15w_stage819_05r_stop_retry_live,2018-01,stage847_c9_15w_stage819_05r_stop_retry_live,150000.0,150000.0
2020-07-23 00:00:00+08:00,2020-07-23,CF009.CZCE,CF.CZCE,long,long,RiskSizing,broker10_margin_cap_reduce,6,12070.0,,,,,,,,,,,CF009.CZCE,long_case1a,flat_entry,22.0,16.0,6.0,655628.7000000001,279537.6,7242.0,1.65,1.0,16.0,1.104469099659609,0.9951148264253836,stage847_c9_15w_stage819_05r_stop_retry_live,2018-01,stage847_c9_15w_stage819_05r_stop_retry_live,150000.0,150000.0
2020-07-23,2020-07-23,ru2009.SHFE,ru.SHFE,long,long,RiskSizing,long_tighter_initial_stop_adjust,0,10615.0,10402.699999999999,10530.0,212.3000000000011,85.0,0.020000000000000104,0.00800753650494583,10530.0,10615.0,0.02,basic_min_distance,,,,,,,,,,,,,,,stage847_c9_15w_stage819_05r_stop_retry_live,2018-01,stage847_c9_15w_stage819_05r_stop_retry_live,150000.0,150000.0
2020-07-24,2020-07-24,sp2009.SHFE,sp.SHFE,long,long,RiskSizing,long_tighter_initial_stop_adjust,0,4480.0,4390.4,4458.0,89.60000000000036,22.0,0.02000000000000008,0.004910714285714286,4458.0,4480.0,0.02,basic_min_distance,,,,,,,,,,,,,,,stage847_c9_15w_stage819_05r_stop_retry_live,2018-01,stage847_c9_15w_stage819_05r_stop_retry_live,150000.0,150000.0
2020-07-24 00:00:00+08:00,2020-07-24,sp2009.SHFE,sp.SHFE,long,long,RiskSizing,broker10_margin_cap_reduce,10,4480.0,,,,,,,,,,,sp2009.SHFE,long_case2,flat_entry,36.0,26.0,10.0,651888.7000000001,276957.6,4480.0,1.65,1.0,26.0,1.1092262222063365,0.9958326321655826,stage847_c9_15w_stage819_05r_stop_retry_live,2018-01,stage847_c9_15w_stage819_05r_stop_retry_live,150000.0,150000.0
2020-07-24 00:00:00+08:00,2020-07-24,OI009.CZCE,OI.CZCE,long,Short,Close,long_prev2day_stop,6,8530.0,,,,,,,,,,,,,,,,,,,,,,,,,stage847_c9_15w_stage819_05r_stop_retry_live,2018-01,stage847_c9_15w_stage819_05r_stop_retry_live,150000.0,150000.0
2020-07-31,2020-07-31,hc2010.SHFE,hc.SHFE,long,long,RiskSizing,long_tighter_initial_stop_adjust,0,3848.0,3766.0,3771.04,82.0,76.96000000000004,0.02130977130977131,0.02000000000000001,3766.0,3848.0,0.02,day_low,,,,,,,,,,,,,,,stage847_c9_15w_stage819_05r_stop_retry_live,2018-01,stage847_c9_15w_stage819_05r_stop_retry_live,150000.0,150000.0
2020-07-31 00:00:00+08:00,2020-07-31,SM009.CZCE,SM.CZCE,short,Long,Close,short_prev2day_stop,12,6264.0,,,,,,,,,,,,,,,,,,,,,,,,,stage847_c9_15w_stage819_05r_stop_retry_live,2018-01,stage847_c9_15w_stage819_05r_stop_retry_live,150000.0,150000.0
2020-08-03,2020-08-03,rb2010.SHFE,rb.SHFE,long,long,RiskSizing,long_tighter_initial_stop_adjust,0,3836.0,3759.2799999999997,3762.0,76.72000000000025,74.0,0.020000000000000066,0.01929092805005214,3762.0,3836.0,0.02,basic_min_distance,,,,,,,,,,,,,,,stage847_c9_15w_stage819_05r_stop_retry_live,2018-01,stage847_c9_15w_stage819_05r_stop_retry_live,150000.0,150000.0
2020-08-03 00:00:00+08:00,2020-08-03,SA009.CZCE,SA.CZCE,short,Long,Close,short_prev2day_stop,30,1376.0,,,,,,,,,,,,,,,,,,,,,,,,,stage847_c9_15w_stage819_05r_stop_retry_live,2018-01,stage847_c9_15w_stage819_05r_stop_retry_live,150000.0,150000.0
2020-08-10 00:00:00+08:00,2020-08-10,hc2010.SHFE,hc.SHFE,long,Short,Close,long_prev2day_stop,20,3894.0,,,,,,,,,,,,,,,,,,,,,,,,,stage847_c9_15w_stage819_05r_stop_retry_live,2018-01,stage847_c9_15w_stage819_05r_stop_retry_live,150000.0,150000.0
2020-08-11 00:00:00+08:00,2020-08-11,FG009.CZCE,FG.CZCE,long,Short,Close,rollover_close,19,1950.0,,,,,,,,,,,,,,,,,,,,,,,,,stage847_c9_15w_stage819_05r_stop_retry_live,2018-01,stage847_c9_15w_stage819_05r_stop_retry_live,150000.0,150000.0
2020-08-11,2020-08-11,FG101.CZCE,FG.CZCE,long,long,RiskSizing,long_tighter_initial_stop_adjust,0,1851.0,1792.0,1813.98,59.0,37.01999999999998,0.031874662344678555,0.01999999999999999,1792.0,1851.0,0.02,day_low,,,,,,,,,,,,,,,stage847_c9_15w_stage819_05r_stop_retry_live,2018-01,stage847_c9_15w_stage819_05r_stop_retry_live,150000.0,150000.0
2020-08-11 00:00:00+08:00,2020-08-11,rb2010.SHFE,rb.SHFE,long,Short,Close,long_prev2day_stop,2,3795.0,,,,,,,,,,,,,,,,,,,,,,,,,stage847_c9_15w_stage819_05r_stop_retry_live,2018-01,stage847_c9_15w_stage819_05r_stop_retry_live,150000.0,150000.0
2020-08-12 00:00:00+08:00,2020-08-12,FG101.CZCE,FG.CZCE,long,Short,Close,stage847_intraday_retry_failed_05r_stop,19,1836.99,,,,,,,,,,,,,,,,,,,,,,,,,stage847_c9_15w_stage819_05r_stop_retry_live,2018-01,stage847_c9_15w_stage819_05r_stop_retry_live,150000.0,150000.0
2020-08-14,2020-08-14,sp2012.SHFE,sp.SHFE,long,long,RiskSizing,long_tighter_initial_stop_adjust,0,4572.0,4480.5599999999995,4554.0,91.44000000000051,18.0,0.02000000000000011,0.003937007874015748,4554.0,4572.0,0.02,basic_min_distance,,,,,,,,,,,,,,,stage847_c9_15w_stage819_05r_stop_retry_live,2018-01,stage847_c9_15w_stage819_05r_stop_retry_live,150000.0,150000.0
2020-08-19 00:00:00+08:00,2020-08-19,sp2012.SHFE,sp.SHFE,long,Short,Close,long_base_stop,41,4552.0,,,,,,,,,,,,,,,,,,,,,,,,,stage847_c9_15w_stage819_05r_stop_retry_live,2018-01,stage847_c9_15w_stage819_05r_stop_retry_live,150000.0,150000.0
2020-08-21,2020-08-21,sp2012.SHFE,sp.SHFE,long,long,RiskSizing,long_tighter_initial_stop_adjust,0,4626.0,4533.48,4540.0,92.52000000000044,86.0,0.020000000000000094,0.018590575010808474,4540.0,4626.0,0.02,basic_min_distance,,,,,,,,,,,,,,,stage847_c9_15w_stage819_05r_stop_retry_live,2018-01,stage847_c9_15w_stage819_05r_stop_retry_live,150000.0,150000.0
2020-08-24,2020-08-24,CF101.CZCE,CF.CZCE,long,long,RiskSizing,long_tighter_initial_stop_adjust,0,12945.0,12686.1,12840.0,258.89999999999964,105.0,0.019999999999999973,0.008111239860950173,12840.0,12945.0,0.02,basic_min_distance,,,,,,,,,,,,,,,stage847_c9_15w_stage819_05r_stop_retry_live,2018-01,stage847_c9_15w_stage819_05r_stop_retry_live,150000.0,150000.0
2020-08-24,2020-08-24,fu2101.SHFE,fu.SHFE,long,long,RiskSizing,long_tighter_initial_stop_adjust,0,1966.0,1926.68,1934.0,39.319999999999936,32.0,0.01999999999999997,0.01627670396744659,1934.0,1966.0,0.02,basic_min_distance,,,,,,,,,,,,,,,stage847_c9_15w_stage819_05r_stop_retry_live,2018-01,stage847_c9_15w_stage819_05r_stop_retry_live,150000.0,150000.0
2020-08-26,2020-08-26,cu2010.SHFE,cu.SHFE,long,long,RiskSizing,long_tighter_initial_stop_adjust,0,51440.0,50411.2,51020.0,1028.800000000003,420.0,0.020000000000000056,0.008164852255054433,51020.0,51440.0,0.02,basic_min_distance,,,,,,,,,,,,,,,stage847_c9_15w_stage819_05r_stop_retry_live,2018-01,stage847_c9_15w_stage819_05r_stop_retry_live,150000.0,150000.0
2020-08-27 00:00:00+08:00,2020-08-27,SM101.CZCE,SM.CZCE,short,short,RiskSizing,broker10_margin_cap_reduce,36,6260.0,,,,,,,,,,,SM101.CZCE,short_case2,flat_entry,52.0,16.0,36.0,790766.1,417927.0,3756.0,1.65,1.0,16.0,1.2795747693281236,0.9974352087172174,stage847_c9_15w_stage819_05r_stop_retry_live,2018-01,stage847_c9_15w_stage819_05r_stop_retry_live,150000.0,150000.0
2020-08-31 00:00:00+08:00,2020-08-31,sp2012.SHFE,sp.SHFE,long,Short,Close,long_rsi_partial_exit_half,17,4978.0,,,,,,,,,,,,,,,,,,,,,,,,,stage847_c9_15w_stage819_05r_stop_retry_live,2018-01,stage847_c9_15w_stage819_05r_stop_retry_live,150000.0,150000.0
2020-09-01,2020-09-01,hc2010.SHFE,hc.SHFE,long,long,RiskSizing,long_tighter_initial_stop_adjust,0,4037.0,3956.2599999999998,4011.0,80.74000000000024,26.0,0.02000000000000006,0.006440426058954669,4011.0,4037.0,0.02,basic_min_distance,,,,,,,,,,,,,,,stage847_c9_15w_stage819_05r_stop_retry_live,2018-01,stage847_c9_15w_stage819_05r_stop_retry_live,150000.0,150000.0
2020-09-02 00:00:00+08:00,2020-09-02,hc2010.SHFE,hc.SHFE,long,Short,Close,rollover_close,32,4033.0,,,,,,,,,,,,,,,,,,,,,,,,,stage847_c9_15w_stage819_05r_stop_retry_live,2018-01,stage847_c9_15w_stage819_05r_stop_retry_live,150000.0,150000.0
2020-09-02,2020-09-02,hc2101.SHFE,hc.SHFE,long,long,RiskSizing,long_tighter_initial_stop_adjust,0,3934.0,3855.3199999999997,3932.0,78.68000000000029,2.0,0.020000000000000073,0.0005083884087442806,3932.0,3934.0,0.02,basic_min_distance,,,,,,,,,,,,,,,stage847_c9_15w_stage819_05r_stop_retry_live,2018-01,stage847_c9_15w_stage819_05r_stop_retry_live,150000.0,150000.0
2020-09-03,2020-09-03,MA101.CZCE,MA.CZCE,long,long,RiskSizing,long_tighter_initial_stop_adjust,0,2027.0,1986.46,2022.0,40.539999999999964,5.0,0.019999999999999983,0.00246669955599408,2022.0,2027.0,0.02,basic_min_distance,,,,,,,,,,,,,,,stage847_c9_15w_stage819_05r_stop_retry_live,2018-01,stage847_c9_15w_stage819_05r_stop_retry_live,150000.0,150000.0
2020-09-03 00:00:00+08:00,2020-09-03,MA101.CZCE,MA.CZCE,long,long,RiskSizing,broker10_margin_cap_reduce,65,2027.0,,,,,,,,,,,MA101.CZCE,long_case2,flat_entry,88.0,23.0,65.0,863786.1,465707.0,2432.4,1.65,1.0,23.0,1.2984708019728493,0.9964574910385801,stage847_c9_15w_stage819_05r_stop_retry_live,2018-01,stage847_c9_15w_stage819_05r_stop_retry_live,150000.0,150000.0
2020-09-03,2020-09-03,rb2101.SHFE,rb.SHFE,long,long,RiskSizing,long_tighter_initial_stop_adjust,0,3790.0,3714.2,3776.0,75.80000000000018,14.0,0.02000000000000005,0.0036939313984168864,3776.0,3790.0,0.02,basic_min_distance,,,,,,,,,,,,,,,stage847_c9_15w_stage819_05r_stop_retry_live,2018-01,stage847_c9_15w_stage819_05r_stop_retry_live,150000.0,150000.0
2020-09-03 00:00:00+08:00,2020-09-03,rb2101.SHFE,rb.SHFE,long,long,RiskSizing,broker10_margin_cap_reduce,41,3790.0,,,,,,,,,,,rb2101.SHFE,long_case3,flat_entry,56.0,15.0,41.0,863786.1,465707.0,3790.0,1.65,1.0,15.0,1.2950110565567101,0.9981858355905472,stage847_c9_15w_stage819_05r_stop_retry_live,2018-01,stage847_c9_15w_stage819_05r_stop_retry_live,150000.0,150000.0
2020-09-03 00:00:00+08:00,2020-09-03,CF101.CZCE,CF.CZCE,long,Short,Close,long_prev2day_stop,25,13025.0,,,,,,,,,,,,,,,,,,,,,,,,,stage847_c9_15w_stage819_05r_stop_retry_live,2018-01,stage847_c9_15w_stage819_05r_stop_retry_live,150000.0,150000.0
2020-09-03 00:00:00+08:00,2020-09-03,cu2010.SHFE,cu.SHFE,long,Short,Close,long_prev2day_stop,2,51760.0,,,,,,,,,,,,,,,,,,,,,,,,,stage847_c9_15w_stage819_05r_stop_retry_live,2018-01,stage847_c9_15w_stage819_05r_stop_retry_live,150000.0,150000.0
2020-09-03 00:00:00+08:00,2020-09-03,sp2012.SHFE,sp.SHFE,long,Short,Close,long_prev2day_stop,17,4828.0,,,,,,,,,,,,,,,,,,,,,,,,,stage847_c9_15w_stage819_05r_stop_retry_live,2018-01,stage847_c9_15w_stage819_05r_stop_retry_live,150000.0,150000.0
2020-09-04 00:00:00+08:00,2020-09-04,hc2101.SHFE,hc.SHFE,long,Short,Close,long_prev2day_stop,32,3910.0,,,,,,,,,,,,,,,,,,,,,,,,,stage847_c9_15w_stage819_05r_stop_retry_live,2018-01,stage847_c9_15w_stage819_05r_stop_retry_live,150000.0,150000.0
2020-09-07,2020-09-07,SM101.CZCE,SM.CZCE,long,long,RiskSizing,long_tighter_initial_stop_adjust,0,6438.0,6309.24,6430.0,128.76000000000022,8.0,0.020000000000000035,0.0012426219322771047,6430.0,6438.0,0.02,basic_min_distance,,,,,,,,,,,,,,,stage847_c9_15w_stage819_05r_stop_retry_live,2018-01,stage847_c9_15w_stage819_05r_stop_retry_live,150000.0,150000.0
2020-09-09 00:00:00+08:00,2020-09-09,SM101.CZCE,SM.CZCE,long,Short,Close,long_prev2day_stop,57,6404.0,,,,,,,,,,,,,,,,,,,,,,,,,stage847_c9_15w_stage819_05r_stop_retry_live,2018-01,stage847_c9_15w_stage819_05r_stop_retry_live,150000.0,150000.0
2020-09-16,2020-09-16,MA101.CZCE,MA.CZCE,long,long,RiskSizing,long_tighter_initial_stop_adjust,0,2084.0,2042.32,2067.0,41.680000000000064,17.0,0.02000000000000003,0.008157389635316698,2067.0,2084.0,0.02,basic_min_distance,,,,,,,,,,,,,,,stage847_c9_15w_stage819_05r_stop_retry_live,2018-01,stage847_c9_15w_stage819_05r_stop_retry_live,150000.0,150000.0
2020-09-22 00:00:00+08:00,2020-09-22,MA101.CZCE,MA.CZCE,long,Short,Close,long_prev2day_stop,92,2014.0,,,,,,,,,,,,,,,,,,,,,,,,,stage847_c9_15w_stage819_05r_stop_retry_live,2018-01,stage847_c9_15w_stage819_05r_stop_retry_live,150000.0,150000.0
2020-09-28,2020-09-28,ru2101.SHFE,ru.SHFE,long,long,RiskSizing,long_tighter_initial_stop_adjust,0,12675.0,12421.5,12585.0,253.5,90.0,0.02,0.007100591715976331,12585.0,12675.0,0.02,basic_min_distance,,,,,,,,,,,,,,,stage847_c9_15w_stage819_05r_stop_retry_live,2018-01,stage847_c9_15w_stage819_05r_stop_retry_live,150000.0,150000.0
2020-09-30 00:00:00+08:00,2020-09-30,ru2101.SHFE,ru.SHFE,long,Short,Close,long_prev2day_stop,14,12350.0,,,,,,,,,,,,,,,,,,,,,,,,,stage847_c9_15w_stage819_05r_stop_retry_live,2018-01,stage847_c9_15w_stage819_05r_stop_retry_live,150000.0,150000.0
2020-10-09,2020-10-09,jm2101.DCE,jm.DCE,long,long,RiskSizing,long_tighter_initial_stop_adjust,0,1321.0,1277.0,1294.58,44.0,26.420000000000073,0.033308099924299776,0.020000000000000056,1277.0,1321.0,0.02,day_low,,,,,,,,,,,,,,,stage847_c9_15w_stage819_05r_stop_retry_live,2018-01,stage847_c9_15w_stage819_05r_stop_retry_live,150000.0,150000.0
2020-10-09 00:00:00+08:00,2020-10-09,CF101.CZCE,CF.CZCE,short,Long,Close,short_prev2day_stop,28,13295.0,,,,,,,,,,,,,,,,,,,,,,,,,stage847_c9_15w_stage819_05r_stop_retry_live,2018-01,stage847_c9_15w_stage819_05r_stop_retry_live,150000.0,150000.0
2020-10-13,2020-10-13,AP101.CZCE,AP.CZCE,long,long,RiskSizing,long_tighter_initial_stop_adjust,0,8229.0,8036.0,8064.42,193.0,164.57999999999993,0.023453639567383642,0.01999999999999999,8036.0,8229.0,0.02,day_low,,,,,,,,,,,,,,,stage847_c9_15w_stage819_05r_stop_retry_live,2018-01,stage847_c9_15w_stage819_05r_stop_retry_live,150000.0,150000.0
2020-10-14,2020-10-14,CF101.CZCE,CF.CZCE,long,long,RiskSizing,long_tighter_initial_stop_adjust,0,14320.0,14020.0,14033.6,300.0,286.39999999999964,0.02094972067039106,0.019999999999999976,14020.0,14320.0,0.02,day_low,,,,,,,,,,,,,,,stage847_c9_15w_stage819_05r_stop_retry_live,2018-01,stage847_c9_15w_stage819_05r_stop_retry_live,150000.0,150000.0
2020-10-14,2020-10-14,ru2101.SHFE,ru.SHFE,long,long,RiskSizing,long_tighter_initial_stop_adjust,0,13360.0,13092.8,13200.0,267.2000000000007,160.0,0.020000000000000056,0.011976047904191617,13200.0,13360.0,0.02,basic_min_distance,,,,,,,,,,,,,,,stage847_c9_15w_stage819_05r_stop_retry_live,2018-01,stage847_c9_15w_stage819_05r_stop_retry_live,150000.0,150000.0
2020-10-14 00:00:00+08:00,2020-10-14,ru2101.SHFE,ru.SHFE,long,Short,Close,forced_margin_deleverage,10,13360.0,,,,,,,,,,,,,,,,,,,,,,,,,stage847_c9_15w_stage819_05r_stop_retry_live,2018-01,stage847_c9_15w_stage819_05r_stop_retry_live,150000.0,150000.0
2020-10-16 00:00:00+08:00,2020-10-16,jm2101.DCE,jm.DCE,long,Short,Close,long_prev2day_stop,11,1335.0,,,,,,,,,,,,,,,,,,,,,,,,,stage847_c9_15w_stage819_05r_stop_retry_live,2018-01,stage847_c9_15w_stage819_05r_stop_retry_live,150000.0,150000.0
2020-10-19 00:00:00+08:00,2020-10-19,CF101.CZCE,CF.CZCE,long,Short,Close,long_rsi_partial_exit_half,6,14935.0,,,,,,,,,,,,,,,,,,,,,,,,,stage847_c9_15w_stage819_05r_stop_retry_live,2018-01,stage847_c9_15w_stage819_05r_stop_retry_live,150000.0,150000.0
2020-10-21 00:00:00+08:00,2020-10-21,AP101.CZCE,AP.CZCE,long,Short,Close,long_prev2day_stop,7,8011.0,,,,,,,,,,,,,,,,,,,,,,,,,stage847_c9_15w_stage819_05r_stop_retry_live,2018-01,stage847_c9_15w_stage819_05r_stop_retry_live,150000.0,150000.0
2020-10-22,2020-10-22,MA101.CZCE,MA.CZCE,long,long,RiskSizing,long_tighter_initial_stop_adjust,0,2088.0,2046.24,2074.0,41.75999999999999,14.0,0.019999999999999997,0.006704980842911878,2074.0,2088.0,0.02,basic_min_distance,,,,,,,,,,,,,,,stage847_c9_15w_stage819_05r_stop_retry_live,2018-01,stage847_c9_15w_stage819_05r_stop_retry_live,150000.0,150000.0
2020-10-22 00:00:00+08:00,2020-10-22,CF101.CZCE,CF.CZCE,long,Short,Close,long_prev2day_stop,7,14505.0,,,,,,,,,,,,,,,,,,,,,,,,,stage847_c9_15w_stage819_05r_stop_retry_live,2018-01,stage847_c9_15w_stage819_05r_stop_retry_live,150000.0,150000.0
2020-10-23 00:00:00+08:00,2020-10-23,MA101.CZCE,MA.CZCE,long,Short,Close,long_base_stop,86,2055.0,,,,,,,,,,,,,,,,,,,,,,,,,stage847_c9_15w_stage819_05r_stop_retry_live,2018-01,stage847_c9_15w_stage819_05r_stop_retry_live,150000.0,150000.0
2020-10-26,2020-10-26,OI101.CZCE,OI.CZCE,long,long,RiskSizing,long_tighter_initial_stop_adjust,0,9260.0,9074.8,9089.0,185.20000000000073,171.0,0.02000000000000008,0.018466522678185746,9089.0,9260.0,0.02,basic_min_distance,,,,,,,,,,,,,,,stage847_c9_15w_stage819_05r_stop_retry_live,2018-01,stage847_c9_15w_stage819_05r_stop_retry_live,150000.0,150000.0
2020-10-27 00:00:00+08:00,2020-10-27,ru2101.SHFE,ru.SHFE,long,Short,Close,long_rsi_partial_exit_half,1,15725.0,,,,,,,,,,,,,,,,,,,,,,,,,stage847_c9_15w_stage819_05r_stop_retry_live,2018-01,stage847_c9_15w_stage819_05r_stop_retry_live,150000.0,150000.0
2020-11-02 00:00:00+08:00,2020-11-02,ru2101.SHFE,ru.SHFE,long,Short,Close,long_prev2day_stop,1,15255.0,,,,,,,,,,,,,,,,,,,,,,,,,stage847_c9_15w_stage819_05r_stop_retry_live,2018-01,stage847_c9_15w_stage819_05r_stop_retry_live,150000.0,150000.0
2020-11-04,2020-11-04,rb2101.SHFE,rb.SHFE,long,long,RiskSizing,long_tighter_initial_stop_adjust,0,3753.0,3677.94,3711.0,75.05999999999995,42.0,0.019999999999999987,0.011191047162270184,3711.0,3753.0,0.02,basic_min_distance,,,,,,,,,,,,,,,stage847_c9_15w_stage819_05r_stop_retry_live,2018-01,stage847_c9_15w_stage819_05r_stop_retry_live,150000.0,150000.0
2020-11-09 00:00:00+08:00,2020-11-09,OI101.CZCE,OI.CZCE,long,Short,Close,long_prev2day_stop,7,9554.0,,,,,,,,,,,,,,,,,,,,,,,,,stage847_c9_15w_stage819_05r_stop_retry_live,2018-01,stage847_c9_15w_stage819_05r_stop_retry_live,150000.0,150000.0
2020-11-16,2020-11-16,cu2012.SHFE,cu.SHFE,long,long,RiskSizing,long_tighter_initial_stop_adjust,0,53640.0,52110.0,52567.2,1530.0,1072.800000000003,0.028523489932885907,0.020000000000000056,52110.0,53640.0,0.02,day_low,,,,,,,,,,,,,,,stage847_c9_15w_stage819_05r_stop_retry_live,2018-01,stage847_c9_15w_stage819_05r_stop_retry_live,150000.0,150000.0
2020-11-17 00:00:00+08:00,2020-11-17,cu2012.SHFE,cu.SHFE,long,Short,Close,stage847_intraday_05r_stop_no_reentry,4,53043.6,,,,,,,,,,,,,,,,,,,,,,,,,stage847_c9_15w_stage819_05r_stop_retry_live,2018-01,stage847_c9_15w_stage819_05r_stop_retry_live,150000.0,150000.0
2020-11-17,2020-11-17,OI101.CZCE,OI.CZCE,long,long,RiskSizing,long_tighter_initial_stop_adjust,0,9839.0,9640.0,9642.22,199.0,196.78000000000065,0.020225632686248603,0.020000000000000066,9640.0,9839.0,0.02,day_low,,,,,,,,,,,,,,,stage847_c9_15w_stage819_05r_stop_retry_live,2018-01,stage847_c9_15w_stage819_05r_stop_retry_live,150000.0,150000.0
2020-11-23 00:00:00+08:00,2020-11-23,OI101.CZCE,OI.CZCE,long,Short,Close,long_prev2day_stop,7,9783.0,,,,,,,,,,,,,,,,,,,,,,,,,stage847_c9_15w_stage819_05r_stop_retry_live,2018-01,stage847_c9_15w_stage819_05r_stop_retry_live,150000.0,150000.0
2020-11-25,2020-11-25,SM101.CZCE,SM.CZCE,long,long,RiskSizing,long_tighter_initial_stop_adjust,0,6260.0,6134.8,6222.0,125.19999999999982,38.0,0.019999999999999973,0.0060702875399361025,6222.0,6260.0,0.02,basic_min_distance,,,,,,,,,,,,,,,stage847_c9_15w_stage819_05r_stop_retry_live,2018-01,stage847_c9_15w_stage819_05r_stop_retry_live,150000.0,150000.0
2020-11-25 00:00:00+08:00,2020-11-25,SM101.CZCE,SM.CZCE,long,long,RiskSizing,broker10_margin_cap_reduce,31,6260.0,,,,,,,,,,,SM101.CZCE,long_case1a,flat_entry,66.0,35.0,31.0,995168.1000000001,470191.19999999995,3756.0,1.65,1.0,35.0,1.190596724312204,0.9975445153436889,stage847_c9_15w_stage819_05r_stop_retry_live,2018-01,stage847_c9_15w_stage819_05r_stop_retry_live,150000.0,150000.0
2020-11-25,2020-11-25,jm2101.DCE,jm.DCE,long,long,RiskSizing,long_tighter_initial_stop_adjust,0,1424.5,1393.5,1396.01,31.0,28.49000000000001,0.02176202176202176,0.020000000000000007,1393.5,1424.5,0.02,day_low,,,,,,,,,,,,,,,stage847_c9_15w_stage819_05r_stop_retry_live,2018-01,stage847_c9_15w_stage819_05r_stop_retry_live,150000.0,150000.0
2020-11-25 00:00:00+08:00,2020-11-25,jm2101.DCE,jm.DCE,long,long,RiskSizing,broker10_margin_cap_reduce,3,1424.5,,,,,,,,,,,jm2101.DCE,long_case1a,flat_entry,10.0,7.0,3.0,995168.1000000001,470191.19999999995,17094.0,1.65,1.0,7.0,1.0630028032449994,0.9779766654497866,stage847_c9_15w_stage819_05r_stop_retry_live,2018-01,stage847_c9_15w_stage819_05r_stop_retry_live,150000.0,150000.0
2020-11-25 00:00:00+08:00,2020-11-25,rb2101.SHFE,rb.SHFE,long,Short,Close,long_prev2day_stop,60,3865.0,,,,,,,,,,,,,,,,,,,,,,,,,stage847_c9_15w_stage819_05r_stop_retry_live,2018-01,stage847_c9_15w_stage819_05r_stop_retry_live,150000.0,150000.0
2020-11-30,2020-11-30,ru2101.SHFE,ru.SHFE,long,long,RiskSizing,long_tighter_initial_stop_adjust,0,15150.0,14847.0,15040.0,303.0,110.0,0.02,0.007260726072607261,15040.0,15150.0,0.02,basic_min_distance,,,,,,,,,,,,,,,stage847_c9_15w_stage819_05r_stop_retry_live,2018-01,stage847_c9_15w_stage819_05r_stop_retry_live,150000.0,150000.0
2020-11-30 00:00:00+08:00,2020-11-30,ru2101.SHFE,ru.SHFE,long,long,RiskSizing,broker10_margin_cap_reduce,2,15150.0,,,,,,,,,,,ru2101.SHFE,long_case2,flat_entry,10.0,8.0,2.0,1059730.5,489316.8,18180.0,1.65,1.0,8.0,1.0449286115668086,0.9883161048964807,stage847_c9_15w_stage819_05r_stop_retry_live,2018-01,stage847_c9_15w_stage819_05r_stop_retry_live,150000.0,150000.0
2020-11-30 00:00:00+08:00,2020-11-30,AP101.CZCE,AP.CZCE,short,Long,Close,forced_margin_deleverage,15,6851.0,,,,,,,,,,,,,,,,,,,,,,,,,stage847_c9_15w_stage819_05r_stop_retry_live,2018-01,stage847_c9_15w_stage819_05r_stop_retry_live,150000.0,150000.0
2020-12-02 00:00:00+08:00,2020-12-02,ru2101.SHFE,ru.SHFE,long,Short,Close,rollover_close,8,15485.0,,,,,,,,,,,,,,,,,,,,,,,,,stage847_c9_15w_stage819_05r_stop_retry_live,2018-01,stage847_c9_15w_stage819_05r_stop_retry_live,150000.0,150000.0
2020-12-02,2020-12-02,ru2105.SHFE,ru.SHFE,long,long,RiskSizing,long_tighter_initial_stop_adjust,0,15775.0,15285.0,15459.5,490.0,315.5,0.031061806656101427,0.02,15285.0,15775.0,0.02,day_low,,,,,,,,,,,,,,,stage847_c9_15w_stage819_05r_stop_retry_live,2018-01,stage847_c9_15w_stage819_05r_stop_retry_live,150000.0,150000.0
2020-12-04 00:00:00+08:00,2020-12-04,ru2105.SHFE,ru.SHFE,long,Short,Close,long_prev2day_stop,8,14880.0,,,,,,,,,,,,,,,,,,,,,,,,,stage847_c9_15w_stage819_05r_stop_retry_live,2018-01,stage847_c9_15w_stage819_05r_stop_retry_live,150000.0,150000.0
2020-12-09 00:00:00+08:00,2020-12-09,SM101.CZCE,SM.CZCE,long,Short,Close,long_prev2day_stop,32,6344.0,,,,,,,,,,,,,,,,,,,,,,,,,stage847_c9_15w_stage819_05r_stop_retry_live,2018-01,stage847_c9_15w_stage819_05r_stop_retry_live,150000.0,150000.0
2020-12-11,2020-12-11,MA101.CZCE,MA.CZCE,long,long,RiskSizing,long_tighter_initial_stop_adjust,0,2435.0,2304.0,2386.3,131.0,48.69999999999982,0.05379876796714579,0.019999999999999924,2304.0,2435.0,0.02,day_low,,,,,,,,,,,,,,,stage847_c9_15w_stage819_05r_stop_retry_live,2018-01,stage847_c9_15w_stage819_05r_stop_retry_live,150000.0,150000.0
2020-12-11 00:00:00+08:00,2020-12-11,jm2101.DCE,jm.DCE,long,Short,Close,long_prev2day_stop,8,1521.5,,,,,,,,,,,,,,,,,,,,,,,,,stage847_c9_15w_stage819_05r_stop_retry_live,2018-01,stage847_c9_15w_stage819_05r_stop_retry_live,150000.0,150000.0
2020-12-14 00:00:00+08:00,2020-12-14,MA101.CZCE,MA.CZCE,long,Short,Close,stage847_intraday_05r_stop_no_reentry,38,2404.15,,,,,,,,,,,,,,,,,,,,,,,,,stage847_c9_15w_stage819_05r_stop_retry_live,2018-01,stage847_c9_15w_stage819_05r_stop_retry_live,150000.0,150000.0
2020-12-14,2020-12-14,CF105.CZCE,CF.CZCE,long,long,RiskSizing,long_tighter_initial_stop_adjust,0,14885.0,14587.3,14725.0,297.7000000000007,160.0,0.02000000000000005,0.010749076251259657,14725.0,14885.0,0.02,basic_min_distance,,,,,,,,,,,,,,,stage847_c9_15w_stage819_05r_stop_retry_live,2018-01,stage847_c9_15w_stage819_05r_stop_retry_live,150000.0,150000.0
2020-12-15 00:00:00+08:00,2020-12-15,AP101.CZCE,AP.CZCE,short,Long,Close,short_prev2day_stop,13,6462.0,,,,,,,,,,,,,,,,,,,,,,,,,stage847_c9_15w_stage819_05r_stop_retry_live,2018-01,stage847_c9_15w_stage819_05r_stop_retry_live,150000.0,150000.0
2020-12-16,2020-12-16,SM101.CZCE,SM.CZCE,long,long,RiskSizing,long_tighter_initial_stop_adjust,0,6576.0,6444.48,6510.0,131.52000000000044,66.0,0.020000000000000066,0.010036496350364963,6510.0,6576.0,0.02,basic_min_distance,,,,,,,,,,,,,,,stage847_c9_15w_stage819_05r_stop_retry_live,2018-01,stage847_c9_15w_stage819_05r_stop_retry_live,150000.0,150000.0
2020-12-17 00:00:00+08:00,2020-12-17,SM101.CZCE,SM.CZCE,long,Short,Close,stage847_intraday_05r_stop_no_reentry,61,6567.0,,,,,,,,,,,,,,,,,,,,,,,,,stage847_c9_15w_stage819_05r_stop_retry_live,2018-01,stage847_c9_15w_stage819_05r_stop_retry_live,150000.0,150000.0
2020-12-17,2020-12-17,fu2105.SHFE,fu.SHFE,long,long,RiskSizing,long_tighter_initial_stop_adjust,0,2192.0,2088.0,2148.16,104.0,43.840000000000146,0.04744525547445255,0.020000000000000066,2088.0,2192.0,0.02,day_low,,,,,,,,,,,,,,,stage847_c9_15w_stage819_05r_stop_retry_live,2018-01,stage847_c9_15w_stage819_05r_stop_retry_live,150000.0,150000.0
2020-12-21,2020-12-21,OI105.CZCE,OI.CZCE,long,long,RiskSizing,long_tighter_initial_stop_adjust,0,9339.0,9152.22,9319.0,186.78000000000065,20.0,0.02000000000000007,0.002141556911874933,9319.0,9339.0,0.02,basic_min_distance,,,,,,,,,,,,,,,stage847_c9_15w_stage819_05r_stop_retry_live,2018-01,stage847_c9_15w_stage819_05r_stop_retry_live,150000.0,150000.0
2020-12-22 00:00:00+08:00,2020-12-22,CF105.CZCE,CF.CZCE,long,Short,Close,long_prev2day_stop,30,14535.0,,,,,,,,,,,,,,,,,,,,,,,,,stage847_c9_15w_stage819_05r_stop_retry_live,2018-01,stage847_c9_15w_stage819_05r_stop_retry_live,150000.0,150000.0
2020-12-22 00:00:00+08:00,2020-12-22,OI105.CZCE,OI.CZCE,long,Short,Close,long_base_stop,24,9189.0,,,,,,,,,,,,,,,,,,,,,,,,,stage847_c9_15w_stage819_05r_stop_retry_live,2018-01,stage847_c9_15w_stage819_05r_stop_retry_live,150000.0,150000.0
2021-01-04,2021-01-04,au2102.SHFE,au.SHFE,long,long,RiskSizing,long_tighter_initial_stop_adjust,0,400.04,392.0392,398.9,8.000800000000027,1.1400000000000432,0.020000000000000066,0.002849715028497258,398.9,400.04,0.02,basic_min_distance,,,,,,,,,,,,,,,stage847_c9_15w_stage819_05r_stop_retry_live,2018-01,stage847_c9_15w_stage819_05r_stop_retry_live,150000.0,150000.0
2021-01-05,2021-01-05,SM105.CZCE,SM.CZCE,long,long,RiskSizing,long_tighter_initial_stop_adjust,0,7038.0,6830.0,6897.24,208.0,140.76000000000022,0.029553850525717535,0.02000000000000003,6830.0,7038.0,0.02,day_low,,,,,,,,,,,,,,,stage847_c9_15w_stage819_05r_stop_retry_live,2018-01,stage847_c9_15w_stage819_05r_stop_retry_live,150000.0,150000.0
2021-01-07,2021-01-07,fu2105.SHFE,fu.SHFE,long,long,RiskSizing,long_tighter_initial_stop_adjust,0,2194.0,2110.0,2150.12,84.0,43.88000000000011,0.03828623518687329,0.02000000000000005,2110.0,2194.0,0.02,day_low,,,,,,,,,,,,,,,stage847_c9_15w_stage819_05r_stop_retry_live,2018-01,stage847_c9_15w_stage819_05r_stop_retry_live,150000.0,150000.0
2021-01-07,2021-01-07,jm2105.DCE,jm.DCE,long,long,RiskSizing,long_tighter_initial_stop_adjust,0,1729.5,1687.0,1694.91,42.5,34.58999999999992,0.024573576178086153,0.019999999999999952,1687.0,1729.5,0.02,day_low,,,,,,,,,,,,,,,stage847_c9_15w_stage819_05r_stop_retry_live,2018-01,stage847_c9_15w_stage819_05r_stop_retry_live,150000.0,150000.0
2021-01-07 00:00:00+08:00,2021-01-07,au2102.SHFE,au.SHFE,long,Short,Close,long_prev2day_stop,5,399.06,,,,,,,,,,,,,,,,,,,,,,,,,stage847_c9_15w_stage819_05r_stop_retry_live,2018-01,stage847_c9_15w_stage819_05r_stop_retry_live,150000.0,150000.0
2021-01-12 00:00:00+08:00,2021-01-12,jm2105.DCE,jm.DCE,long,Short,Close,long_base_stop,10,1734.5,,,,,,,,,,,,,,,,,,,,,,,,,stage847_c9_15w_stage819_05r_stop_retry_live,2018-01,stage847_c9_15w_stage819_05r_stop_retry_live,150000.0,150000.0
2021-01-15 00:00:00+08:00,2021-01-15,SM105.CZCE,SM.CZCE,long,Short,Close,long_prev2day_stop,38,7304.0,,,,,,,,,,,,,,,,,,,,,,,,,stage847_c9_15w_stage819_05r_stop_retry_live,2018-01,stage847_c9_15w_stage819_05r_stop_retry_live,150000.0,150000.0
2021-01-26,2021-01-26,sp2103.SHFE,sp.SHFE,long,long,RiskSizing,long_tighter_initial_stop_adjust,0,6504.0,6350.0,6373.92,154.0,130.07999999999993,0.023677736777367772,0.01999999999999999,6350.0,6504.0,0.02,day_low,,,,,,,,,,,,,,,stage847_c9_15w_stage819_05r_stop_retry_live,2018-01,stage847_c9_15w_stage819_05r_stop_retry_live,150000.0,150000.0
2021-02-03 00:00:00+08:00,2021-02-03,sp2103.SHFE,sp.SHFE,long,Short,Close,long_prev2day_stop,31,6448.0,,,,,,,,,,,,,,,,,,,,,,,,,stage847_c9_15w_stage819_05r_stop_retry_live,2018-01,stage847_c9_15w_stage819_05r_stop_retry_live,150000.0,150000.0
2021-02-09,2021-02-09,CF105.CZCE,CF.CZCE,long,long,RiskSizing,long_tighter_initial_stop_adjust,0,15605.0,15292.9,15510.0,312.10000000000036,95.0,0.020000000000000025,0.006087792374239026,15510.0,15605.0,0.02,basic_min_distance,,,,,,,,,,,,,,,stage847_c9_15w_stage819_05r_stop_retry_live,2018-01,stage847_c9_15w_stage819_05r_stop_retry_live,150000.0,150000.0
2021-02-09,2021-02-09,fu2105.SHFE,fu.SHFE,long,long,RiskSizing,long_tighter_initial_stop_adjust,0,2342.0,2275.0,2295.16,67.0,46.840000000000146,0.02860802732707088,0.020000000000000063,2275.0,2342.0,0.02,day_low,,,,,,,,,,,,,,,stage847_c9_15w_stage819_05r_stop_retry_live,2018-01,stage847_c9_15w_stage819_05r_stop_retry_live,150000.0,150000.0
2021-02-09,2021-02-09,ru2105.SHFE,ru.SHFE,long,long,RiskSizing,long_tighter_initial_stop_adjust,0,14855.0,14557.9,14630.0,297.10000000000036,225.0,0.020000000000000025,0.015146415348367553,14630.0,14855.0,0.02,basic_min_distance,,,,,,,,,,,,,,,stage847_c9_15w_stage819_05r_stop_retry_live,2018-01,stage847_c9_15w_stage819_05r_stop_retry_live,150000.0,150000.0
2021-02-18,2021-02-18,fu2105.SHFE,fu.SHFE,long,long,RiskSizing,long_tighter_initial_stop_adjust,0,2399.0,2351.02,2365.0,47.98000000000002,34.0,0.020000000000000007,0.0141725719049604,2365.0,2399.0,0.02,basic_min_distance,,,,,,,,,,,,,,,stage847_c9_15w_stage819_05r_stop_retry_live,2018-01,stage847_c9_15w_stage819_05r_stop_retry_live,150000.0,150000.0
2021-02-19,2021-02-19,SA105.CZCE,SA.CZCE,long,long,RiskSizing,long_tighter_initial_stop_adjust,0,1666.0,1632.68,1648.0,33.319999999999936,18.0,0.019999999999999962,0.010804321728691477,1648.0,1666.0,0.02,basic_min_distance,,,,,,,,,,,,,,,stage847_c9_15w_stage819_05r_stop_retry_live,2018-01,stage847_c9_15w_stage819_05r_stop_retry_live,150000.0,150000.0
2021-02-19,2021-02-19,cu2104.SHFE,cu.SHFE,long,long,RiskSizing,long_tighter_initial_stop_adjust,0,64320.0,63000.0,63033.6,1320.0,1286.4000000000015,0.020522388059701493,0.02000000000000002,63000.0,64320.0,0.02,day_low,,,,,,,,,,,,,,,stage847_c9_15w_stage819_05r_stop_retry_live,2018-01,stage847_c9_15w_stage819_05r_stop_retry_live,150000.0,150000.0
2021-02-19 00:00:00+08:00,2021-02-19,cu2104.SHFE,cu.SHFE,long,long,RiskSizing,broker10_margin_cap_reduce,2,64320.0,,,,,,,,,,,cu2104.SHFE,long_case2,flat_entry,7.0,5.0,2.0,1196822.5,523125.0,38592.0,1.65,1.0,5.0,1.0936407445548524,0.9872309803667628,stage847_c9_15w_stage819_05r_stop_retry_live,2018-01,stage847_c9_15w_stage819_05r_stop_retry_live,150000.0,150000.0
2021-02-19,2021-02-19,sp2105.SHFE,sp.SHFE,long,long,RiskSizing,long_tighter_initial_stop_adjust,0,6972.0,6802.0,6832.5599999999995,170.0,139.4400000000005,0.02438324727481354,0.020000000000000073,6802.0,6972.0,0.02,day_low,,,,,,,,,,,,,,,stage847_c9_15w_stage819_05r_stop_retry_live,2018-01,stage847_c9_15w_stage819_05r_stop_retry_live,150000.0,150000.0
2021-02-19 00:00:00+08:00,2021-02-19,ru2105.SHFE,ru.SHFE,long,Short,Close,forced_margin_deleverage,10,15650.0,,,,,,,,,,,,,,,,,,,,,,,,,stage847_c9_15w_stage819_05r_stop_retry_live,2018-01,stage847_c9_15w_stage819_05r_stop_retry_live,150000.0,150000.0
2021-02-22 00:00:00+08:00,2021-02-22,sp2105.SHFE,sp.SHFE,long,Short,Close,stage847_intraday_retry_failed_05r_stop,16,6902.28,,,,,,,,,,,,,,,,,,,,,,,,,stage847_c9_15w_stage819_05r_stop_retry_live,2018-01,stage847_c9_15w_stage819_05r_stop_retry_live,150000.0,150000.0
2021-02-22,2021-02-22,OI105.CZCE,OI.CZCE,long,long,RiskSizing,long_tighter_initial_stop_adjust,0,10243.0,10038.14,10162.0,204.86000000000058,81.0,0.020000000000000056,0.007907839500146441,10162.0,10243.0,0.02,basic_min_distance,,,,,,,,,,,,,,,stage847_c9_15w_stage819_05r_stop_retry_live,2018-01,stage847_c9_15w_stage819_05r_stop_retry_live,150000.0,150000.0
2021-02-22 00:00:00+08:00,2021-02-22,OI105.CZCE,OI.CZCE,long,Short,Close,forced_margin_deleverage,12,10243.0,,,,,,,,,,,,,,,,,,,,,,,,,stage847_c9_15w_stage819_05r_stop_retry_live,2018-01,stage847_c9_15w_stage819_05r_stop_retry_live,150000.0,150000.0
2021-02-23,2021-02-23,FG105.CZCE,FG.CZCE,long,long,RiskSizing,long_tighter_initial_stop_adjust,0,1969.0,1929.62,1952.0,39.38000000000011,17.0,0.020000000000000056,0.008633824276282377,1952.0,1969.0,0.02,basic_min_distance,,,,,,,,,,,,,,,stage847_c9_15w_stage819_05r_stop_retry_live,2018-01,stage847_c9_15w_stage819_05r_stop_retry_live,150000.0,150000.0
2021-02-23 00:00:00+08:00,2021-02-23,FG105.CZCE,FG.CZCE,long,long,RiskSizing,broker10_margin_cap_reduce,22,1969.0,,,,,,,,,,,FG105.CZCE,long_case2,flat_entry,61.0,39.0,22.0,1322122.1,612406.2,4725.599999999999,1.65,1.0,39.0,1.1240277051567322,0.9942822905690779,stage847_c9_15w_stage819_05r_stop_retry_live,2018-01,stage847_c9_15w_stage819_05r_stop_retry_live,150000.0,150000.0
2021-02-23,2021-02-23,rb2105.SHFE,rb.SHFE,long,long,RiskSizing,long_tighter_initial_stop_adjust,0,4552.0,4460.96,4535.0,91.03999999999996,17.0,0.019999999999999993,0.003734622144112478,4535.0,4552.0,0.02,basic_min_distance,,,,,,,,,,,,,,,stage847_c9_15w_stage819_05r_stop_retry_live,2018-01,stage847_c9_15w_stage819_05r_stop_retry_live,150000.0,150000.0
2021-02-23 00:00:00+08:00,2021-02-23,rb2105.SHFE,rb.SHFE,long,long,RiskSizing,broker10_margin_cap_reduce,20,4552.0,,,,,,,,,,,rb2105.SHFE,long_case2,flat_entry,61.0,41.0,20.0,1322122.1,612406.2,4552.0,1.65,1.0,41.0,1.1108119514831494,0.9971946085766207,stage847_c9_15w_stage819_05r_stop_retry_live,2018-01,stage847_c9_15w_stage819_05r_stop_retry_live,150000.0,150000.0
2021-02-24,2021-02-24,hc2105.SHFE,hc.SHFE,long,long,RiskSizing,long_tighter_initial_stop_adjust,0,4816.0,4719.68,4750.0,96.31999999999971,66.0,0.019999999999999938,0.013704318936877076,4750.0,4816.0,0.02,basic_min_distance,,,,,,,,,,,,,,,stage847_c9_15w_stage819_05r_stop_retry_live,2018-01,stage847_c9_15w_stage819_05r_stop_retry_live,150000.0,150000.0
2021-02-24 00:00:00+08:00,2021-02-24,jm2105.DCE,jm.DCE,short,short,RiskSizing,broker10_margin_cap_reduce,7,1483.0,,,,,,,,,,,jm2105.DCE,short_case1a,flat_entry,18.0,11.0,7.0,1345332.1,615191.4,17796.0,1.65,1.0,11.0,1.1473798997288476,0.9945969549080111,stage847_c9_15w_stage819_05r_stop_retry_live,2018-01,stage847_c9_15w_stage819_05r_stop_retry_live,150000.0,150000.0
2021-02-25 00:00:00+08:00,2021-02-25,cu2104.SHFE,cu.SHFE,long,Short,Close,long_rsi_partial_exit_half,1,70150.0,,,,,,,,,,,,,,,,,,,,,,,,,stage847_c9_15w_stage819_05r_stop_retry_live,2018-01,stage847_c9_15w_stage819_05r_stop_retry_live,150000.0,150000.0
2021-02-26 00:00:00+08:00,2021-02-26,ru2105.SHFE,ru.SHFE,long,Short,Close,long_base_stop,5,15990.0,,,,,,,,,,,,,,,,,,,,,,,,,stage847_c9_15w_stage819_05r_stop_retry_live,2018-01,stage847_c9_15w_stage819_05r_stop_retry_live,150000.0,150000.0
2021-03-01,2021-03-01,MA105.CZCE,MA.CZCE,long,long,RiskSizing,long_tighter_initial_stop_adjust,0,2531.0,2446.0,2480.38,85.0,50.61999999999989,0.033583563808771234,0.019999999999999955,2446.0,2531.0,0.02,day_low,,,,,,,,,,,,,,,stage847_c9_15w_stage819_05r_stop_retry_live,2018-01,stage847_c9_15w_stage819_05r_stop_retry_live,150000.0,150000.0
2021-03-01 00:00:00+08:00,2021-03-01,cu2104.SHFE,cu.SHFE,long,Short,Close,long_prev2day_stop,2,67450.0,,,,,,,,,,,,,,,,,,,,,,,,,stage847_c9_15w_stage819_05r_stop_retry_live,2018-01,stage847_c9_15w_stage819_05r_stop_retry_live,150000.0,150000.0
2021-03-02 00:00:00+08:00,2021-03-02,OI105.CZCE,OI.CZCE,long,Short,Close,long_prev2day_stop,12,10448.0,,,,,,,,,,,,,,,,,,,,,,,,,stage847_c9_15w_stage819_05r_stop_retry_live,2018-01,stage847_c9_15w_stage819_05r_stop_retry_live,150000.0,150000.0
2021-03-04 00:00:00+08:00,2021-03-04,CF105.CZCE,CF.CZCE,long,Short,Close,long_prev2day_stop,25,16080.0,,,,,,,,,,,,,,,,,,,,,,,,,stage847_c9_15w_stage819_05r_stop_retry_live,2018-01,stage847_c9_15w_stage819_05r_stop_retry_live,150000.0,150000.0
2021-03-09,2021-03-09,fu2105.SHFE,fu.SHFE,long,long,RiskSizing,long_tighter_initial_stop_adjust,0,2572.0,2520.56,2554.0,51.440000000000055,18.0,0.02000000000000002,0.006998444790046656,2554.0,2572.0,0.02,basic_min_distance,,,,,,,,,,,,,,,stage847_c9_15w_stage819_05r_stop_retry_live,2018-01,stage847_c9_15w_stage819_05r_stop_retry_live,150000.0,150000.0
2021-03-10 00:00:00+08:00,2021-03-10,MA105.CZCE,MA.CZCE,long,Short,Close,long_prev2day_stop,28,2470.0,,,,,,,,,,,,,,,,,,,,,,,,,stage847_c9_15w_stage819_05r_stop_retry_live,2018-01,stage847_c9_15w_stage819_05r_stop_retry_live,150000.0,150000.0
2021-03-17,2021-03-17,SA105.CZCE,SA.CZCE,long,long,RiskSizing,long_tighter_initial_stop_adjust,0,1997.0,1905.0,1957.06,92.0,39.940000000000055,0.04606910365548322,0.020000000000000028,1905.0,1997.0,0.02,day_low,,,,,,,,,,,,,,,stage847_c9_15w_stage819_05r_stop_retry_live,2018-01,stage847_c9_15w_stage819_05r_stop_retry_live,150000.0,150000.0
2021-03-18 00:00:00+08:00,2021-03-18,SA105.CZCE,SA.CZCE,long,Short,Close,stage847_intraday_retry_failed_05r_stop,32,1978.53,,,,,,,,,,,,,,,,,,,,,,,,,stage847_c9_15w_stage819_05r_stop_retry_live,2018-01,stage847_c9_15w_stage819_05r_stop_retry_live,150000.0,150000.0
2021-03-22,2021-03-22,hc2105.SHFE,hc.SHFE,long,long,RiskSizing,long_tighter_initial_stop_adjust,0,5097.0,4995.0599999999995,5016.0,101.94000000000051,81.0,0.0200000000000001,0.015891701000588582,5016.0,5097.0,0.02,basic_min_distance,,,,,,,,,,,,,,,stage847_c9_15w_stage819_05r_stop_retry_live,2018-01,stage847_c9_15w_stage819_05r_stop_retry_live,150000.0,150000.0
2021-04-08 00:00:00+08:00,2021-04-08,hc2105.SHFE,hc.SHFE,long,Short,Close,long_prev2day_stop,62,5490.0,,,,,,,,,,,,,,,,,,,,,,,,,stage847_c9_15w_stage819_05r_stop_retry_live,2018-01,stage847_c9_15w_stage819_05r_stop_retry_live,150000.0,150000.0
2021-04-12 00:00:00+08:00,2021-04-12,lh2109.DCE,lh.DCE,short,Long,Close,stage847_intraday_retry_failed_05r_stop,4,26950.0,,,,,,,,,,,,,,,,,,,,,,,,,stage847_c9_15w_stage819_05r_stop_retry_live,2018-01,stage847_c9_15w_stage819_05r_stop_retry_live,150000.0,150000.0
2021-04-13,2021-04-13,FG109.CZCE,FG.CZCE,long,long,RiskSizing,long_tighter_initial_stop_adjust,0,2164.0,2120.72,2133.0,43.2800000000002,31.0,0.020000000000000094,0.01432532347504621,2133.0,2164.0,0.02,basic_min_distance,,,,,,,,,,,,,,,stage847_c9_15w_stage819_05r_stop_retry_live,2018-01,stage847_c9_15w_stage819_05r_stop_retry_live,150000.0,150000.0
2021-04-20,2021-04-20,rb2110.SHFE,rb.SHFE,long,long,RiskSizing,long_tighter_initial_stop_adjust,0,5165.0,5061.7,5070.0,103.30000000000018,95.0,0.020000000000000035,0.018393030009680542,5070.0,5165.0,0.02,basic_min_distance,,,,,,,,,,,,,,,stage847_c9_15w_stage819_05r_stop_retry_live,2018-01,stage847_c9_15w_stage819_05r_stop_retry_live,150000.0,150000.0
2021-04-22,2021-04-22,hc2110.SHFE,hc.SHFE,long,long,RiskSizing,long_tighter_initial_stop_adjust,0,5552.0,5440.96,5475.0,111.03999999999996,77.0,0.019999999999999993,0.013868876080691643,5475.0,5552.0,0.02,basic_min_distance,,,,,,,,,,,,,,,stage847_c9_15w_stage819_05r_stop_retry_live,2018-01,stage847_c9_15w_stage819_05r_stop_retry_live,150000.0,150000.0
2021-04-30,2021-04-30,MA109.CZCE,MA.CZCE,long,long,RiskSizing,long_tighter_initial_stop_adjust,0,2441.0,2392.18,2431.0,48.820000000000164,10.0,0.020000000000000066,0.004096681687832855,2431.0,2441.0,0.02,basic_min_distance,,,,,,,,,,,,,,,stage847_c9_15w_stage819_05r_stop_retry_live,2018-01,stage847_c9_15w_stage819_05r_stop_retry_live,150000.0,150000.0
2021-04-30 00:00:00+08:00,2021-04-30,MA109.CZCE,MA.CZCE,long,Short,Close,forced_margin_deleverage,68,2441.0,,,,,,,,,,,,,,,,,,,,,,,,,stage847_c9_15w_stage819_05r_stop_retry_live,2018-01,stage847_c9_15w_stage819_05r_stop_retry_live,150000.0,150000.0
2021-05-06 00:00:00+08:00,2021-05-06,FG109.CZCE,FG.CZCE,long,Short,Close,long_rsi_partial_exit_half,37,2526.0,,,,,,,,,,,,,,,,,,,,,,,,,stage847_c9_15w_stage819_05r_stop_retry_live,2018-01,stage847_c9_15w_stage819_05r_stop_retry_live,150000.0,150000.0
2021-05-07,2021-05-07,SM109.CZCE,SM.CZCE,long,long,RiskSizing,long_tighter_initial_stop_adjust,0,7436.0,7287.28,7336.0,148.72000000000025,100.0,0.020000000000000035,0.013448090371167294,7336.0,7436.0,0.02,basic_min_distance,,,,,,,,,,,,,,,stage847_c9_15w_stage819_05r_stop_retry_live,2018-01,stage847_c9_15w_stage819_05r_stop_retry_live,150000.0,150000.0
2021-05-07,2021-05-07,fu2109.SHFE,fu.SHFE,long,long,RiskSizing,long_tighter_initial_stop_adjust,0,2567.0,2515.66,2541.0,51.340000000000146,26.0,0.020000000000000056,0.01012855473315154,2541.0,2567.0,0.02,basic_min_distance,,,,,,,,,,,,,,,stage847_c9_15w_stage819_05r_stop_retry_live,2018-01,stage847_c9_15w_stage819_05r_stop_retry_live,150000.0,150000.0
2021-05-07,2021-05-07,sp2106.SHFE,sp.SHFE,long,long,RiskSizing,long_tighter_initial_stop_adjust,0,7384.0,7178.0,7236.32,206.0,147.6800000000003,0.02789815817984832,0.02000000000000004,7178.0,7384.0,0.02,day_low,,,,,,,,,,,,,,,stage847_c9_15w_stage819_05r_stop_retry_live,2018-01,stage847_c9_15w_stage819_05r_stop_retry_live,150000.0,150000.0
2021-05-10,2021-05-10,CF109.CZCE,CF.CZCE,long,long,RiskSizing,long_tighter_initial_stop_adjust,0,16100.0,15778.0,15905.0,322.0,195.0,0.02,0.012111801242236025,15905.0,16100.0,0.02,basic_min_distance,,,,,,,,,,,,,,,stage847_c9_15w_stage819_05r_stop_retry_live,2018-01,stage847_c9_15w_stage819_05r_stop_retry_live,150000.0,150000.0
2021-05-10,2021-05-10,OI109.CZCE,OI.CZCE,long,long,RiskSizing,long_tighter_initial_stop_adjust,0,10951.0,10731.98,10885.0,219.02000000000044,66.0,0.02000000000000004,0.006026846863300155,10885.0,10951.0,0.02,basic_min_distance,,,,,,,,,,,,,,,stage847_c9_15w_stage819_05r_stop_retry_live,2018-01,stage847_c9_15w_stage819_05r_stop_retry_live,150000.0,150000.0
2021-05-10,2021-05-10,au2106.SHFE,au.SHFE,long,long,RiskSizing,long_tighter_initial_stop_adjust,0,381.76,374.1248,380.36,7.6351999999999975,1.3999999999999773,0.019999999999999993,0.0036672254819781467,380.36,381.76,0.02,basic_min_distance,,,,,,,,,,,,,,,stage847_c9_15w_stage819_05r_stop_retry_live,2018-01,stage847_c9_15w_stage819_05r_stop_retry_live,150000.0,150000.0
2021-05-14,2021-05-14,SA109.CZCE,SA.CZCE,long,long,RiskSizing,long_tighter_initial_stop_adjust,0,2201.0,2123.0,2156.98,78.0,44.01999999999998,0.03543843707405725,0.01999999999999999,2123.0,2201.0,0.02,day_low,,,,,,,,,,,,,,,stage847_c9_15w_stage819_05r_stop_retry_live,2018-01,stage847_c9_15w_stage819_05r_stop_retry_live,150000.0,150000.0
2021-05-14 00:00:00+08:00,2021-05-14,FG109.CZCE,FG.CZCE,long,Short,Close,long_prev2day_stop,38,2750.0,,,,,,,,,,,,,,,,,,,,,,,,,stage847_c9_15w_stage819_05r_stop_retry_live,2018-01,stage847_c9_15w_stage819_05r_stop_retry_live,150000.0,150000.0
2021-05-14 00:00:00+08:00,2021-05-14,hc2110.SHFE,hc.SHFE,long,Short,Close,long_prev2day_stop,19,6135.0,,,,,,,,,,,,,,,,,,,,,,,,,stage847_c9_15w_stage819_05r_stop_retry_live,2018-01,stage847_c9_15w_stage819_05r_stop_retry_live,150000.0,150000.0
2021-05-14 00:00:00+08:00,2021-05-14,rb2110.SHFE,rb.SHFE,long,Short,Close,long_prev2day_stop,26,5641.0,,,,,,,,,,,,,,,,,,,,,,,,,stage847_c9_15w_stage819_05r_stop_retry_live,2018-01,stage847_c9_15w_stage819_05r_stop_retry_live,150000.0,150000.0
2021-05-20 00:00:00+08:00,2021-05-20,MA109.CZCE,MA.CZCE,long,Short,Close,long_prev2day_stop,108,2551.0,,,,,,,,,,,,,,,,,,,,,,,,,stage847_c9_15w_stage819_05r_stop_retry_live,2018-01,stage847_c9_15w_stage819_05r_stop_retry_live,150000.0,150000.0
2021-05-21,2021-05-21,SM109.CZCE,SM.CZCE,long,long,RiskSizing,long_tighter_initial_stop_adjust,0,7536.0,7385.28,7464.0,150.72000000000025,72.0,0.020000000000000035,0.009554140127388535,7464.0,7536.0,0.02,basic_min_distance,,,,,,,,,,,,,,,stage847_c9_15w_stage819_05r_stop_retry_live,2018-01,stage847_c9_15w_stage819_05r_stop_retry_live,150000.0,150000.0
2021-05-24 00:00:00+08:00,2021-05-24,SM109.CZCE,SM.CZCE,long,Short,Close,long_base_stop,152,7460.0,,,,,,,,,,,,,,,,,,,,,,,,,stage847_c9_15w_stage819_05r_stop_retry_live,2018-01,stage847_c9_15w_stage819_05r_stop_retry_live,150000.0,150000.0
2021-05-26,2021-05-26,AP110.CZCE,AP.CZCE,long,long,RiskSizing,long_tighter_initial_stop_adjust,0,6003.0,5882.94,5959.0,120.0600000000004,44.0,0.020000000000000066,0.007329668499083792,5959.0,6003.0,0.02,basic_min_distance,,,,,,,,,,,,,,,stage847_c9_15w_stage819_05r_stop_retry_live,2018-01,stage847_c9_15w_stage819_05r_stop_retry_live,150000.0,150000.0
2021-06-01,2021-06-01,SM109.CZCE,SM.CZCE,long,long,RiskSizing,long_tighter_initial_stop_adjust,0,7772.0,7616.5599999999995,7704.0,155.4400000000005,68.0,0.020000000000000066,0.008749356664951106,7704.0,7772.0,0.02,basic_min_distance,,,,,,,,,,,,,,,stage847_c9_15w_stage819_05r_stop_retry_live,2018-01,stage847_c9_15w_stage819_05r_stop_retry_live,150000.0,150000.0
2021-06-02 00:00:00+08:00,2021-06-02,SM109.CZCE,SM.CZCE,long,Short,Close,stage847_intraday_retry_failed_05r_stop,143,7720.0,,,,,,,,,,,,,,,,,,,,,,,,,stage847_c9_15w_stage819_05r_stop_retry_live,2018-01,stage847_c9_15w_stage819_05r_stop_retry_live,150000.0,150000.0
2021-06-02 00:00:00+08:00,2021-06-02,AP110.CZCE,AP.CZCE,long,Short,Close,long_prev2day_stop,99,6150.0,,,,,,,,,,,,,,,,,,,,,,,,,stage847_c9_15w_stage819_05r_stop_retry_live,2018-01,stage847_c9_15w_stage819_05r_stop_retry_live,150000.0,150000.0
2021-06-04,2021-06-04,fu2109.SHFE,fu.SHFE,long,long,RiskSizing,long_tighter_initial_stop_adjust,0,2629.0,2566.0,2576.42,63.0,52.57999999999993,0.02396348421453024,0.019999999999999973,2566.0,2629.0,0.02,day_low,,,,,,,,,,,,,,,stage847_c9_15w_stage819_05r_stop_retry_live,2018-01,stage847_c9_15w_stage819_05r_stop_retry_live,150000.0,150000.0
2021-06-08,2021-06-08,AP110.CZCE,AP.CZCE,long,long,RiskSizing,long_tighter_initial_stop_adjust,0,6226.0,6101.48,6139.0,124.52000000000044,87.0,0.02000000000000007,0.013973658849983939,6139.0,6226.0,0.02,basic_min_distance,,,,,,,,,,,,,,,stage847_c9_15w_stage819_05r_stop_retry_live,2018-01,stage847_c9_15w_stage819_05r_stop_retry_live,150000.0,150000.0
2021-06-11 00:00:00+08:00,2021-06-11,hc2110.SHFE,hc.SHFE,short,Long,Close,stage847_intraday_05r_stop_no_reentry,65,5485.5,,,,,,,,,,,,,,,,,,,,,,,,,stage847_c9_15w_stage819_05r_stop_retry_live,2018-01,stage847_c9_15w_stage819_05r_stop_retry_live,150000.0,150000.0
2021-06-17,2021-06-17,fu2109.SHFE,fu.SHFE,long,long,RiskSizing,long_tighter_initial_stop_adjust,0,2687.0,2633.2599999999998,2654.0,53.74000000000024,33.0,0.020000000000000087,0.012281354670636397,2654.0,2687.0,0.02,basic_min_distance,,,,,,,,,,,,,,,stage847_c9_15w_stage819_05r_stop_retry_live,2018-01,stage847_c9_15w_stage819_05r_stop_retry_live,150000.0,150000.0
2021-06-21 00:00:00+08:00,2021-06-21,AP110.CZCE,AP.CZCE,long,Short,Close,long_prev2day_stop,59,6191.0,,,,,,,,,,,,,,,,,,,,,,,,,stage847_c9_15w_stage819_05r_stop_retry_live,2018-01,stage847_c9_15w_stage819_05r_stop_retry_live,150000.0,150000.0
2021-06-24,2021-06-24,FG109.CZCE,FG.CZCE,long,long,RiskSizing,long_tighter_initial_stop_adjust,0,2779.0,2682.0,2723.42,97.0,55.57999999999993,0.03490464195753868,0.019999999999999973,2682.0,2779.0,0.02,day_low,,,,,,,,,,,,,,,stage847_c9_15w_stage819_05r_stop_retry_live,2018-01,stage847_c9_15w_stage819_05r_stop_retry_live,150000.0,150000.0
2021-07-01 00:00:00+08:00,2021-07-01,FG109.CZCE,FG.CZCE,long,Short,Close,long_prev2day_stop,46,2782.0,,,,,,,,,,,,,,,,,,,,,,,,,stage847_c9_15w_stage819_05r_stop_retry_live,2018-01,stage847_c9_15w_stage819_05r_stop_retry_live,150000.0,150000.0
2021-07-02,2021-07-02,CF109.CZCE,CF.CZCE,long,long,RiskSizing,long_tighter_initial_stop_adjust,0,16285.0,15959.3,15975.0,325.7000000000007,310.0,0.020000000000000046,0.01903592262818545,15975.0,16285.0,0.02,basic_min_distance,,,,,,,,,,,,,,,stage847_c9_15w_stage819_05r_stop_retry_live,2018-01,stage847_c9_15w_stage819_05r_stop_retry_live,150000.0,150000.0
2021-07-09,2021-07-09,rb2110.SHFE,rb.SHFE,long,long,RiskSizing,long_tighter_initial_stop_adjust,0,5428.0,5280.0,5319.44,148.0,108.5600000000004,0.027266028002947678,0.020000000000000073,5280.0,5428.0,0.02,day_low,,,,,,,,,,,,,,,stage847_c9_15w_stage819_05r_stop_retry_live,2018-01,stage847_c9_15w_stage819_05r_stop_retry_live,150000.0,150000.0
2021-07-13,2021-07-13,hc2110.SHFE,hc.SHFE,long,long,RiskSizing,long_tighter_initial_stop_adjust,0,5867.0,5749.66,5801.0,117.34000000000015,66.0,0.020000000000000025,0.011249360831770923,5801.0,5867.0,0.02,basic_min_distance,,,,,,,,,,,,,,,stage847_c9_15w_stage819_05r_stop_retry_live,2018-01,stage847_c9_15w_stage819_05r_stop_retry_live,150000.0,150000.0
2021-07-14,2021-07-14,MA109.CZCE,MA.CZCE,long,long,RiskSizing,long_tighter_initial_stop_adjust,0,2667.0,2613.66,2618.0,53.340000000000146,49.0,0.020000000000000056,0.01837270341207349,2618.0,2667.0,0.02,basic_min_distance,,,,,,,,,,,,,,,stage847_c9_15w_stage819_05r_stop_retry_live,2018-01,stage847_c9_15w_stage819_05r_stop_retry_live,150000.0,150000.0
2021-07-20,2021-07-20,SM109.CZCE,SM.CZCE,long,long,RiskSizing,long_tighter_initial_stop_adjust,0,7878.0,7720.44,7762.0,157.5600000000004,116.0,0.020000000000000052,0.014724549378014725,7762.0,7878.0,0.02,basic_min_distance,,,,,,,,,,,,,,,stage847_c9_15w_stage819_05r_stop_retry_live,2018-01,stage847_c9_15w_stage819_05r_stop_retry_live,150000.0,150000.0
2021-07-21,2021-07-21,jm2109.DCE,jm.DCE,long,long,RiskSizing,long_tighter_initial_stop_adjust,0,2090.0,2048.2,2056.0,41.80000000000018,34.0,0.020000000000000087,0.016267942583732056,2056.0,2090.0,0.02,basic_min_distance,,,,,,,,,,,,,,,stage847_c9_15w_stage819_05r_stop_retry_live,2018-01,stage847_c9_15w_stage819_05r_stop_retry_live,150000.0,150000.0
2021-07-26 00:00:00+08:00,2021-07-26,MA109.CZCE,MA.CZCE,long,Short,Close,long_prev2day_stop,84,2673.0,,,,,,,,,,,,,,,,,,,,,,,,,stage847_c9_15w_stage819_05r_stop_retry_live,2018-01,stage847_c9_15w_stage819_05r_stop_retry_live,150000.0,150000.0
2021-07-27 00:00:00+08:00,2021-07-27,hc2110.SHFE,hc.SHFE,long,Short,Close,long_prev2day_stop,45,5896.0,,,,,,,,,,,,,,,,,,,,,,,,,stage847_c9_15w_stage819_05r_stop_retry_live,2018-01,stage847_c9_15w_stage819_05r_stop_retry_live,150000.0,150000.0
2021-07-27 00:00:00+08:00,2021-07-27,rb2110.SHFE,rb.SHFE,long,Short,Close,long_prev2day_stop,42,5613.0,,,,,,,,,,,,,,,,,,,,,,,,,stage847_c9_15w_stage819_05r_stop_retry_live,2018-01,stage847_c9_15w_stage819_05r_stop_retry_live,150000.0,150000.0
2021-07-29,2021-07-29,SM109.CZCE,SM.CZCE,long,long,RiskSizing,long_tighter_initial_stop_adjust,0,7960.0,7800.8,7902.0,159.19999999999982,58.0,0.019999999999999976,0.00728643216080402,7902.0,7960.0,0.02,basic_min_distance,,,,,,,,,,,,,,,stage847_c9_15w_stage819_05r_stop_retry_live,2018-01,stage847_c9_15w_stage819_05r_stop_retry_live,150000.0,150000.0
2021-07-30 00:00:00+08:00,2021-07-30,SM109.CZCE,SM.CZCE,long,Short,Close,stage827_intraday_c2_1r_stop,176,7902.0,,,,,,,,,,,,,,,,,,,,,,,,,stage847_c9_15w_stage819_05r_stop_retry_live,2018-01,stage847_c9_15w_stage819_05r_stop_retry_live,150000.0,150000.0
2021-07-30,2021-07-30,au2112.SHFE,au.SHFE,long,long,RiskSizing,long_tighter_initial_stop_adjust,0,382.5,374.84999999999997,381.22,7.650000000000034,1.2799999999999727,0.02000000000000009,0.0033464052287580986,381.22,382.5,0.02,basic_min_distance,,,,,,,,,,,,,,,stage847_c9_15w_stage819_05r_stop_retry_live,2018-01,stage847_c9_15w_stage819_05r_stop_retry_live,150000.0,150000.0
2021-07-30,2021-07-30,cu2109.SHFE,cu.SHFE,long,long,RiskSizing,long_tighter_initial_stop_adjust,0,71820.0,70383.6,71290.0,1436.3999999999942,530.0,0.01999999999999992,0.007379560011138958,71290.0,71820.0,0.02,basic_min_distance,,,,,,,,,,,,,,,stage847_c9_15w_stage819_05r_stop_retry_live,2018-01,stage847_c9_15w_stage819_05r_stop_retry_live,150000.0,150000.0
2021-07-30 00:00:00+08:00,2021-07-30,CF109.CZCE,CF.CZCE,long,Short,Close,long_prev2day_stop,33,17335.0,,,,,,,,,,,,,,,,,,,,,,,,,stage847_c9_15w_stage819_05r_stop_retry_live,2018-01,stage847_c9_15w_stage819_05r_stop_retry_live,150000.0,150000.0
2021-08-02 00:00:00+08:00,2021-08-02,au2112.SHFE,au.SHFE,long,Short,Close,long_base_stop,20,377.84,,,,,,,,,,,,,,,,,,,,,,,,,stage847_c9_15w_stage819_05r_stop_retry_live,2018-01,stage847_c9_15w_stage819_05r_stop_retry_live,150000.0,150000.0
2021-08-03 00:00:00+08:00,2021-08-03,cu2109.SHFE,cu.SHFE,long,Short,Close,long_prev2day_stop,20,70450.0,,,,,,,,,,,,,,,,,,,,,,,,,stage847_c9_15w_stage819_05r_stop_retry_live,2018-01,stage847_c9_15w_stage819_05r_stop_retry_live,150000.0,150000.0
2021-08-04,2021-08-04,ru2109.SHFE,ru.SHFE,long,long,RiskSizing,long_tighter_initial_stop_adjust,0,13505.0,13234.9,13260.0,270.10000000000036,245.0,0.020000000000000028,0.01814142910033321,13260.0,13505.0,0.02,basic_min_distance,,,,,,,,,,,,,,,stage847_c9_15w_stage819_05r_stop_retry_live,2018-01,stage847_c9_15w_stage819_05r_stop_retry_live,150000.0,150000.0
2021-08-09 00:00:00+08:00,2021-08-09,ru2109.SHFE,ru.SHFE,long,Short,Close,rollover_close,27,13620.0,,,,,,,,,,,,,,,,,,,,,,,,,stage847_c9_15w_stage819_05r_stop_retry_live,2018-01,stage847_c9_15w_stage819_05r_stop_retry_live,150000.0,150000.0
2021-08-09,2021-08-09,ru2201.SHFE,ru.SHFE,long,long,RiskSizing,long_tighter_initial_stop_adjust,0,14835.0,14538.3,14750.0,296.7000000000007,85.0,0.02000000000000005,0.005729693292888439,14750.0,14835.0,0.02,basic_min_distance,,,,,,,,,,,,,,,stage847_c9_15w_stage819_05r_stop_retry_live,2018-01,stage847_c9_15w_stage819_05r_stop_retry_live,150000.0,150000.0
2021-08-10,2021-08-10,SA201.CZCE,SA.CZCE,long,long,RiskSizing,long_tighter_initial_stop_adjust,0,2656.0,2602.88,2620.0,53.11999999999989,36.0,0.01999999999999996,0.01355421686746988,2620.0,2656.0,0.02,basic_min_distance,,,,,,,,,,,,,,,stage847_c9_15w_stage819_05r_stop_retry_live,2018-01,stage847_c9_15w_stage819_05r_stop_retry_live,150000.0,150000.0
2021-08-12 00:00:00+08:00,2021-08-12,ru2201.SHFE,ru.SHFE,long,Short,Close,long_prev2day_stop,27,14625.0,,,,,,,,,,,,,,,,,,,,,,,,,stage847_c9_15w_stage819_05r_stop_retry_live,2018-01,stage847_c9_15w_stage819_05r_stop_retry_live,150000.0,150000.0
2021-08-16,2021-08-16,CF201.CZCE,CF.CZCE,long,long,RiskSizing,long_tighter_initial_stop_adjust,0,18145.0,17782.1,17870.0,362.90000000000146,275.0,0.02000000000000008,0.015155690272802424,17870.0,18145.0,0.02,basic_min_distance,,,,,,,,,,,,,,,stage847_c9_15w_stage819_05r_stop_retry_live,2018-01,stage847_c9_15w_stage819_05r_stop_retry_live,150000.0,150000.0
2021-08-16,2021-08-16,MA201.CZCE,MA.CZCE,long,long,RiskSizing,long_tighter_initial_stop_adjust,0,2847.0,2790.06,2810.0,56.940000000000055,37.0,0.020000000000000018,0.012996136283807516,2810.0,2847.0,0.02,basic_min_distance,,,,,,,,,,,,,,,stage847_c9_15w_stage819_05r_stop_retry_live,2018-01,stage847_c9_15w_stage819_05r_stop_retry_live,150000.0,150000.0
2021-08-16 00:00:00+08:00,2021-08-16,CF201.CZCE,CF.CZCE,long,Short,Close,forced_margin_deleverage,45,18145.0,,,,,,,,,,,,,,,,,,,,,,,,,stage847_c9_15w_stage819_05r_stop_retry_live,2018-01,stage847_c9_15w_stage819_05r_stop_retry_live,150000.0,150000.0
2021-08-18 00:00:00+08:00,2021-08-18,SA201.CZCE,SA.CZCE,long,Short,Close,long_prev2day_stop,68,2696.0,,,,,,,,,,,,,,,,,,,,,,,,,stage847_c9_15w_stage819_05r_stop_retry_live,2018-01,stage847_c9_15w_stage819_05r_stop_retry_live,150000.0,150000.0
2021-08-19 00:00:00+08:00,2021-08-19,MA201.CZCE,MA.CZCE,long,Short,Close,long_prev2day_stop,225,2813.0,,,,,,,,,,,,,,,,,,,,,,,,,stage847_c9_15w_stage819_05r_stop_retry_live,2018-01,stage847_c9_15w_stage819_05r_stop_retry_live,150000.0,150000.0
2021-08-20 00:00:00+08:00,2021-08-20,CF201.CZCE,CF.CZCE,long,Short,Close,long_prev2day_stop,27,17595.0,,,,,,,,,,,,,,,,,,,,,,,,,stage847_c9_15w_stage819_05r_stop_retry_live,2018-01,stage847_c9_15w_stage819_05r_stop_retry_live,150000.0,150000.0
2021-08-31,2021-08-31,SM201.CZCE,SM.CZCE,long,long,RiskSizing,long_tighter_initial_stop_adjust,0,8654.0,8460.0,8480.92,194.0,173.07999999999993,0.022417379246591172,0.01999999999999999,8460.0,8654.0,0.02,day_low,,,,,,,,,,,,,,,stage847_c9_15w_stage819_05r_stop_retry_live,2018-01,stage847_c9_15w_stage819_05r_stop_retry_live,150000.0,150000.0
2021-09-03,2021-09-03,MA201.CZCE,MA.CZCE,long,long,RiskSizing,long_tighter_initial_stop_adjust,0,2893.0,2835.14,2866.0,57.86000000000013,27.0,0.020000000000000046,0.009332872450743173,2866.0,2893.0,0.02,basic_min_distance,,,,,,,,,,,,,,,stage847_c9_15w_stage819_05r_stop_retry_live,2018-01,stage847_c9_15w_stage819_05r_stop_retry_live,150000.0,150000.0
2021-09-06,2021-09-06,OI201.CZCE,OI.CZCE,long,long,RiskSizing,long_tighter_initial_stop_adjust,0,10905.0,10686.9,10810.0,218.10000000000036,95.0,0.02000000000000003,0.00871160018340211,10810.0,10905.0,0.02,basic_min_distance,,,,,,,,,,,,,,,stage847_c9_15w_stage819_05r_stop_retry_live,2018-01,stage847_c9_15w_stage819_05r_stop_retry_live,150000.0,150000.0
2021-09-07 00:00:00+08:00,2021-09-07,OI201.CZCE,OI.CZCE,long,Short,Close,stage847_intraday_retry_failed_05r_stop,33,10852.0,,,,,,,,,,,,,,,,,,,,,,,,,stage847_c9_15w_stage819_05r_stop_retry_live,2018-01,stage847_c9_15w_stage819_05r_stop_retry_live,150000.0,150000.0
2021-09-07,2021-09-07,SA201.CZCE,SA.CZCE,long,long,RiskSizing,long_tighter_initial_stop_adjust,0,2865.0,2727.0,2807.7,138.0,57.30000000000018,0.048167539267015703,0.020000000000000063,2727.0,2865.0,0.02,day_low,,,,,,,,,,,,,,,stage847_c9_15w_stage819_05r_stop_retry_live,2018-01,stage847_c9_15w_stage819_05r_stop_retry_live,150000.0,150000.0
2021-09-10 00:00:00+08:00,2021-09-10,FG201.CZCE,FG.CZCE,short,short,RiskSizing,broker10_margin_cap_reduce,50,2564.0,,,,,,,,,,,FG201.CZCE,short_case1a,flat_entry,134.0,84.0,50.0,3309805.4999999995,1488891.6,6153.599999999999,1.65,1.0,84.0,1.1533100963183487,0.9999258566704298,stage847_c9_15w_stage819_05r_stop_retry_live,2018-01,stage847_c9_15w_stage819_05r_stop_retry_live,150000.0,150000.0
2021-09-10 00:00:00+08:00,2021-09-10,MA201.CZCE,MA.CZCE,long,Short,Close,long_prev2day_stop,161,3005.0,,,,,,,,,,,,,,,,,,,,,,,,,stage847_c9_15w_stage819_05r_stop_retry_live,2018-01,stage847_c9_15w_stage819_05r_stop_retry_live,150000.0,150000.0
2021-09-14,2021-09-14,fu2201.SHFE,fu.SHFE,long,long,RiskSizing,long_tighter_initial_stop_adjust,0,2725.0,2670.5,2683.0,54.5,42.0,0.02,0.015412844036697248,2683.0,2725.0,0.02,basic_min_distance,,,,,,,,,,,,,,,stage847_c9_15w_stage819_05r_stop_retry_live,2018-01,stage847_c9_15w_stage819_05r_stop_retry_live,150000.0,150000.0
2021-09-14 00:00:00+08:00,2021-09-14,SA201.CZCE,SA.CZCE,long,Short,Close,long_prev2day_stop,31,2882.0,,,,,,,,,,,,,,,,,,,,,,,,,stage847_c9_15w_stage819_05r_stop_retry_live,2018-01,stage847_c9_15w_stage819_05r_stop_retry_live,150000.0,150000.0
2021-09-22 00:00:00+08:00,2021-09-22,FG201.CZCE,FG.CZCE,short,Long,Close,short_prev2day_stop,84,2390.0,,,,,,,,,,,,,,,,,,,,,,,,,stage847_c9_15w_stage819_05r_stop_retry_live,2018-01,stage847_c9_15w_stage819_05r_stop_retry_live,150000.0,150000.0
2021-09-22 00:00:00+08:00,2021-09-22,SM201.CZCE,SM.CZCE,long,Short,Close,long_rsi_partial_exit_half,65,10760.0,,,,,,,,,,,,,,,,,,,,,,,,,stage847_c9_15w_stage819_05r_stop_retry_live,2018-01,stage847_c9_15w_stage819_05r_stop_retry_live,150000.0,150000.0
2021-09-23,2021-09-23,OI201.CZCE,OI.CZCE,long,long,RiskSizing,long_tighter_initial_stop_adjust,0,11146.0,10788.0,10923.08,358.0,222.92000000000007,0.03211914588193074,0.020000000000000007,10788.0,11146.0,0.02,day_low,,,,,,,,,,,,,,,stage847_c9_15w_stage819_05r_stop_retry_live,2018-01,stage847_c9_15w_stage819_05r_stop_retry_live,150000.0,150000.0
2021-09-24 00:00:00+08:00,2021-09-24,SM201.CZCE,SM.CZCE,long,Short,Close,long_base_stop,65,10684.0,,,,,,,,,,,,,,,,,,,,,,,,,stage847_c9_15w_stage819_05r_stop_retry_live,2018-01,stage847_c9_15w_stage819_05r_stop_retry_live,150000.0,150000.0
2021-09-28,2021-09-28,rb2201.SHFE,rb.SHFE,long,long,RiskSizing,long_tighter_initial_stop_adjust,0,5634.0,5521.32,5548.0,112.68000000000029,86.0,0.020000000000000052,0.01526446574369897,5548.0,5634.0,0.02,basic_min_distance,,,,,,,,,,,,,,,stage847_c9_15w_stage819_05r_stop_retry_live,2018-01,stage847_c9_15w_stage819_05r_stop_retry_live,150000.0,150000.0
2021-09-29,2021-09-29,jm2201.DCE,jm.DCE,long,long,RiskSizing,long_tighter_initial_stop_adjust,0,3012.0,2945.0,2951.7599999999998,67.0,60.24000000000024,0.022244355909694556,0.02000000000000008,2945.0,3012.0,0.02,day_low,,,,,,,,,,,,,,,stage847_c9_15w_stage819_05r_stop_retry_live,2018-01,stage847_c9_15w_stage819_05r_stop_retry_live,150000.0,150000.0
2021-09-30,2021-09-30,CF201.CZCE,CF.CZCE,long,long,RiskSizing,long_tighter_initial_stop_adjust,0,20005.0,19200.0,19604.9,805.0,400.09999999999854,0.04023994001499625,0.019999999999999928,19200.0,20005.0,0.02,day_low,,,,,,,,,,,,,,,stage847_c9_15w_stage819_05r_stop_retry_live,2018-01,stage847_c9_15w_stage819_05r_stop_retry_live,150000.0,150000.0
2021-10-08 00:00:00+08:00,2021-10-08,CF201.CZCE,CF.CZCE,long,Short,Close,long_base_stop,59,21255.0,,,,,,,,,,,,,,,,,,,,,,,,,stage847_c9_15w_stage819_05r_stop_retry_live,2018-01,stage847_c9_15w_stage819_05r_stop_retry_live,150000.0,150000.0
2021-10-11,2021-10-11,AP201.CZCE,AP.CZCE,long,long,RiskSizing,long_tighter_initial_stop_adjust,0,6991.0,6300.0,6851.18,691.0,139.8199999999997,0.0988413674724646,0.01999999999999996,6300.0,6991.0,0.02,day_low,,,,,,,,,,,,,,,stage847_c9_15w_stage819_05r_stop_retry_live,2018-01,stage847_c9_15w_stage819_05r_stop_retry_live,150000.0,150000.0
2021-10-12 00:00:00+08:00,2021-10-12,rb2201.SHFE,rb.SHFE,long,Short,Close,long_prev2day_stop,79,5562.0,,,,,,,,,,,,,,,,,,,,,,,,,stage847_c9_15w_stage819_05r_stop_retry_live,2018-01,stage847_c9_15w_stage819_05r_stop_retry_live,150000.0,150000.0
2021-10-14,2021-10-14,cu2111.SHFE,cu.SHFE,long,long,RiskSizing,long_tighter_initial_stop_adjust,0,72480.0,70480.0,71030.4,2000.0,1449.6000000000058,0.02759381898454746,0.02000000000000008,70480.0,72480.0,0.02,day_low,,,,,,,,,,,,,,,stage847_c9_15w_stage819_05r_stop_retry_live,2018-01,stage847_c9_15w_stage819_05r_stop_retry_live,150000.0,150000.0
2021-10-20 00:00:00+08:00,2021-10-20,cu2111.SHFE,cu.SHFE,long,Short,Close,long_prev2day_stop,20,73380.0,,,,,,,,,,,,,,,,,,,,,,,,,stage847_c9_15w_stage819_05r_stop_retry_live,2018-01,stage847_c9_15w_stage819_05r_stop_retry_live,150000.0,150000.0
2021-10-20 00:00:00+08:00,2021-10-20,jm2201.DCE,jm.DCE,long,Short,Close,long_prev2day_stop,23,3441.5,,,,,,,,,,,,,,,,,,,,,,,,,stage847_c9_15w_stage819_05r_stop_retry_live,2018-01,stage847_c9_15w_stage819_05r_stop_retry_live,150000.0,150000.0
2021-10-28 00:00:00+08:00,2021-10-28,AP201.CZCE,AP.CZCE,long,Short,Close,long_prev2day_stop,117,7950.0,,,,,,,,,,,,,,,,,,,,,,,,,stage847_c9_15w_stage819_05r_stop_retry_live,2018-01,stage847_c9_15w_stage819_05r_stop_retry_live,150000.0,150000.0
2021-10-29,2021-10-29,lh2201.DCE,lh.DCE,long,long,RiskSizing,long_tighter_initial_stop_adjust,0,16705.0,16370.9,16675.0,334.10000000000036,30.0,0.02000000000000002,0.0017958695001496557,16675.0,16705.0,0.02,basic_min_distance,,,,,,,,,,,,,,,stage847_c9_15w_stage819_05r_stop_retry_live,2018-01,stage847_c9_15w_stage819_05r_stop_retry_live,150000.0,150000.0
2021-11-01 00:00:00+08:00,2021-11-01,lh2201.DCE,lh.DCE,long,Short,Close,long_base_stop,68,15885.0,,,,,,,,,,,,,,,,,,,,,,,,,stage847_c9_15w_stage819_05r_stop_retry_live,2018-01,stage847_c9_15w_stage819_05r_stop_retry_live,150000.0,150000.0
2021-11-05 00:00:00+08:00,2021-11-05,OI201.CZCE,OI.CZCE,long,Short,Close,long_prev2day_stop,66,12574.0,,,,,,,,,,,,,,,,,,,,,,,,,stage847_c9_15w_stage819_05r_stop_retry_live,2018-01,stage847_c9_15w_stage819_05r_stop_retry_live,150000.0,150000.0
2021-11-10,2021-11-10,au2112.SHFE,au.SHFE,long,long,RiskSizing,long_tighter_initial_stop_adjust,0,377.46,369.9108,376.08,7.549199999999985,1.3799999999999955,0.019999999999999962,0.003656016531553,376.08,377.46,0.02,basic_min_distance,,,,,,,,,,,,,,,stage847_c9_15w_stage819_05r_stop_retry_live,2018-01,stage847_c9_15w_stage819_05r_stop_retry_live,150000.0,150000.0
2021-11-11 00:00:00+08:00,2021-11-11,au2112.SHFE,au.SHFE,long,Short,Close,long_risk_cluster_heat_deleverage,42,383.36,,,,,,,,,,,,,,,,,,,,,,,,,stage847_c9_15w_stage819_05r_stop_retry_live,2018-01,stage847_c9_15w_stage819_05r_stop_retry_live,150000.0,150000.0
2021-11-22,2021-11-22,ru2201.SHFE,ru.SHFE,long,long,RiskSizing,long_tighter_initial_stop_adjust,0,15470.0,14845.0,15160.6,625.0,309.39999999999964,0.040400775694893344,0.019999999999999976,14845.0,15470.0,0.02,day_low,,,,,,,,,,,,,,,stage847_c9_15w_stage819_05r_stop_retry_live,2018-01,stage847_c9_15w_stage819_05r_stop_retry_live,150000.0,150000.0
2021-11-23 00:00:00+08:00,2021-11-23,jm2201.DCE,jm.DCE,short,Long,Close,short_prev2day_stop,42,1919.0,,,,,,,,,,,,,,,,,,,,,,,,,stage847_c9_15w_stage819_05r_stop_retry_live,2018-01,stage847_c9_15w_stage819_05r_stop_retry_live,150000.0,150000.0
2021-11-24 00:00:00+08:00,2021-11-24,ru2201.SHFE,ru.SHFE,long,Short,Close,rollover_close,74,15470.0,,,,,,,,,,,,,,,,,,,,,,,,,stage847_c9_15w_stage819_05r_stop_retry_live,2018-01,stage847_c9_15w_stage819_05r_stop_retry_live,150000.0,150000.0
2021-11-24,2021-11-24,ru2205.SHFE,ru.SHFE,long,long,RiskSizing,long_tighter_initial_stop_adjust,0,15685.0,15360.0,15371.3,325.0,313.7000000000007,0.020720433535224736,0.020000000000000046,15360.0,15685.0,0.02,day_low,,,,,,,,,,,,,,,stage847_c9_15w_stage819_05r_stop_retry_live,2018-01,stage847_c9_15w_stage819_05r_stop_retry_live,150000.0,150000.0
2021-11-26 00:00:00+08:00,2021-11-26,ru2205.SHFE,ru.SHFE,long,Short,Close,long_prev2day_stop,44,15240.0,,,,,,,,,,,,,,,,,,,,,,,,,stage847_c9_15w_stage819_05r_stop_retry_live,2018-01,stage847_c9_15w_stage819_05r_stop_retry_live,150000.0,150000.0
2021-12-03,2021-12-03,sp2201.SHFE,sp.SHFE,long,long,RiskSizing,long_tighter_initial_stop_adjust,0,5976.0,5812.0,5856.48,164.0,119.52000000000044,0.02744310575635877,0.020000000000000073,5812.0,5976.0,0.02,day_low,,,,,,,,,,,,,,,stage847_c9_15w_stage819_05r_stop_retry_live,2018-01,stage847_c9_15w_stage819_05r_stop_retry_live,150000.0,150000.0
2021-12-10 00:00:00+08:00,2021-12-10,sp2201.SHFE,sp.SHFE,long,Short,Close,long_prev2day_stop,133,5736.0,,,,,,,,,,,,,,,,,,,,,,,,,stage847_c9_15w_stage819_05r_stop_retry_live,2018-01,stage847_c9_15w_stage819_05r_stop_retry_live,150000.0,150000.0
2021-12-16,2021-12-16,jm2205.DCE,jm.DCE,long,long,RiskSizing,long_tighter_initial_stop_adjust,0,2139.5,2020.0,2096.71,119.5,42.789999999999964,0.05585417153540547,0.019999999999999983,2020.0,2139.5,0.02,day_low,,,,,,,,,,,,,,,stage847_c9_15w_stage819_05r_stop_retry_live,2018-01,stage847_c9_15w_stage819_05r_stop_retry_live,150000.0,150000.0
2021-12-16,2021-12-16,rb2205.SHFE,rb.SHFE,long,long,RiskSizing,long_tighter_initial_stop_adjust,0,4529.0,4428.0,4438.42,101.0,90.57999999999993,0.022300728637668358,0.019999999999999983,4428.0,4529.0,0.02,day_low,,,,,,,,,,,,,,,stage847_c9_15w_stage819_05r_stop_retry_live,2018-01,stage847_c9_15w_stage819_05r_stop_retry_live,150000.0,150000.0
2021-12-17,2021-12-17,hc2205.SHFE,hc.SHFE,long,long,RiskSizing,long_tighter_initial_stop_adjust,0,4680.0,4586.4,4659.0,93.60000000000036,21.0,0.020000000000000077,0.004487179487179487,4659.0,4680.0,0.02,basic_min_distance,,,,,,,,,,,,,,,stage847_c9_15w_stage819_05r_stop_retry_live,2018-01,stage847_c9_15w_stage819_05r_stop_retry_live,150000.0,150000.0
2021-12-17 00:00:00+08:00,2021-12-17,hc2205.SHFE,hc.SHFE,long,long,RiskSizing,broker10_margin_cap_reduce,94,4680.0,,,,,,,,,,,hc2205.SHFE,long_case2,flat_entry,378.0,284.0,94.0,7990790.5,3512407.0,4680.0,1.65,1.0,284.0,1.090553875739828,0.9997158040872176,stage847_c9_15w_stage819_05r_stop_retry_live,2018-01,stage847_c9_15w_stage819_05r_stop_retry_live,150000.0,150000.0
2021-12-20 00:00:00+08:00,2021-12-20,hc2205.SHFE,hc.SHFE,long,Short,Close,long_base_stop,99,4626.0,,,,,,,,,,,,,,,,,,,,,,,,,stage847_c9_15w_stage819_05r_stop_retry_live,2018-01,stage847_c9_15w_stage819_05r_stop_retry_live,150000.0,150000.0
2021-12-21,2021-12-21,MA205.CZCE,MA.CZCE,long,long,RiskSizing,long_tighter_initial_stop_adjust,0,2568.0,2516.64,2555.0,51.36000000000013,13.0,0.02000000000000005,0.0050623052959501555,2555.0,2568.0,0.02,basic_min_distance,,,,,,,,,,,,,,,stage847_c9_15w_stage819_05r_stop_retry_live,2018-01,stage847_c9_15w_stage819_05r_stop_retry_live,150000.0,150000.0
2021-12-21 00:00:00+08:00,2021-12-21,MA205.CZCE,MA.CZCE,long,long,RiskSizing,broker10_margin_cap_reduce,70,2568.0,,,,,,,,,,,MA205.CZCE,long_case2,flat_entry,500.0,430.0,70.0,8059810.5,3557127.0,3081.6,1.65,1.0,430.0,1.0436448288703561,0.9994843861403441,stage847_c9_15w_stage819_05r_stop_retry_live,2018-01,stage847_c9_15w_stage819_05r_stop_retry_live,150000.0,150000.0
2021-12-21 00:00:00+08:00,2021-12-21,jm2205.DCE,jm.DCE,long,Short,Close,forced_margin_deleverage,35,2228.0,,,,,,,,,,,,,,,,,,,,,,,,,stage847_c9_15w_stage819_05r_stop_retry_live,2018-01,stage847_c9_15w_stage819_05r_stop_retry_live,150000.0,150000.0
2021-12-22 00:00:00+08:00,2021-12-22,ru2205.SHFE,ru.SHFE,short,short,RiskSizing,broker10_margin_cap_reduce,61,14405.0,,,,,,,,,,,ru2205.SHFE,short_case2,flat_entry,113.0,52.0,61.0,7874890.5,3859100.0,17286.0,1.65,1.0,52.0,1.2178568959149336,0.996922281014574,stage847_c9_15w_stage819_05r_stop_retry_live,2018-01,stage847_c9_15w_stage819_05r_stop_retry_live,150000.0,150000.0
2021-12-22 00:00:00+08:00,2021-12-22,MA205.CZCE,MA.CZCE,long,Short,Close,long_base_stop,409,2555.0,,,,,,,,,,,,,,,,,,,,,,,,,stage847_c9_15w_stage819_05r_stop_retry_live,2018-01,stage847_c9_15w_stage819_05r_stop_retry_live,150000.0,150000.0
2021-12-22 00:00:00+08:00,2021-12-22,rb2205.SHFE,rb.SHFE,long,Short,Close,long_prev2day_stop,335,4438.0,,,,,,,,,,,,,,,,,,,,,,,,,stage847_c9_15w_stage819_05r_stop_retry_live,2018-01,stage847_c9_15w_stage819_05r_stop_retry_live,150000.0,150000.0
2021-12-27 00:00:00+08:00,2021-12-27,jm2205.DCE,jm.DCE,long,Short,Close,long_prev2day_stop,42,2189.5,,,,,,,,,,,,,,,,,,,,,,,,,stage847_c9_15w_stage819_05r_stop_retry_live,2018-01,stage847_c9_15w_stage819_05r_stop_retry_live,150000.0,150000.0
2021-12-30,2021-12-30,sp2205.SHFE,sp.SHFE,long,long,RiskSizing,long_tighter_initial_stop_adjust,0,6018.0,5884.0,5897.64,134.0,120.35999999999967,0.022266533732136922,0.019999999999999945,5884.0,6018.0,0.02,day_low,,,,,,,,,,,,,,,stage847_c9_15w_stage819_05r_stop_retry_live,2018-01,stage847_c9_15w_stage819_05r_stop_retry_live,150000.0,150000.0
2022-01-04,2022-01-04,OI205.CZCE,OI.CZCE,long,long,RiskSizing,long_tighter_initial_stop_adjust,0,12039.0,11798.22,11975.0,240.78000000000065,64.0,0.020000000000000056,0.005316056150843094,11975.0,12039.0,0.02,basic_min_distance,,,,,,,,,,,,,,,stage847_c9_15w_stage819_05r_stop_retry_live,2018-01,stage847_c9_15w_stage819_05r_stop_retry_live,150000.0,150000.0
2022-01-05,2022-01-05,fu2205.SHFE,fu.SHFE,long,long,RiskSizing,long_tighter_initial_stop_adjust,0,2864.0,2806.72,2827.0,57.2800000000002,37.0,0.02000000000000007,0.012918994413407821,2827.0,2864.0,0.02,basic_min_distance,,,,,,,,,,,,,,,stage847_c9_15w_stage819_05r_stop_retry_live,2018-01,stage847_c9_15w_stage819_05r_stop_retry_live,150000.0,150000.0
2022-01-05,2022-01-05,jm2205.DCE,jm.DCE,long,long,RiskSizing,long_tighter_initial_stop_adjust,0,2354.0,2306.5,2306.92,47.5,47.07999999999993,0.02017841971112999,0.01999999999999997,2306.5,2354.0,0.02,day_low,,,,,,,,,,,,,,,stage847_c9_15w_stage819_05r_stop_retry_live,2018-01,stage847_c9_15w_stage819_05r_stop_retry_live,150000.0,150000.0
2022-01-05 00:00:00+08:00,2022-01-05,jm2205.DCE,jm.DCE,long,long,RiskSizing,broker10_margin_cap_reduce,7,2354.0,,,,,,,,,,,jm2205.DCE,long_case1a,flat_entry,36.0,29.0,7.0,7037920.5,3438356.4,28248.0,1.65,1.0,29.0,1.0445158140106867,0.9981577456011332,stage847_c9_15w_stage819_05r_stop_retry_live,2018-01,stage847_c9_15w_stage819_05r_stop_retry_live,150000.0,150000.0
2022-01-05 00:00:00+08:00,2022-01-05,OI205.CZCE,OI.CZCE,long,Short,Close,long_base_stop,136,11797.0,,,,,,,,,,,,,,,,,,,,,,,,,stage847_c9_15w_stage819_05r_stop_retry_live,2018-01,stage847_c9_15w_stage819_05r_stop_retry_live,150000.0,150000.0
2022-01-05 00:00:00+08:00,2022-01-05,SA205.CZCE,SA.CZCE,short,Long,Close,short_prev2day_stop,158,2250.0,,,,,,,,,,,,,,,,,,,,,,,,,stage847_c9_15w_stage819_05r_stop_retry_live,2018-01,stage847_c9_15w_stage819_05r_stop_retry_live,150000.0,150000.0
2022-01-07 00:00:00+08:00,2022-01-07,jm2205.DCE,jm.DCE,long,Short,Close,long_prev2day_stop,29,2277.5,,,,,,,,,,,,,,,,,,,,,,,,,stage847_c9_15w_stage819_05r_stop_retry_live,2018-01,stage847_c9_15w_stage819_05r_stop_retry_live,150000.0,150000.0
2022-01-11,2022-01-11,CF205.CZCE,CF.CZCE,long,long,RiskSizing,long_tighter_initial_stop_adjust,0,21115.0,20692.7,20925.0,422.2999999999993,190.0,0.019999999999999966,0.008998342410608573,20925.0,21115.0,0.02,basic_min_distance,,,,,,,,,,,,,,,stage847_c9_15w_stage819_05r_stop_retry_live,2018-01,stage847_c9_15w_stage819_05r_stop_retry_live,150000.0,150000.0
2022-01-11,2022-01-11,SM205.CZCE,SM.CZCE,long,long,RiskSizing,long_tighter_initial_stop_adjust,0,8434.0,8265.32,8300.0,168.6800000000003,134.0,0.020000000000000035,0.015888072089162913,8300.0,8434.0,0.02,basic_min_distance,,,,,,,,,,,,,,,stage847_c9_15w_stage819_05r_stop_retry_live,2018-01,stage847_c9_15w_stage819_05r_stop_retry_live,150000.0,150000.0
2022-01-13,2022-01-13,hc2205.SHFE,hc.SHFE,long,long,RiskSizing,long_tighter_initial_stop_adjust,0,4739.0,4644.22,4730.0,94.77999999999975,9.0,0.019999999999999945,0.0018991348385735388,4730.0,4739.0,0.02,basic_min_distance,,,,,,,,,,,,,,,stage847_c9_15w_stage819_05r_stop_retry_live,2018-01,stage847_c9_15w_stage819_05r_stop_retry_live,150000.0,150000.0
2022-01-13 00:00:00+08:00,2022-01-13,hc2205.SHFE,hc.SHFE,long,long,RiskSizing,broker10_margin_cap_reduce,78,4739.0,,,,,,,,,,,hc2205.SHFE,long_case2,flat_entry,402.0,324.0,78.0,7632555.5,3087351.8,4739.0,1.65,1.0,324.0,1.079259649012706,0.9993507246688215,stage847_c9_15w_stage819_05r_stop_retry_live,2018-01,stage847_c9_15w_stage819_05r_stop_retry_live,150000.0,150000.0
2022-01-13,2022-01-13,rb2205.SHFE,rb.SHFE,long,long,RiskSizing,long_tighter_initial_stop_adjust,0,4633.0,4540.34,4629.0,92.65999999999985,4.0,0.01999999999999997,0.0008633714655730628,4629.0,4633.0,0.02,basic_min_distance,,,,,,,,,,,,,,,stage847_c9_15w_stage819_05r_stop_retry_live,2018-01,stage847_c9_15w_stage819_05r_stop_retry_live,150000.0,150000.0
2022-01-13 00:00:00+08:00,2022-01-13,rb2205.SHFE,rb.SHFE,long,long,RiskSizing,broker10_margin_cap_reduce,79,4633.0,,,,,,,,,,,rb2205.SHFE,long_case2,flat_entry,411.0,332.0,79.0,7632555.5,3087351.8,4633.0,1.65,1.0,332.0,1.0790618450137701,0.9999387321847839,stage847_c9_15w_stage819_05r_stop_retry_live,2018-01,stage847_c9_15w_stage819_05r_stop_retry_live,150000.0,150000.0
2022-01-13 00:00:00+08:00,2022-01-13,rb2205.SHFE,rb.SHFE,long,Short,Close,forced_margin_deleverage,200,4633.0,,,,,,,,,,,,,,,,,,,,,,,,,stage847_c9_15w_stage819_05r_stop_retry_live,2018-01,stage847_c9_15w_stage819_05r_stop_retry_live,150000.0,150000.0
2022-01-14,2022-01-14,MA205.CZCE,MA.CZCE,long,long,RiskSizing,long_tighter_initial_stop_adjust,0,2713.0,2605.0,2658.74,108.0,54.26000000000022,0.03980833026170291,0.02000000000000008,2605.0,2713.0,0.02,day_low,,,,,,,,,,,,,,,stage847_c9_15w_stage819_05r_stop_retry_live,2018-01,stage847_c9_15w_stage819_05r_stop_retry_live,150000.0,150000.0
2022-01-14,2022-01-14,au2202.SHFE,au.SHFE,long,long,RiskSizing,long_tighter_initial_stop_adjust,0,374.58,367.0884,372.2,7.491600000000005,2.3799999999999955,0.020000000000000014,0.0063537829035185955,372.2,374.58,0.02,basic_min_distance,,,,,,,,,,,,,,,stage847_c9_15w_stage819_05r_stop_retry_live,2018-01,stage847_c9_15w_stage819_05r_stop_retry_live,150000.0,150000.0
2022-01-14 00:00:00+08:00,2022-01-14,au2202.SHFE,au.SHFE,long,long,RiskSizing,broker10_margin_cap_reduce,7,374.58,,,,,,,,,,,au2202.SHFE,long_case2,flat_entry,34.0,27.0,7.0,7801115.5,3711120.2,37458.0,1.65,1.0,27.0,1.0543033403363917,0.9988446177985699,stage847_c9_15w_stage819_05r_stop_retry_live,2018-01,stage847_c9_15w_stage819_05r_stop_retry_live,150000.0,150000.0
2022-01-17 00:00:00+08:00,2022-01-17,SM205.CZCE,SM.CZCE,long,Short,Close,long_prev2day_stop,187,8132.0,,,,,,,,,,,,,,,,,,,,,,,,,stage847_c9_15w_stage819_05r_stop_retry_live,2018-01,stage847_c9_15w_stage819_05r_stop_retry_live,150000.0,150000.0
2022-01-17 00:00:00+08:00,2022-01-17,rb2205.SHFE,rb.SHFE,long,Short,Close,long_prev2day_stop,132,4553.0,,,,,,,,,,,,,,,,,,,,,,,,,stage847_c9_15w_stage819_05r_stop_retry_live,2018-01,stage847_c9_15w_stage819_05r_stop_retry_live,150000.0,150000.0
2022-01-17 00:00:00+08:00,2022-01-17,sp2205.SHFE,sp.SHFE,long,Short,Close,long_prev2day_stop,109,6120.0,,,,,,,,,,,,,,,,,,,,,,,,,stage847_c9_15w_stage819_05r_stop_retry_live,2018-01,stage847_c9_15w_stage819_05r_stop_retry_live,150000.0,150000.0
2022-01-18,2022-01-18,FG205.CZCE,FG.CZCE,long,long,RiskSizing,long_tighter_initial_stop_adjust,0,2085.0,2035.0,2043.3,50.0,41.700000000000045,0.023980815347721823,0.02000000000000002,2035.0,2085.0,0.02,day_low,,,,,,,,,,,,,,,stage847_c9_15w_stage819_05r_stop_retry_live,2018-01,stage847_c9_15w_stage819_05r_stop_retry_live,150000.0,150000.0
2022-01-21,2022-01-21,SA205.CZCE,SA.CZCE,long,long,RiskSizing,long_tighter_initial_stop_adjust,0,2712.0,2574.0,2657.7599999999998,138.0,54.24000000000024,0.05088495575221239,0.020000000000000087,2574.0,2712.0,0.02,day_low,,,,,,,,,,,,,,,stage847_c9_15w_stage819_05r_stop_retry_live,2018-01,stage847_c9_15w_stage819_05r_stop_retry_live,150000.0,150000.0
2022-01-24 00:00:00+08:00,2022-01-24,SA205.CZCE,SA.CZCE,long,Short,Close,stage847_intraday_05r_stop_no_reentry,31,2687.38,,,,,,,,,,,,,,,,,,,,,,,,,stage847_c9_15w_stage819_05r_stop_retry_live,2018-01,stage847_c9_15w_stage819_05r_stop_retry_live,150000.0,150000.0
2022-01-24 00:00:00+08:00,2022-01-24,FG205.CZCE,FG.CZCE,long,Short,Close,long_base_stop,124,2135.0,,,,,,,,,,,,,,,,,,,,,,,,,stage847_c9_15w_stage819_05r_stop_retry_live,2018-01,stage847_c9_15w_stage819_05r_stop_retry_live,150000.0,150000.0
2022-01-28,2022-01-28,AP205.CZCE,AP.CZCE,long,long,RiskSizing,long_tighter_initial_stop_adjust,0,8921.0,8742.58,8819.0,178.42000000000007,102.0,0.020000000000000007,0.011433695774016366,8819.0,8921.0,0.02,basic_min_distance,,,,,,,,,,,,,,,stage847_c9_15w_stage819_05r_stop_retry_live,2018-01,stage847_c9_15w_stage819_05r_stop_retry_live,150000.0,150000.0
2022-01-28 00:00:00+08:00,2022-01-28,CF205.CZCE,CF.CZCE,long,Short,Close,long_prev2day_stop,113,21495.0,,,,,,,,,,,,,,,,,,,,,,,,,stage847_c9_15w_stage819_05r_stop_retry_live,2018-01,stage847_c9_15w_stage819_05r_stop_retry_live,150000.0,150000.0
2022-02-08,2022-02-08,sp2205.SHFE,sp.SHFE,long,long,RiskSizing,long_tighter_initial_stop_adjust,0,6412.0,6283.76,6322.0,128.23999999999978,90.0,0.019999999999999966,0.014036182158452901,6322.0,6412.0,0.02,basic_min_distance,,,,,,,,,,,,,,,stage847_c9_15w_stage819_05r_stop_retry_live,2018-01,stage847_c9_15w_stage819_05r_stop_retry_live,150000.0,150000.0
2022-02-09,2022-02-09,OI205.CZCE,OI.CZCE,long,long,RiskSizing,long_tighter_initial_stop_adjust,0,12045.0,11804.1,11957.0,240.89999999999964,88.0,0.01999999999999997,0.0073059360730593605,11957.0,12045.0,0.02,basic_min_distance,,,,,,,,,,,,,,,stage847_c9_15w_stage819_05r_stop_retry_live,2018-01,stage847_c9_15w_stage819_05r_stop_retry_live,150000.0,150000.0
2022-02-09 00:00:00+08:00,2022-02-09,AP205.CZCE,AP.CZCE,long,Short,Close,long_base_stop,88,9008.0,,,,,,,,,,,,,,,,,,,,,,,,,stage847_c9_15w_stage819_05r_stop_retry_live,2018-01,stage847_c9_15w_stage819_05r_stop_retry_live,150000.0,150000.0
2022-02-10,2022-02-10,cu2203.SHFE,cu.SHFE,long,long,RiskSizing,long_tighter_initial_stop_adjust,0,73030.0,70760.0,71569.4,2270.0,1460.6000000000058,0.03108311652745447,0.02000000000000008,70760.0,73030.0,0.02,day_low,,,,,,,,,,,,,,,stage847_c9_15w_stage819_05r_stop_retry_live,2018-01,stage847_c9_15w_stage819_05r_stop_retry_live,150000.0,150000.0
2022-02-11,2022-02-11,jm2205.DCE,jm.DCE,long,long,RiskSizing,long_tighter_initial_stop_adjust,0,2352.0,2304.96,2350.0,47.039999999999964,2.0,0.019999999999999983,0.0008503401360544217,2350.0,2352.0,0.02,basic_min_distance,,,,,,,,,,,,,,,stage847_c9_15w_stage819_05r_stop_retry_live,2018-01,stage847_c9_15w_stage819_05r_stop_retry_live,150000.0,150000.0
2022-02-11 00:00:00+08:00,2022-02-11,jm2205.DCE,jm.DCE,long,long,RiskSizing,broker10_margin_cap_reduce,8,2352.0,,,,,,,,,,,jm2205.DCE,long_case2,flat_entry,59.0,51.0,8.0,6673231.1,2580088.0,28224.0,1.65,1.0,51.0,1.0496791576722106,0.9938506100890168,stage847_c9_15w_stage819_05r_stop_retry_live,2018-01,stage847_c9_15w_stage819_05r_stop_retry_live,150000.0,150000.0
2022-02-11 00:00:00+08:00,2022-02-11,cu2203.SHFE,cu.SHFE,long,Short,Close,long_base_stop,43,71480.0,,,,,,,,,,,,,,,,,,,,,,,,,stage847_c9_15w_stage819_05r_stop_retry_live,2018-01,stage847_c9_15w_stage819_05r_stop_retry_live,150000.0,150000.0
2022-02-14,2022-02-14,au2206.SHFE,au.SHFE,long,long,RiskSizing,long_tighter_initial_stop_adjust,0,381.7,374.066,375.24,7.6340000000000146,6.4599999999999795,0.02000000000000004,0.016924286088551167,375.24,381.7,0.02,basic_min_distance,,,,,,,,,,,,,,,stage847_c9_15w_stage819_05r_stop_retry_live,2018-01,stage847_c9_15w_stage819_05r_stop_retry_live,150000.0,150000.0
2022-02-16 00:00:00+08:00,2022-02-16,lh2205.DCE,lh.DCE,short,short,RiskSizing,broker10_margin_cap_reduce,22,14355.0,,,,,,,,,,,lh2205.DCE,short_case1a,flat_entry,63.0,41.0,22.0,7324391.1,3298862.0,27561.6,1.65,1.0,41.0,1.1343128058795222,0.997716320746444,stage847_c9_15w_stage819_05r_stop_retry_live,2018-01,stage847_c9_15w_stage819_05r_stop_retry_live,150000.0,150000.0
2022-02-24,2022-02-24,fu2205.SHFE,fu.SHFE,long,long,RiskSizing,long_tighter_initial_stop_adjust,0,3479.0,3291.0,3409.42,188.0,69.57999999999993,0.054038516815176775,0.01999999999999998,3291.0,3479.0,0.02,day_low,,,,,,,,,,,,,,,stage847_c9_15w_stage819_05r_stop_retry_live,2018-01,stage847_c9_15w_stage819_05r_stop_retry_live,150000.0,150000.0
2022-02-25 00:00:00+08:00,2022-02-25,fu2205.SHFE,fu.SHFE,long,Short,Close,long_base_stop,133,3394.0,,,,,,,,,,,,,,,,,,,,,,,,,stage847_c9_15w_stage819_05r_stop_retry_live,2018-01,stage847_c9_15w_stage819_05r_stop_retry_live,150000.0,150000.0
2022-02-25 00:00:00+08:00,2022-02-25,jm2205.DCE,jm.DCE,long,Short,Close,long_prev2day_stop,51,2511.5,,,,,,,,,,,,,,,,,,,,,,,,,stage847_c9_15w_stage819_05r_stop_retry_live,2018-01,stage847_c9_15w_stage819_05r_stop_retry_live,150000.0,150000.0
2022-03-02,2022-03-02,MA205.CZCE,MA.CZCE,long,long,RiskSizing,long_tighter_initial_stop_adjust,0,3018.0,2937.0,2957.64,81.0,60.36000000000013,0.0268389662027833,0.020000000000000042,2937.0,3018.0,0.02,day_low,,,,,,,,,,,,,,,stage847_c9_15w_stage819_05r_stop_retry_live,2018-01,stage847_c9_15w_stage819_05r_stop_retry_live,150000.0,150000.0
2022-03-02,2022-03-02,SM205.CZCE,SM.CZCE,long,long,RiskSizing,long_tighter_initial_stop_adjust,0,8476.0,8306.48,8426.0,169.52000000000044,50.0,0.020000000000000052,0.005899008966493629,8426.0,8476.0,0.02,basic_min_distance,,,,,,,,,,,,,,,stage847_c9_15w_stage819_05r_stop_retry_live,2018-01,stage847_c9_15w_stage819_05r_stop_retry_live,150000.0,150000.0
2022-03-03,2022-03-03,hc2205.SHFE,hc.SHFE,long,long,RiskSizing,long_tighter_initial_stop_adjust,0,5249.0,5131.0,5144.0199999999995,118.0,104.98000000000047,0.022480472470946845,0.02000000000000009,5131.0,5249.0,0.02,day_low,,,,,,,,,,,,,,,stage847_c9_15w_stage819_05r_stop_retry_live,2018-01,stage847_c9_15w_stage819_05r_stop_retry_live,150000.0,150000.0
2022-03-03 00:00:00+08:00,2022-03-03,hc2205.SHFE,hc.SHFE,long,long,RiskSizing,broker10_margin_cap_reduce,281,5249.0,,,,,,,,,,,hc2205.SHFE,long_case2,flat_entry,403.0,122.0,281.0,8462301.100000001,4488203.6,5249.0,1.65,1.0,122.0,1.2875763177464812,0.9999832835066572,stage847_c9_15w_stage819_05r_stop_retry_live,2018-01,stage847_c9_15w_stage819_05r_stop_retry_live,150000.0,150000.0
2022-03-08,2022-03-08,rb2205.SHFE,rb.SHFE,long,long,RiskSizing,long_tighter_initial_stop_adjust,0,4956.0,4856.88,4900.0,99.11999999999989,56.0,0.01999999999999998,0.011299435028248588,4900.0,4956.0,0.02,basic_min_distance,,,,,,,,,,,,,,,stage847_c9_15w_stage819_05r_stop_retry_live,2018-01,stage847_c9_15w_stage819_05r_stop_retry_live,150000.0,150000.0
2022-03-10 00:00:00+08:00,2022-03-10,MA205.CZCE,MA.CZCE,long,Short,Close,long_prev2day_stop,182,3119.0,,,,,,,,,,,,,,,,,,,,,,,,,stage847_c9_15w_stage819_05r_stop_retry_live,2018-01,stage847_c9_15w_stage819_05r_stop_retry_live,150000.0,150000.0
2022-03-14 00:00:00+08:00,2022-03-14,sp2205.SHFE,sp.SHFE,long,Short,Close,long_prev2day_stop,116,6908.0,,,,,,,,,,,,,,,,,,,,,,,,,stage847_c9_15w_stage819_05r_stop_retry_live,2018-01,stage847_c9_15w_stage819_05r_stop_retry_live,150000.0,150000.0
2022-03-15 00:00:00+08:00,2022-03-15,SM205.CZCE,SM.CZCE,long,Short,Close,long_prev2day_stop,371,8660.0,,,,,,,,,,,,,,,,,,,,,,,,,stage847_c9_15w_stage819_05r_stop_retry_live,2018-01,stage847_c9_15w_stage819_05r_stop_retry_live,150000.0,150000.0
2022-03-15 00:00:00+08:00,2022-03-15,au2206.SHFE,au.SHFE,long,Short,Close,long_prev2day_stop,28,394.46,,,,,,,,,,,,,,,,,,,,,,,,,stage847_c9_15w_stage819_05r_stop_retry_live,2018-01,stage847_c9_15w_stage819_05r_stop_retry_live,150000.0,150000.0
2022-03-24,2022-03-24,fu2205.SHFE,fu.SHFE,long,long,RiskSizing,long_tighter_initial_stop_adjust,0,4215.0,4130.7,4205.0,84.30000000000018,10.0,0.020000000000000042,0.002372479240806643,4205.0,4215.0,0.02,basic_min_distance,,,,,,,,,,,,,,,stage847_c9_15w_stage819_05r_stop_retry_live,2018-01,stage847_c9_15w_stage819_05r_stop_retry_live,150000.0,150000.0
2022-03-25 00:00:00+08:00,2022-03-25,fu2205.SHFE,fu.SHFE,long,Short,Close,stage847_intraday_retry_failed_05r_stop,347,4237.0,,,,,,,,,,,,,,,,,,,,,,,,,stage847_c9_15w_stage819_05r_stop_retry_live,2018-01,stage847_c9_15w_stage819_05r_stop_retry_live,150000.0,150000.0
2022-03-29,2022-03-29,CF205.CZCE,CF.CZCE,long,long,RiskSizing,long_tighter_initial_stop_adjust,0,21740.0,21305.2,21665.0,434.7999999999993,75.0,0.019999999999999966,0.0034498620055197792,21665.0,21740.0,0.02,basic_min_distance,,,,,,,,,,,,,,,stage847_c9_15w_stage819_05r_stop_retry_live,2018-01,stage847_c9_15w_stage819_05r_stop_retry_live,150000.0,150000.0
2022-03-29,2022-03-29,fu2205.SHFE,fu.SHFE,long,long,RiskSizing,long_tighter_initial_stop_adjust,0,4030.0,3949.4,3987.0,80.59999999999991,43.0,0.019999999999999976,0.010669975186104219,3987.0,4030.0,0.02,basic_min_distance,,,,,,,,,,,,,,,stage847_c9_15w_stage819_05r_stop_retry_live,2018-01,stage847_c9_15w_stage819_05r_stop_retry_live,150000.0,150000.0
2022-03-29,2022-03-29,hc2205.SHFE,hc.SHFE,long,long,RiskSizing,long_tighter_initial_stop_adjust,0,5255.0,5149.9,5252.0,105.10000000000036,3.0,0.02000000000000007,0.000570884871550904,5252.0,5255.0,0.02,basic_min_distance,,,,,,,,,,,,,,,stage847_c9_15w_stage819_05r_stop_retry_live,2018-01,stage847_c9_15w_stage819_05r_stop_retry_live,150000.0,150000.0
2022-03-29,2022-03-29,jm2205.DCE,jm.DCE,long,long,RiskSizing,long_tighter_initial_stop_adjust,0,3193.5,3087.5,3129.63,106.0,63.86999999999989,0.03319242210740567,0.019999999999999966,3087.5,3193.5,0.02,day_low,,,,,,,,,,,,,,,stage847_c9_15w_stage819_05r_stop_retry_live,2018-01,stage847_c9_15w_stage819_05r_stop_retry_live,150000.0,150000.0
2022-03-29 00:00:00+08:00,2022-03-29,hc2205.SHFE,hc.SHFE,long,Short,Close,forced_margin_deleverage,251,5255.0,,,,,,,,,,,,,,,,,,,,,,,,,stage847_c9_15w_stage819_05r_stop_retry_live,2018-01,stage847_c9_15w_stage819_05r_stop_retry_live,150000.0,150000.0
2022-03-31 00:00:00+08:00,2022-03-31,fu2205.SHFE,fu.SHFE,long,Short,Close,long_base_stop,316,3967.0,,,,,,,,,,,,,,,,,,,,,,,,,stage847_c9_15w_stage819_05r_stop_retry_live,2018-01,stage847_c9_15w_stage819_05r_stop_retry_live,150000.0,150000.0
2022-03-31 00:00:00+08:00,2022-03-31,hc2205.SHFE,hc.SHFE,long,Short,Close,rollover_close,155,5254.0,,,,,,,,,,,,,,,,,,,,,,,,,stage847_c9_15w_stage819_05r_stop_retry_live,2018-01,stage847_c9_15w_stage819_05r_stop_retry_live,150000.0,150000.0
2022-03-31,2022-03-31,hc2210.SHFE,hc.SHFE,long,long,RiskSizing,long_tighter_initial_stop_adjust,0,5218.0,5113.64,5165.0,104.35999999999967,53.0,0.019999999999999938,0.010157148332694519,5165.0,5218.0,0.02,basic_min_distance,,,,,,,,,,,,,,,stage847_c9_15w_stage819_05r_stop_retry_live,2018-01,stage847_c9_15w_stage819_05r_stop_retry_live,150000.0,150000.0
2022-04-01,2022-04-01,AP210.CZCE,AP.CZCE,long,long,RiskSizing,long_tighter_initial_stop_adjust,0,8666.0,8286.0,8492.68,380.0,173.3199999999997,0.043849526886683594,0.019999999999999966,8286.0,8666.0,0.02,day_low,,,,,,,,,,,,,,,stage847_c9_15w_stage819_05r_stop_retry_live,2018-01,stage847_c9_15w_stage819_05r_stop_retry_live,150000.0,150000.0
2022-04-08 00:00:00+08:00,2022-04-08,hc2210.SHFE,hc.SHFE,long,Short,Close,long_prev2day_stop,155,5195.0,,,,,,,,,,,,,,,,,,,,,,,,,stage847_c9_15w_stage819_05r_stop_retry_live,2018-01,stage847_c9_15w_stage819_05r_stop_retry_live,150000.0,150000.0
2022-04-11 00:00:00+08:00,2022-04-11,jm2205.DCE,jm.DCE,long,Short,Close,long_prev2day_stop,37,3106.0,,,,,,,,,,,,,,,,,,,,,,,,,stage847_c9_15w_stage819_05r_stop_retry_live,2018-01,stage847_c9_15w_stage819_05r_stop_retry_live,150000.0,150000.0
2022-04-14,2022-04-14,SA209.CZCE,SA.CZCE,long,long,RiskSizing,long_tighter_initial_stop_adjust,0,3138.0,3066.0,3075.24,72.0,62.76000000000022,0.022944550669216062,0.02000000000000007,3066.0,3138.0,0.02,day_low,,,,,,,,,,,,,,,stage847_c9_15w_stage819_05r_stop_retry_live,2018-01,stage847_c9_15w_stage819_05r_stop_retry_live,150000.0,150000.0
2022-04-14,2022-04-14,cu2205.SHFE,cu.SHFE,long,long,RiskSizing,long_tighter_initial_stop_adjust,0,74180.0,72696.4,73620.0,1483.6000000000058,560.0,0.020000000000000077,0.007549204637368563,73620.0,74180.0,0.02,basic_min_distance,,,,,,,,,,,,,,,stage847_c9_15w_stage819_05r_stop_retry_live,2018-01,stage847_c9_15w_stage819_05r_stop_retry_live,150000.0,150000.0
2022-04-15,2022-04-15,fu2209.SHFE,fu.SHFE,long,long,RiskSizing,long_tighter_initial_stop_adjust,0,4208.0,4016.0,4123.84,192.0,84.15999999999985,0.045627376425855515,0.019999999999999966,4016.0,4208.0,0.02,day_low,,,,,,,,,,,,,,,stage847_c9_15w_stage819_05r_stop_retry_live,2018-01,stage847_c9_15w_stage819_05r_stop_retry_live,150000.0,150000.0
2022-04-18,2022-04-18,SM209.CZCE,SM.CZCE,long,long,RiskSizing,long_tighter_initial_stop_adjust,0,9040.0,8850.0,8859.2,190.0,180.79999999999927,0.02101769911504425,0.01999999999999992,8850.0,9040.0,0.02,day_low,,,,,,,,,,,,,,,stage847_c9_15w_stage819_05r_stop_retry_live,2018-01,stage847_c9_15w_stage819_05r_stop_retry_live,150000.0,150000.0
2022-04-19 00:00:00+08:00,2022-04-19,SM209.CZCE,SM.CZCE,long,Short,Close,long_risk_cluster_heat_deleverage,395,8940.0,,,,,,,,,,,,,,,,,,,,,,,,,stage847_c9_15w_stage819_05r_stop_retry_live,2018-01,stage847_c9_15w_stage819_05r_stop_retry_live,150000.0,150000.0
2022-04-19 00:00:00+08:00,2022-04-19,fu2209.SHFE,fu.SHFE,long,Short,Close,long_base_stop,363,4106.0,,,,,,,,,,,,,,,,,,,,,,,,,stage847_c9_15w_stage819_05r_stop_retry_live,2018-01,stage847_c9_15w_stage819_05r_stop_retry_live,150000.0,150000.0
2022-04-27,2022-04-27,AP210.CZCE,AP.CZCE,long,long,RiskSizing,long_tighter_initial_stop_adjust,0,9273.0,9043.0,9087.539999999999,230.0,185.46000000000095,0.02480319206297854,0.0200000000000001,9043.0,9273.0,0.02,day_low,,,,,,,,,,,,,,,stage847_c9_15w_stage819_05r_stop_retry_live,2018-01,stage847_c9_15w_stage819_05r_stop_retry_live,150000.0,150000.0
2022-05-05,2022-05-05,fu2209.SHFE,fu.SHFE,long,long,RiskSizing,long_tighter_initial_stop_adjust,0,4405.0,4316.9,4379.0,88.10000000000036,26.0,0.020000000000000084,0.005902383654937571,4379.0,4405.0,0.02,basic_min_distance,,,,,,,,,,,,,,,stage847_c9_15w_stage819_05r_stop_retry_live,2018-01,stage847_c9_15w_stage819_05r_stop_retry_live,150000.0,150000.0
2022-05-05 00:00:00+08:00,2022-05-05,MA209.CZCE,MA.CZCE,short,Long,Close,short_prev2day_stop,500,2784.0,,,,,,,,,,,,,,,,,,,,,,,,,stage847_c9_15w_stage819_05r_stop_retry_live,2018-01,stage847_c9_15w_stage819_05r_stop_retry_live,150000.0,150000.0
2022-05-06,2022-05-06,sp2209.SHFE,sp.SHFE,long,long,RiskSizing,long_tighter_initial_stop_adjust,0,7290.0,7144.2,7250.0,145.80000000000018,40.0,0.020000000000000025,0.0054869684499314125,7250.0,7290.0,0.02,basic_min_distance,,,,,,,,,,,,,,,stage847_c9_15w_stage819_05r_stop_retry_live,2018-01,stage847_c9_15w_stage819_05r_stop_retry_live,150000.0,150000.0
2022-05-06 00:00:00+08:00,2022-05-06,fu2209.SHFE,fu.SHFE,long,Short,Close,long_base_stop,295,4328.0,,,,,,,,,,,,,,,,,,,,,,,,,stage847_c9_15w_stage819_05r_stop_retry_live,2018-01,stage847_c9_15w_stage819_05r_stop_retry_live,150000.0,150000.0
2022-05-09,2022-05-09,au2206.SHFE,au.SHFE,long,long,RiskSizing,long_tighter_initial_stop_adjust,0,405.36,397.2528,403.44,8.107200000000034,1.920000000000016,0.020000000000000084,0.004736530491415078,403.44,405.36,0.02,basic_min_distance,,,,,,,,,,,,,,,stage847_c9_15w_stage819_05r_stop_retry_live,2018-01,stage847_c9_15w_stage819_05r_stop_retry_live,150000.0,150000.0
2022-05-10 00:00:00+08:00,2022-05-10,au2206.SHFE,au.SHFE,long,Short,Close,long_base_stop,43,402.3,,,,,,,,,,,,,,,,,,,,,,,,,stage847_c9_15w_stage819_05r_stop_retry_live,2018-01,stage847_c9_15w_stage819_05r_stop_retry_live,150000.0,150000.0
2022-05-13 00:00:00+08:00,2022-05-13,MA209.CZCE,MA.CZCE,short,Long,Close,short_base_stop,500,2765.0,,,,,,,,,,,,,,,,,,,,,,,,,stage847_c9_15w_stage819_05r_stop_retry_live,2018-01,stage847_c9_15w_stage819_05r_stop_retry_live,150000.0,150000.0
2022-05-26,2022-05-26,fu2209.SHFE,fu.SHFE,long,long,RiskSizing,long_tighter_initial_stop_adjust,0,4286.0,4200.28,4231.0,85.72000000000025,55.0,0.02000000000000006,0.012832477834811012,4231.0,4286.0,0.02,basic_min_distance,,,,,,,,,,,,,,,stage847_c9_15w_stage819_05r_stop_retry_live,2018-01,stage847_c9_15w_stage819_05r_stop_retry_live,150000.0,150000.0
2022-05-27 00:00:00+08:00,2022-05-27,CF209.CZCE,CF.CZCE,short,short,RiskSizing,broker10_margin_cap_reduce,81,20540.0,,,,,,,,,,,CF209.CZCE,short_case2,flat_entry,132.0,51.0,81.0,6536061.100000002,3322755.9,12324.0,1.65,1.0,51.0,1.2494856321034082,0.99748330611536,stage847_c9_15w_stage819_05r_stop_retry_live,2018-01,stage847_c9_15w_stage819_05r_stop_retry_live,150000.0,150000.0
2022-05-27 00:00:00+08:00,2022-05-27,jm2209.DCE,jm.DCE,short,Long,Close,short_prev2day_stop,44,2559.0,,,,,,,,,,,,,,,,,,,,,,,,,stage847_c9_15w_stage819_05r_stop_retry_live,2018-01,stage847_c9_15w_stage819_05r_stop_retry_live,150000.0,150000.0
2022-05-30 00:00:00+08:00,2022-05-30,fu2209.SHFE,fu.SHFE,long,Short,Close,long_prev2day_stop,113,4118.0,,,,,,,,,,,,,,,,,,,,,,,,,stage847_c9_15w_stage819_05r_stop_retry_live,2018-01,stage847_c9_15w_stage819_05r_stop_retry_live,150000.0,150000.0
2022-05-31,2022-05-31,OI209.CZCE,OI.CZCE,long,long,RiskSizing,long_tighter_initial_stop_adjust,0,14088.0,13806.24,13941.0,281.7600000000002,147.0,0.020000000000000014,0.010434412265758091,13941.0,14088.0,0.02,basic_min_distance,,,,,,,,,,,,,,,stage847_c9_15w_stage819_05r_stop_retry_live,2018-01,stage847_c9_15w_stage819_05r_stop_retry_live,150000.0,150000.0
2022-06-01 00:00:00+08:00,2022-06-01,FG209.CZCE,FG.CZCE,short,Long,Close,short_prev2day_stop,297,1780.0,,,,,,,,,,,,,,,,,,,,,,,,,stage847_c9_15w_stage819_05r_stop_retry_live,2018-01,stage847_c9_15w_stage819_05r_stop_retry_live,150000.0,150000.0
2022-06-08,2022-06-08,ru2209.SHFE,ru.SHFE,long,long,RiskSizing,long_tighter_initial_stop_adjust,0,13270.0,13004.6,13160.0,265.39999999999964,110.0,0.019999999999999973,0.008289374529012811,13160.0,13270.0,0.02,basic_min_distance,,,,,,,,,,,,,,,stage847_c9_15w_stage819_05r_stop_retry_live,2018-01,stage847_c9_15w_stage819_05r_stop_retry_live,150000.0,150000.0
2022-06-10,2022-06-10,MA209.CZCE,MA.CZCE,long,long,RiskSizing,long_tighter_initial_stop_adjust,0,2911.0,2852.7799999999997,2885.0,58.220000000000255,26.0,0.020000000000000087,0.008931638612160769,2885.0,2911.0,0.02,basic_min_distance,,,,,,,,,,,,,,,stage847_c9_15w_stage819_05r_stop_retry_live,2018-01,stage847_c9_15w_stage819_05r_stop_retry_live,150000.0,150000.0
2022-06-13 00:00:00+08:00,2022-06-13,MA209.CZCE,MA.CZCE,long,Short,Close,long_risk_cluster_heat_deleverage,441,2941.0,,,,,,,,,,,,,,,,,,,,,,,,,stage847_c9_15w_stage819_05r_stop_retry_live,2018-01,stage847_c9_15w_stage819_05r_stop_retry_live,150000.0,150000.0
2022-06-28 00:00:00+08:00,2022-06-28,fu2209.SHFE,fu.SHFE,short,Long,Close,short_prev2day_stop,273,3919.0,,,,,,,,,,,,,,,,,,,,,,,,,stage847_c9_15w_stage819_05r_stop_retry_live,2018-01,stage847_c9_15w_stage819_05r_stop_retry_live,150000.0,150000.0
2022-07-06 00:00:00+08:00,2022-07-06,jm2209.DCE,jm.DCE,short,Long,Close,forced_margin_deleverage,31,2276.0,,,,,,,,,,,,,,,,,,,,,,,,,stage847_c9_15w_stage819_05r_stop_retry_live,2018-01,stage847_c9_15w_stage819_05r_stop_retry_live,150000.0,150000.0
2022-07-18 00:00:00+08:00,2022-07-18,fu2209.SHFE,fu.SHFE,short,Long,Close,short_prev2day_stop,159,3094.0,,,,,,,,,,,,,,,,,,,,,,,,,stage847_c9_15w_stage819_05r_stop_retry_live,2018-01,stage847_c9_15w_stage819_05r_stop_retry_live,150000.0,150000.0
2022-07-18 00:00:00+08:00,2022-07-18,jm2209.DCE,jm.DCE,short,Long,Close,short_base_stop,18,2095.5,,,,,,,,,,,,,,,,,,,,,,,,,stage847_c9_15w_stage819_05r_stop_retry_live,2018-01,stage847_c9_15w_stage819_05r_stop_retry_live,150000.0,150000.0
2022-07-20 00:00:00+08:00,2022-07-20,hc2210.SHFE,hc.SHFE,short,Long,Close,short_prev2day_stop,299,3821.0,,,,,,,,,,,,,,,,,,,,,,,,,stage847_c9_15w_stage819_05r_stop_retry_live,2018-01,stage847_c9_15w_stage819_05r_stop_retry_live,150000.0,150000.0
2022-07-20 00:00:00+08:00,2022-07-20,rb2210.SHFE,rb.SHFE,short,Long,Close,short_prev2day_stop,239,3830.0,,,,,,,,,,,,,,,,,,,,,,,,,stage847_c9_15w_stage819_05r_stop_retry_live,2018-01,stage847_c9_15w_stage819_05r_stop_retry_live,150000.0,150000.0
2022-08-04,2022-08-04,sp2209.SHFE,sp.SHFE,long,long,RiskSizing,long_tighter_initial_stop_adjust,0,7072.0,6930.5599999999995,7020.0,141.4400000000005,52.0,0.020000000000000073,0.007352941176470588,7020.0,7072.0,0.02,basic_min_distance,,,,,,,,,,,,,,,stage847_c9_15w_stage819_05r_stop_retry_live,2018-01,stage847_c9_15w_stage819_05r_stop_retry_live,150000.0,150000.0
2022-08-12,2022-08-12,OI209.CZCE,OI.CZCE,long,long,RiskSizing,long_tighter_initial_stop_adjust,0,12407.0,12158.86,12218.0,248.13999999999942,189.0,0.019999999999999952,0.015233336019988716,12218.0,12407.0,0.02,basic_min_distance,,,,,,,,,,,,,,,stage847_c9_15w_stage819_05r_stop_retry_live,2018-01,stage847_c9_15w_stage819_05r_stop_retry_live,150000.0,150000.0
2022-08-17,2022-08-17,cu2209.SHFE,cu.SHFE,long,long,RiskSizing,long_tighter_initial_stop_adjust,0,61960.0,60720.799999999996,61770.0,1239.2000000000044,190.0,0.02000000000000007,0.003066494512588767,61770.0,61960.0,0.02,basic_min_distance,,,,,,,,,,,,,,,stage847_c9_15w_stage819_05r_stop_retry_live,2018-01,stage847_c9_15w_stage819_05r_stop_retry_live,150000.0,150000.0
2022-08-17,2022-08-17,lh2301.DCE,lh.DCE,long,long,RiskSizing,long_tighter_initial_stop_adjust,0,22515.0,22064.7,22450.0,450.2999999999993,65.0,0.01999999999999997,0.0028869642460581835,22450.0,22515.0,0.02,basic_min_distance,,,,,,,,,,,,,,,stage847_c9_15w_stage819_05r_stop_retry_live,2018-01,stage847_c9_15w_stage819_05r_stop_retry_live,150000.0,150000.0
2022-08-23 00:00:00+08:00,2022-08-23,SM209.CZCE,SM.CZCE,short,Long,Close,short_prev2day_stop,494,7210.0,,,,,,,,,,,,,,,,,,,,,,,,,stage847_c9_15w_stage819_05r_stop_retry_live,2018-01,stage847_c9_15w_stage819_05r_stop_retry_live,150000.0,150000.0
2022-08-24,2022-08-24,AP210.CZCE,AP.CZCE,long,long,RiskSizing,long_tighter_initial_stop_adjust,0,9113.0,8930.74,9064.0,182.26000000000022,49.0,0.020000000000000025,0.005376934050257873,9064.0,9113.0,0.02,basic_min_distance,,,,,,,,,,,,,,,stage847_c9_15w_stage819_05r_stop_retry_live,2018-01,stage847_c9_15w_stage819_05r_stop_retry_live,150000.0,150000.0
2022-08-26,2022-08-26,OI301.CZCE,OI.CZCE,long,long,RiskSizing,long_tighter_initial_stop_adjust,0,11198.0,10974.039999999999,11129.0,223.96000000000095,69.0,0.020000000000000084,0.006161814609751741,11129.0,11198.0,0.02,basic_min_distance,,,,,,,,,,,,,,,stage847_c9_15w_stage819_05r_stop_retry_live,2018-01,stage847_c9_15w_stage819_05r_stop_retry_live,150000.0,150000.0
2022-08-26,2022-08-26,jm2301.DCE,jm.DCE,long,long,RiskSizing,long_tighter_initial_stop_adjust,0,2050.0,1941.5,2009.0,108.5,41.0,0.05292682926829268,0.02,1941.5,2050.0,0.02,day_low,,,,,,,,,,,,,,,stage847_c9_15w_stage819_05r_stop_retry_live,2018-01,stage847_c9_15w_stage819_05r_stop_retry_live,150000.0,150000.0
2022-08-30 00:00:00+08:00,2022-08-30,AP210.CZCE,AP.CZCE,long,Short,Close,long_prev2day_stop,230,9091.0,,,,,,,,,,,,,,,,,,,,,,,,,stage847_c9_15w_stage819_05r_stop_retry_live,2018-01,stage847_c9_15w_stage819_05r_stop_retry_live,150000.0,150000.0
2022-08-31,2022-08-31,CF301.CZCE,CF.CZCE,long,long,RiskSizing,long_tighter_initial_stop_adjust,0,15015.0,14714.699999999999,14820.0,300.3000000000011,195.0,0.020000000000000073,0.012987012987012988,14820.0,15015.0,0.02,basic_min_distance,,,,,,,,,,,,,,,stage847_c9_15w_stage819_05r_stop_retry_live,2018-01,stage847_c9_15w_stage819_05r_stop_retry_live,150000.0,150000.0
2022-08-31,2022-08-31,SA301.CZCE,SA.CZCE,long,long,RiskSizing,long_tighter_initial_stop_adjust,0,2367.0,2319.66,2326.0,47.340000000000146,41.0,0.020000000000000063,0.017321504013519222,2326.0,2367.0,0.02,basic_min_distance,,,,,,,,,,,,,,,stage847_c9_15w_stage819_05r_stop_retry_live,2018-01,stage847_c9_15w_stage819_05r_stop_retry_live,150000.0,150000.0
2022-08-31,2022-08-31,sp2301.SHFE,sp.SHFE,long,long,RiskSizing,long_tighter_initial_stop_adjust,0,6652.0,6518.96,6538.0,133.03999999999996,114.0,0.019999999999999993,0.017137702946482262,6538.0,6652.0,0.02,basic_min_distance,,,,,,,,,,,,,,,stage847_c9_15w_stage819_05r_stop_retry_live,2018-01,stage847_c9_15w_stage819_05r_stop_retry_live,150000.0,150000.0
2022-09-01 00:00:00+08:00,2022-09-01,SA301.CZCE,SA.CZCE,long,Short,Close,long_base_stop,441,2315.0,,,,,,,,,,,,,,,,,,,,,,,,,stage847_c9_15w_stage819_05r_stop_retry_live,2018-01,stage847_c9_15w_stage819_05r_stop_retry_live,150000.0,150000.0
2022-09-22 00:00:00+08:00,2022-09-22,hc2301.SHFE,hc.SHFE,short,Long,Close,short_prev2day_stop,500,3809.0,,,,,,,,,,,,,,,,,,,,,,,,,stage847_c9_15w_stage819_05r_stop_retry_live,2018-01,stage847_c9_15w_stage819_05r_stop_retry_live,150000.0,150000.0
2022-09-29,2022-09-29,MA301.CZCE,MA.CZCE,long,long,RiskSizing,long_tighter_initial_stop_adjust,0,2815.0,2728.0,2758.7,87.0,56.30000000000018,0.030905861456483125,0.020000000000000066,2728.0,2815.0,0.02,day_low,,,,,,,,,,,,,,,stage847_c9_15w_stage819_05r_stop_retry_live,2018-01,stage847_c9_15w_stage819_05r_stop_retry_live,150000.0,150000.0
2022-10-10,2022-10-10,FG301.CZCE,FG.CZCE,long,long,RiskSizing,long_tighter_initial_stop_adjust,0,1554.0,1515.0,1522.92,39.0,31.079999999999927,0.025096525096525095,0.019999999999999952,1515.0,1554.0,0.02,day_low,,,,,,,,,,,,,,,stage847_c9_15w_stage819_05r_stop_retry_live,2018-01,stage847_c9_15w_stage819_05r_stop_retry_live,150000.0,150000.0
2022-10-17,2022-10-17,au2212.SHFE,au.SHFE,long,long,RiskSizing,long_tighter_initial_stop_adjust,0,390.28,382.47439999999995,389.52,7.805600000000027,0.7599999999999909,0.02000000000000007,0.0019473198729117326,389.52,390.28,0.02,basic_min_distance,,,,,,,,,,,,,,,stage847_c9_15w_stage819_05r_stop_retry_live,2018-01,stage847_c9_15w_stage819_05r_stop_retry_live,150000.0,150000.0
2022-10-20,2022-10-20,OI301.CZCE,OI.CZCE,long,long,RiskSizing,long_tighter_initial_stop_adjust,0,11246.0,11021.08,11226.0,224.92000000000007,20.0,0.020000000000000007,0.0017784101013693758,11226.0,11246.0,0.02,basic_min_distance,,,,,,,,,,,,,,,stage847_c9_15w_stage819_05r_stop_retry_live,2018-01,stage847_c9_15w_stage819_05r_stop_retry_live,150000.0,150000.0
2022-10-27,2022-10-27,au2212.SHFE,au.SHFE,long,long,RiskSizing,long_tighter_initial_stop_adjust,0,392.7,384.846,391.5,7.853999999999985,1.1999999999999886,0.019999999999999962,0.003055767761650086,391.5,392.7,0.02,basic_min_distance,,,,,,,,,,,,,,,stage847_c9_15w_stage819_05r_stop_retry_live,2018-01,stage847_c9_15w_stage819_05r_stop_retry_live,150000.0,150000.0
2022-10-27,2022-10-27,cu2212.SHFE,cu.SHFE,long,long,RiskSizing,long_tighter_initial_stop_adjust,0,63450.0,62181.0,63140.0,1269.0,310.0,0.02,0.004885736800630418,63140.0,63450.0,0.02,basic_min_distance,,,,,,,,,,,,,,,stage847_c9_15w_stage819_05r_stop_retry_live,2018-01,stage847_c9_15w_stage819_05r_stop_retry_live,150000.0,150000.0
2022-10-28 00:00:00+08:00,2022-10-28,cu2212.SHFE,cu.SHFE,long,Short,Close,stage827_intraday_c2_1r_stop,58,63140.0,,,,,,,,,,,,,,,,,,,,,,,,,stage847_c9_15w_stage819_05r_stop_retry_live,2018-01,stage847_c9_15w_stage819_05r_stop_retry_live,150000.0,150000.0
2022-11-07,2022-11-07,OI301.CZCE,OI.CZCE,long,long,RiskSizing,long_tighter_initial_stop_adjust,0,11580.0,11348.4,11477.0,231.60000000000036,103.0,0.02000000000000003,0.008894645941278066,11477.0,11580.0,0.02,basic_min_distance,,,,,,,,,,,,,,,stage847_c9_15w_stage819_05r_stop_retry_live,2018-01,stage847_c9_15w_stage819_05r_stop_retry_live,150000.0,150000.0
2022-11-08 00:00:00+08:00,2022-11-08,OI301.CZCE,OI.CZCE,long,Short,Close,long_risk_cluster_heat_deleverage,157,11635.0,,,,,,,,,,,,,,,,,,,,,,,,,stage847_c9_15w_stage819_05r_stop_retry_live,2018-01,stage847_c9_15w_stage819_05r_stop_retry_live,150000.0,150000.0
2022-11-10 00:00:00+08:00,2022-11-10,lh2301.DCE,lh.DCE,short,Long,Close,short_risk_cluster_heat_deleverage,54,21155.0,,,,,,,,,,,,,,,,,,,,,,,,,stage847_c9_15w_stage819_05r_stop_retry_live,2018-01,stage847_c9_15w_stage819_05r_stop_retry_live,150000.0,150000.0
2022-11-18,2022-11-18,SA301.CZCE,SA.CZCE,long,long,RiskSizing,long_tighter_initial_stop_adjust,0,2610.0,2557.7999999999997,2575.0,52.20000000000027,35.0,0.020000000000000104,0.013409961685823755,2575.0,2610.0,0.02,basic_min_distance,,,,,,,,,,,,,,,stage847_c9_15w_stage819_05r_stop_retry_live,2018-01,stage847_c9_15w_stage819_05r_stop_retry_live,150000.0,150000.0
2022-11-24,2022-11-24,sp2301.SHFE,sp.SHFE,long,long,RiskSizing,long_tighter_initial_stop_adjust,0,7136.0,6993.28,7066.0,142.72000000000025,70.0,0.020000000000000035,0.009809417040358745,7066.0,7136.0,0.02,basic_min_distance,,,,,,,,,,,,,,,stage847_c9_15w_stage819_05r_stop_retry_live,2018-01,stage847_c9_15w_stage819_05r_stop_retry_live,150000.0,150000.0
2022-11-28,2022-11-28,hc2301.SHFE,hc.SHFE,long,long,RiskSizing,long_tighter_initial_stop_adjust,0,3845.0,3768.1,3802.0,76.90000000000009,43.0,0.020000000000000025,0.01118335500650195,3802.0,3845.0,0.02,basic_min_distance,,,,,,,,,,,,,,,stage847_c9_15w_stage819_05r_stop_retry_live,2018-01,stage847_c9_15w_stage819_05r_stop_retry_live,150000.0,150000.0
2022-11-28 00:00:00+08:00,2022-11-28,lh2301.DCE,lh.DCE,short,Long,Close,short_prev2day_stop,59,20645.0,,,,,,,,,,,,,,,,,,,,,,,,,stage847_c9_15w_stage819_05r_stop_retry_live,2018-01,stage847_c9_15w_stage819_05r_stop_retry_live,150000.0,150000.0
2022-11-28 00:00:00+08:00,2022-11-28,sp2301.SHFE,sp.SHFE,long,Short,Close,long_prev2day_stop,364,6984.0,,,,,,,,,,,,,,,,,,,,,,,,,stage847_c9_15w_stage819_05r_stop_retry_live,2018-01,stage847_c9_15w_stage819_05r_stop_retry_live,150000.0,150000.0
2022-11-29,2022-11-29,SM301.CZCE,SM.CZCE,long,long,RiskSizing,long_tighter_initial_stop_adjust,0,7398.0,7250.04,7352.0,147.96000000000004,46.0,0.020000000000000004,0.006217896728845634,7352.0,7398.0,0.02,basic_min_distance,,,,,,,,,,,,,,,stage847_c9_15w_stage819_05r_stop_retry_live,2018-01,stage847_c9_15w_stage819_05r_stop_retry_live,150000.0,150000.0
2022-11-29,2022-11-29,jm2301.DCE,jm.DCE,long,long,RiskSizing,long_tighter_initial_stop_adjust,0,2246.0,2193.0,2201.08,53.0,44.92000000000007,0.023597506678539625,0.02000000000000003,2193.0,2246.0,0.02,day_low,,,,,,,,,,,,,,,stage847_c9_15w_stage819_05r_stop_retry_live,2018-01,stage847_c9_15w_stage819_05r_stop_retry_live,150000.0,150000.0
2022-12-01 00:00:00+08:00,2022-12-01,jm2301.DCE,jm.DCE,long,Short,Close,long_prev2day_stop,55,2172.0,,,,,,,,,,,,,,,,,,,,,,,,,stage847_c9_15w_stage819_05r_stop_retry_live,2018-01,stage847_c9_15w_stage819_05r_stop_retry_live,150000.0,150000.0
2022-12-05,2022-12-05,sp2301.SHFE,sp.SHFE,long,long,RiskSizing,long_tighter_initial_stop_adjust,0,7272.0,7126.5599999999995,7180.0,145.4400000000005,92.0,0.02000000000000007,0.012651265126512651,7180.0,7272.0,0.02,basic_min_distance,,,,,,,,,,,,,,,stage847_c9_15w_stage819_05r_stop_retry_live,2018-01,stage847_c9_15w_stage819_05r_stop_retry_live,150000.0,150000.0
2022-12-06,2022-12-06,CF305.CZCE,CF.CZCE,long,long,RiskSizing,long_tighter_initial_stop_adjust,0,13620.0,13347.6,13405.0,272.39999999999964,215.0,0.019999999999999973,0.0157856093979442,13405.0,13620.0,0.02,basic_min_distance,,,,,,,,,,,,,,,stage847_c9_15w_stage819_05r_stop_retry_live,2018-01,stage847_c9_15w_stage819_05r_stop_retry_live,150000.0,150000.0
2022-12-09,2022-12-09,cu2301.SHFE,cu.SHFE,long,long,RiskSizing,long_tighter_initial_stop_adjust,0,67120.0,65777.6,66350.0,1342.3999999999942,770.0,0.019999999999999914,0.011471990464839094,66350.0,67120.0,0.02,basic_min_distance,,,,,,,,,,,,,,,stage847_c9_15w_stage819_05r_stop_retry_live,2018-01,stage847_c9_15w_stage819_05r_stop_retry_live,150000.0,150000.0
2022-12-14 00:00:00+08:00,2022-12-14,lh2301.DCE,lh.DCE,short,Long,Close,rollover_close,23,17860.0,,,,,,,,,,,,,,,,,,,,,,,,,stage847_c9_15w_stage819_05r_stop_retry_live,2018-01,stage847_c9_15w_stage819_05r_stop_retry_live,150000.0,150000.0
2022-12-15 00:00:00+08:00,2022-12-15,lh2303.DCE,lh.DCE,short,Long,Close,short_base_stop,23,16640.0,,,,,,,,,,,,,,,,,,,,,,,,,stage847_c9_15w_stage819_05r_stop_retry_live,2018-01,stage847_c9_15w_stage819_05r_stop_retry_live,150000.0,150000.0
2022-12-22,2022-12-22,au2302.SHFE,au.SHFE,long,long,RiskSizing,long_tighter_initial_stop_adjust,0,409.86,401.6628,409.58,8.19720000000001,0.28000000000002956,0.02000000000000002,0.0006831601034500306,409.58,409.86,0.02,basic_min_distance,,,,,,,,,,,,,,,stage847_c9_15w_stage819_05r_stop_retry_live,2018-01,stage847_c9_15w_stage819_05r_stop_retry_live,150000.0,150000.0
2022-12-23 00:00:00+08:00,2022-12-23,au2302.SHFE,au.SHFE,long,Short,Close,long_base_stop,55,406.8,,,,,,,,,,,,,,,,,,,,,,,,,stage847_c9_15w_stage819_05r_stop_retry_live,2018-01,stage847_c9_15w_stage819_05r_stop_retry_live,150000.0,150000.0
2022-12-27,2022-12-27,CF305.CZCE,CF.CZCE,long,long,RiskSizing,long_tighter_initial_stop_adjust,0,14220.0,13935.6,13995.0,284.39999999999964,225.0,0.019999999999999976,0.015822784810126583,13995.0,14220.0,0.02,basic_min_distance,,,,,,,,,,,,,,,stage847_c9_15w_stage819_05r_stop_retry_live,2018-01,stage847_c9_15w_stage819_05r_stop_retry_live,150000.0,150000.0
2022-12-28,2022-12-28,FG305.CZCE,FG.CZCE,long,long,RiskSizing,long_tighter_initial_stop_adjust,0,1656.0,1617.0,1622.8799999999999,39.0,33.12000000000012,0.02355072463768116,0.02000000000000007,1617.0,1656.0,0.02,day_low,,,,,,,,,,,,,,,stage847_c9_15w_stage819_05r_stop_retry_live,2018-01,stage847_c9_15w_stage819_05r_stop_retry_live,150000.0,150000.0
2023-01-03,2023-01-03,MA305.CZCE,MA.CZCE,long,long,RiskSizing,long_tighter_initial_stop_adjust,0,2669.0,2615.62,2623.0,53.38000000000011,46.0,0.020000000000000042,0.017234919445485202,2623.0,2669.0,0.02,basic_min_distance,,,,,,,,,,,,,,,stage847_c9_15w_stage819_05r_stop_retry_live,2018-01,stage847_c9_15w_stage819_05r_stop_retry_live,150000.0,150000.0
2023-01-04,2023-01-04,SM305.CZCE,SM.CZCE,long,long,RiskSizing,long_tighter_initial_stop_adjust,0,7546.0,7395.08,7510.0,150.92000000000007,36.0,0.02000000000000001,0.004770739464617015,7510.0,7546.0,0.02,basic_min_distance,,,,,,,,,,,,,,,stage847_c9_15w_stage819_05r_stop_retry_live,2018-01,stage847_c9_15w_stage819_05r_stop_retry_live,150000.0,150000.0
2023-01-11,2023-01-11,cu2303.SHFE,cu.SHFE,long,long,RiskSizing,long_tighter_initial_stop_adjust,0,68000.0,66640.0,66700.0,1360.0,1300.0,0.02,0.01911764705882353,66700.0,68000.0,0.02,basic_min_distance,,,,,,,,,,,,,,,stage847_c9_15w_stage819_05r_stop_retry_live,2018-01,stage847_c9_15w_stage819_05r_stop_retry_live,150000.0,150000.0
2023-01-11,2023-01-11,rb2305.SHFE,rb.SHFE,long,long,RiskSizing,long_tighter_initial_stop_adjust,0,4161.0,4077.7799999999997,4101.0,83.22000000000025,60.0,0.020000000000000063,0.014419610670511895,4101.0,4161.0,0.02,basic_min_distance,,,,,,,,,,,,,,,stage847_c9_15w_stage819_05r_stop_retry_live,2018-01,stage847_c9_15w_stage819_05r_stop_retry_live,150000.0,150000.0
2023-01-12 00:00:00+08:00,2023-01-12,cu2303.SHFE,cu.SHFE,long,Short,Close,long_risk_cluster_heat_deleverage,52,68660.0,,,,,,,,,,,,,,,,,,,,,,,,,stage847_c9_15w_stage819_05r_stop_retry_live,2018-01,stage847_c9_15w_stage819_05r_stop_retry_live,150000.0,150000.0
2023-01-16 00:00:00+08:00,2023-01-16,rb2305.SHFE,rb.SHFE,long,Short,Close,long_base_stop,475,4093.0,,,,,,,,,,,,,,,,,,,,,,,,,stage847_c9_15w_stage819_05r_stop_retry_live,2018-01,stage847_c9_15w_stage819_05r_stop_retry_live,150000.0,150000.0
2023-01-17,2023-01-17,MA305.CZCE,MA.CZCE,long,long,RiskSizing,long_tighter_initial_stop_adjust,0,2680.0,2613.0,2626.4,67.0,53.59999999999991,0.025,0.019999999999999966,2613.0,2680.0,0.02,day_low,,,,,,,,,,,,,,,stage847_c9_15w_stage819_05r_stop_retry_live,2018-01,stage847_c9_15w_stage819_05r_stop_retry_live,150000.0,150000.0
2023-01-19,2023-01-19,CF305.CZCE,CF.CZCE,long,long,RiskSizing,long_tighter_initial_stop_adjust,0,14810.0,14513.8,14675.0,296.2000000000007,135.0,0.02000000000000005,0.00911546252532073,14675.0,14810.0,0.02,basic_min_distance,,,,,,,,,,,,,,,stage847_c9_15w_stage819_05r_stop_retry_live,2018-01,stage847_c9_15w_stage819_05r_stop_retry_live,150000.0,150000.0
2023-01-30,2023-01-30,fu2305.SHFE,fu.SHFE,long,long,RiskSizing,long_tighter_initial_stop_adjust,0,2756.0,2700.88,2720.0,55.11999999999989,36.0,0.01999999999999996,0.013062409288824383,2720.0,2756.0,0.02,basic_min_distance,,,,,,,,,,,,,,,stage847_c9_15w_stage819_05r_stop_retry_live,2018-01,stage847_c9_15w_stage819_05r_stop_retry_live,150000.0,150000.0
2023-02-02 00:00:00+08:00,2023-02-02,fu2305.SHFE,fu.SHFE,long,Short,Close,long_prev2day_stop,382,2606.0,,,,,,,,,,,,,,,,,,,,,,,,,stage847_c9_15w_stage819_05r_stop_retry_live,2018-01,stage847_c9_15w_stage819_05r_stop_retry_live,150000.0,150000.0
2023-02-13,2023-02-13,fu2305.SHFE,fu.SHFE,long,long,RiskSizing,long_tighter_initial_stop_adjust,0,2782.0,2726.36,2772.0,55.63999999999987,10.0,0.019999999999999955,0.0035945363048166786,2772.0,2782.0,0.02,basic_min_distance,,,,,,,,,,,,,,,stage847_c9_15w_stage819_05r_stop_retry_live,2018-01,stage847_c9_15w_stage819_05r_stop_retry_live,150000.0,150000.0
2023-02-14 00:00:00+08:00,2023-02-14,fu2305.SHFE,fu.SHFE,long,Short,Close,long_risk_cluster_heat_deleverage,466,2811.0,,,,,,,,,,,,,,,,,,,,,,,,,stage847_c9_15w_stage819_05r_stop_retry_live,2018-01,stage847_c9_15w_stage819_05r_stop_retry_live,150000.0,150000.0
2023-02-16,2023-02-16,fu2305.SHFE,fu.SHFE,long,long,RiskSizing,long_tighter_initial_stop_adjust,0,2906.0,2821.0,2847.88,85.0,58.11999999999989,0.029249827942188576,0.019999999999999962,2821.0,2906.0,0.02,day_low,,,,,,,,,,,,,,,stage847_c9_15w_stage819_05r_stop_retry_live,2018-01,stage847_c9_15w_stage819_05r_stop_retry_live,150000.0,150000.0
2023-02-17 00:00:00+08:00,2023-02-17,fu2305.SHFE,fu.SHFE,long,Short,Close,long_risk_cluster_heat_deleverage,444,2908.0,,,,,,,,,,,,,,,,,,,,,,,,,stage847_c9_15w_stage819_05r_stop_retry_live,2018-01,stage847_c9_15w_stage819_05r_stop_retry_live,150000.0,150000.0
2023-02-20,2023-02-20,hc2305.SHFE,hc.SHFE,long,long,RiskSizing,long_tighter_initial_stop_adjust,0,4264.0,4178.72,4213.0,85.27999999999975,51.0,0.01999999999999994,0.011960600375234522,4213.0,4264.0,0.02,basic_min_distance,,,,,,,,,,,,,,,stage847_c9_15w_stage819_05r_stop_retry_live,2018-01,stage847_c9_15w_stage819_05r_stop_retry_live,150000.0,150000.0
2023-02-22,2023-02-22,rb2305.SHFE,rb.SHFE,long,long,RiskSizing,long_tighter_initial_stop_adjust,0,4237.0,4152.26,4225.0,84.73999999999978,12.0,0.01999999999999995,0.0028321925890960587,4225.0,4237.0,0.02,basic_min_distance,,,,,,,,,,,,,,,stage847_c9_15w_stage819_05r_stop_retry_live,2018-01,stage847_c9_15w_stage819_05r_stop_retry_live,150000.0,150000.0
2023-02-23,2023-02-23,jm2305.DCE,jm.DCE,long,long,RiskSizing,long_tighter_initial_stop_adjust,0,2020.5,1980.09,2013.0,40.41000000000008,7.5,0.020000000000000042,0.003711952487008166,2013.0,2020.5,0.02,basic_min_distance,,,,,,,,,,,,,,,stage847_c9_15w_stage819_05r_stop_retry_live,2018-01,stage847_c9_15w_stage819_05r_stop_retry_live,150000.0,150000.0
2023-02-23 00:00:00+08:00,2023-02-23,rb2305.SHFE,rb.SHFE,long,Short,Close,long_risk_cluster_heat_deleverage,454,4228.0,,,,,,,,,,,,,,,,,,,,,,,,,stage847_c9_15w_stage819_05r_stop_retry_live,2018-01,stage847_c9_15w_stage819_05r_stop_retry_live,150000.0,150000.0
2023-02-28 00:00:00+08:00,2023-02-28,jm2305.DCE,jm.DCE,long,Short,Close,long_prev2day_stop,44,2013.5,,,,,,,,,,,,,,,,,,,,,,,,,stage847_c9_15w_stage819_05r_stop_retry_live,2018-01,stage847_c9_15w_stage819_05r_stop_retry_live,150000.0,150000.0
2023-03-07,2023-03-07,rb2305.SHFE,rb.SHFE,long,long,RiskSizing,long_tighter_initial_stop_adjust,0,4248.0,4163.04,4199.0,84.96000000000004,49.0,0.020000000000000007,0.011534839924670434,4199.0,4248.0,0.02,basic_min_distance,,,,,,,,,,,,,,,stage847_c9_15w_stage819_05r_stop_retry_live,2018-01,stage847_c9_15w_stage819_05r_stop_retry_live,150000.0,150000.0
2023-03-16 00:00:00+08:00,2023-03-16,rb2305.SHFE,rb.SHFE,long,Short,Close,long_prev2day_stop,298,4205.0,,,,,,,,,,,,,,,,,,,,,,,,,stage847_c9_15w_stage819_05r_stop_retry_live,2018-01,stage847_c9_15w_stage819_05r_stop_retry_live,150000.0,150000.0
2023-03-17,2023-03-17,au2306.SHFE,au.SHFE,long,long,RiskSizing,long_tighter_initial_stop_adjust,0,432.44,423.7912,429.5,8.648799999999994,2.9399999999999977,0.019999999999999987,0.006798631023957075,429.5,432.44,0.02,basic_min_distance,,,,,,,,,,,,,,,stage847_c9_15w_stage819_05r_stop_retry_live,2018-01,stage847_c9_15w_stage819_05r_stop_retry_live,150000.0,150000.0
2023-04-06,2023-04-06,au2306.SHFE,au.SHFE,long,long,RiskSizing,long_tighter_initial_stop_adjust,0,447.18,438.2364,446.12,8.943600000000004,1.0600000000000023,0.020000000000000007,0.0023704101256764665,446.12,447.18,0.02,basic_min_distance,,,,,,,,,,,,,,,stage847_c9_15w_stage819_05r_stop_retry_live,2018-01,stage847_c9_15w_stage819_05r_stop_retry_live,150000.0,150000.0
2023-04-17,2023-04-17,fu2309.SHFE,fu.SHFE,long,long,RiskSizing,long_tighter_initial_stop_adjust,0,3162.0,3098.7599999999998,3131.0,63.24000000000024,31.0,0.020000000000000073,0.00980392156862745,3131.0,3162.0,0.02,basic_min_distance,,,,,,,,,,,,,,,stage847_c9_15w_stage819_05r_stop_retry_live,2018-01,stage847_c9_15w_stage819_05r_stop_retry_live,150000.0,150000.0
2023-04-18 00:00:00+08:00,2023-04-18,fu2309.SHFE,fu.SHFE,long,Short,Close,long_risk_cluster_heat_deleverage,380,3161.0,,,,,,,,,,,,,,,,,,,,,,,,,stage847_c9_15w_stage819_05r_stop_retry_live,2018-01,stage847_c9_15w_stage819_05r_stop_retry_live,150000.0,150000.0
2023-04-27 00:00:00+08:00,2023-04-27,SM306.CZCE,SM.CZCE,short,Long,Close,short_prev2day_stop,336,7104.0,,,,,,,,,,,,,,,,,,,,,,,,,stage847_c9_15w_stage819_05r_stop_retry_live,2018-01,stage847_c9_15w_stage819_05r_stop_retry_live,150000.0,150000.0
2023-05-05,2023-05-05,au2308.SHFE,au.SHFE,long,long,RiskSizing,long_tighter_initial_stop_adjust,0,457.92,448.7616,455.14,9.158400000000029,2.7800000000000296,0.020000000000000063,0.0060709294199860885,455.14,457.92,0.02,basic_min_distance,,,,,,,,,,,,,,,stage847_c9_15w_stage819_05r_stop_retry_live,2018-01,stage847_c9_15w_stage819_05r_stop_retry_live,150000.0,150000.0
2023-05-19,2023-05-19,CF309.CZCE,CF.CZCE,long,long,RiskSizing,long_tighter_initial_stop_adjust,0,15995.0,15675.1,15690.0,319.89999999999964,305.0,0.019999999999999976,0.019068458893404187,15690.0,15995.0,0.02,basic_min_distance,,,,,,,,,,,,,,,stage847_c9_15w_stage819_05r_stop_retry_live,2018-01,stage847_c9_15w_stage819_05r_stop_retry_live,150000.0,150000.0
2023-05-22,2023-05-22,CF309.CZCE,CF.CZCE,long,long,RiskSizing,long_tighter_initial_stop_adjust,0,16125.0,15802.5,15965.0,322.5,160.0,0.02,0.00992248062015504,15965.0,16125.0,0.02,basic_min_distance,,,,,,,,,,,,,,,stage847_c9_15w_stage819_05r_stop_retry_live,2018-01,stage847_c9_15w_stage819_05r_stop_retry_live,150000.0,150000.0
2023-05-26 00:00:00+08:00,2023-05-26,cu2307.SHFE,cu.SHFE,short,Long,Close,short_base_stop,45,64630.0,,,,,,,,,,,,,,,,,,,,,,,,,stage847_c9_15w_stage819_05r_stop_retry_live,2018-01,stage847_c9_15w_stage819_05r_stop_retry_live,150000.0,150000.0
2023-06-01,2023-06-01,AP310.CZCE,AP.CZCE,long,long,RiskSizing,long_tighter_initial_stop_adjust,0,8678.0,8462.0,8504.44,216.0,173.5599999999995,0.024890527771375893,0.01999999999999994,8462.0,8678.0,0.02,day_low,,,,,,,,,,,,,,,stage847_c9_15w_stage819_05r_stop_retry_live,2018-01,stage847_c9_15w_stage819_05r_stop_retry_live,150000.0,150000.0
2023-06-02,2023-06-02,CF309.CZCE,CF.CZCE,long,long,RiskSizing,long_tighter_initial_stop_adjust,0,16340.0,16013.199999999999,16150.0,326.8000000000011,190.0,0.020000000000000066,0.011627906976744186,16150.0,16340.0,0.02,basic_min_distance,,,,,,,,,,,,,,,stage847_c9_15w_stage819_05r_stop_retry_live,2018-01,stage847_c9_15w_stage819_05r_stop_retry_live,150000.0,150000.0
2023-06-05 00:00:00+08:00,2023-06-05,CF309.CZCE,CF.CZCE,long,Short,Close,long_risk_cluster_heat_deleverage,167,16760.0,,,,,,,,,,,,,,,,,,,,,,,,,stage847_c9_15w_stage819_05r_stop_retry_live,2018-01,stage847_c9_15w_stage819_05r_stop_retry_live,150000.0,150000.0
2023-06-19,2023-06-19,fu2309.SHFE,fu.SHFE,long,long,RiskSizing,long_tighter_initial_stop_adjust,0,3044.0,2983.12,3010.0,60.88000000000011,34.0,0.020000000000000035,0.011169513797634692,3010.0,3044.0,0.02,basic_min_distance,,,,,,,,,,,,,,,stage847_c9_15w_stage819_05r_stop_retry_live,2018-01,stage847_c9_15w_stage819_05r_stop_retry_live,150000.0,150000.0
2023-06-20,2023-06-20,cu2307.SHFE,cu.SHFE,long,long,RiskSizing,long_tighter_initial_stop_adjust,0,68570.0,67198.6,68350.0,1371.3999999999942,220.0,0.019999999999999914,0.003208400175003646,68350.0,68570.0,0.02,basic_min_distance,,,,,,,,,,,,,,,stage847_c9_15w_stage819_05r_stop_retry_live,2018-01,stage847_c9_15w_stage819_05r_stop_retry_live,150000.0,150000.0
2023-06-21 00:00:00+08:00,2023-06-21,cu2307.SHFE,cu.SHFE,long,Short,Close,long_risk_cluster_heat_deleverage,43,68930.0,,,,,,,,,,,,,,,,,,,,,,,,,stage847_c9_15w_stage819_05r_stop_retry_live,2018-01,stage847_c9_15w_stage819_05r_stop_retry_live,150000.0,150000.0
2023-06-27,2023-06-27,OI309.CZCE,OI.CZCE,long,long,RiskSizing,long_tighter_initial_stop_adjust,0,8583.0,8411.34,8575.0,171.65999999999985,8.0,0.019999999999999983,0.0009320750320400792,8575.0,8583.0,0.02,basic_min_distance,,,,,,,,,,,,,,,stage847_c9_15w_stage819_05r_stop_retry_live,2018-01,stage847_c9_15w_stage819_05r_stop_retry_live,150000.0,150000.0
2023-06-28 00:00:00+08:00,2023-06-28,fu2309.SHFE,fu.SHFE,long,Short,Close,long_prev2day_stop,341,3015.0,,,,,,,,,,,,,,,,,,,,,,,,,stage847_c9_15w_stage819_05r_stop_retry_live,2018-01,stage847_c9_15w_stage819_05r_stop_retry_live,150000.0,150000.0
2023-07-03,2023-07-03,rb2310.SHFE,rb.SHFE,long,long,RiskSizing,long_tighter_initial_stop_adjust,0,3767.0,3691.66,3704.0,75.34000000000015,63.0,0.02000000000000004,0.016724183700557473,3704.0,3767.0,0.02,basic_min_distance,,,,,,,,,,,,,,,stage847_c9_15w_stage819_05r_stop_retry_live,2018-01,stage847_c9_15w_stage819_05r_stop_retry_live,150000.0,150000.0
2023-07-04,2023-07-04,fu2309.SHFE,fu.SHFE,long,long,RiskSizing,long_tighter_initial_stop_adjust,0,3112.0,3049.7599999999998,3080.0,62.24000000000024,32.0,0.020000000000000077,0.010282776349614395,3080.0,3112.0,0.02,basic_min_distance,,,,,,,,,,,,,,,stage847_c9_15w_stage819_05r_stop_retry_live,2018-01,stage847_c9_15w_stage819_05r_stop_retry_live,150000.0,150000.0
2023-07-04,2023-07-04,hc2310.SHFE,hc.SHFE,long,long,RiskSizing,long_tighter_initial_stop_adjust,0,3866.0,3788.68,3850.0,77.32000000000016,16.0,0.020000000000000042,0.004138644593895499,3850.0,3866.0,0.02,basic_min_distance,,,,,,,,,,,,,,,stage847_c9_15w_stage819_05r_stop_retry_live,2018-01,stage847_c9_15w_stage819_05r_stop_retry_live,150000.0,150000.0
2023-07-05 00:00:00+08:00,2023-07-05,fu2309.SHFE,fu.SHFE,long,Short,Close,long_risk_cluster_heat_deleverage,359,3149.0,,,,,,,,,,,,,,,,,,,,,,,,,stage847_c9_15w_stage819_05r_stop_retry_live,2018-01,stage847_c9_15w_stage819_05r_stop_retry_live,150000.0,150000.0
2023-07-05 00:00:00+08:00,2023-07-05,hc2310.SHFE,hc.SHFE,long,Short,Close,long_risk_cluster_heat_deleverage,438,3851.0,,,,,,,,,,,,,,,,,,,,,,,,,stage847_c9_15w_stage819_05r_stop_retry_live,2018-01,stage847_c9_15w_stage819_05r_stop_retry_live,150000.0,150000.0
2023-07-07,2023-07-07,ru2309.SHFE,ru.SHFE,long,long,RiskSizing,long_tighter_initial_stop_adjust,0,12460.0,12210.8,12405.0,249.20000000000073,55.0,0.02000000000000006,0.004414125200642055,12405.0,12460.0,0.02,basic_min_distance,,,,,,,,,,,,,,,stage847_c9_15w_stage819_05r_stop_retry_live,2018-01,stage847_c9_15w_stage819_05r_stop_retry_live,150000.0,150000.0
2023-07-07,2023-07-07,sp2309.SHFE,sp.SHFE,long,long,RiskSizing,long_tighter_initial_stop_adjust,0,5290.0,5184.2,5262.0,105.80000000000018,28.0,0.020000000000000035,0.005293005671077505,5262.0,5290.0,0.02,basic_min_distance,,,,,,,,,,,,,,,stage847_c9_15w_stage819_05r_stop_retry_live,2018-01,stage847_c9_15w_stage819_05r_stop_retry_live,150000.0,150000.0
2023-07-11,2023-07-11,CF309.CZCE,CF.CZCE,long,long,RiskSizing,long_tighter_initial_stop_adjust,0,17100.0,16555.0,16758.0,545.0,342.0,0.031871345029239766,0.02,16555.0,17100.0,0.02,day_low,,,,,,,,,,,,,,,stage847_c9_15w_stage819_05r_stop_retry_live,2018-01,stage847_c9_15w_stage819_05r_stop_retry_live,150000.0,150000.0
2023-07-11,2023-07-11,MA309.CZCE,MA.CZCE,long,long,RiskSizing,long_tighter_initial_stop_adjust,0,2240.0,2186.0,2195.2,54.0,44.80000000000018,0.024107142857142858,0.02000000000000008,2186.0,2240.0,0.02,day_low,,,,,,,,,,,,,,,stage847_c9_15w_stage819_05r_stop_retry_live,2018-01,stage847_c9_15w_stage819_05r_stop_retry_live,150000.0,150000.0
2023-07-11,2023-07-11,SA309.CZCE,SA.CZCE,long,long,RiskSizing,long_tighter_initial_stop_adjust,0,1794.0,1725.0,1758.12,69.0,35.88000000000011,0.038461538461538464,0.02000000000000006,1725.0,1794.0,0.02,day_low,,,,,,,,,,,,,,,stage847_c9_15w_stage819_05r_stop_retry_live,2018-01,stage847_c9_15w_stage819_05r_stop_retry_live,150000.0,150000.0
2023-07-12,2023-07-12,si2309.GFEX,si.GFEX,long,long,RiskSizing,long_tighter_initial_stop_adjust,0,13950.0,13380.0,13671.0,570.0,279.0,0.04086021505376344,0.02,13380.0,13950.0,0.02,day_low,,,,,,,,,,,,,,,stage847_c9_15w_stage819_05r_stop_retry_live,2018-01,stage847_c9_15w_stage819_05r_stop_retry_live,150000.0,150000.0
2023-07-13,2023-07-13,au2310.SHFE,au.SHFE,long,long,RiskSizing,long_tighter_initial_stop_adjust,0,456.32,447.1936,452.4,9.12639999999999,3.920000000000016,0.019999999999999976,0.008590462833099614,452.4,456.32,0.02,basic_min_distance,,,,,,,,,,,,,,,stage847_c9_15w_stage819_05r_stop_retry_live,2018-01,stage847_c9_15w_stage819_05r_stop_retry_live,150000.0,150000.0
2023-07-14,2023-07-14,jm2309.DCE,jm.DCE,long,long,RiskSizing,long_tighter_initial_stop_adjust,0,1425.5,1390.5,1396.99,35.0,28.50999999999999,0.024552788495264818,0.019999999999999993,1390.5,1425.5,0.02,day_low,,,,,,,,,,,,,,,stage847_c9_15w_stage819_05r_stop_retry_live,2018-01,stage847_c9_15w_stage819_05r_stop_retry_live,150000.0,150000.0
2023-07-17 00:00:00+08:00,2023-07-17,CF309.CZCE,CF.CZCE,long,Short,Close,long_prev2day_stop,61,16905.0,,,,,,,,,,,,,,,,,,,,,,,,,stage847_c9_15w_stage819_05r_stop_retry_live,2018-01,stage847_c9_15w_stage819_05r_stop_retry_live,150000.0,150000.0
2023-07-17 00:00:00+08:00,2023-07-17,SA309.CZCE,SA.CZCE,long,Short,Close,long_base_stop,304,1810.0,,,,,,,,,,,,,,,,,,,,,,,,,stage847_c9_15w_stage819_05r_stop_retry_live,2018-01,stage847_c9_15w_stage819_05r_stop_retry_live,150000.0,150000.0
2023-07-18,2023-07-18,SM309.CZCE,SM.CZCE,long,long,RiskSizing,long_tighter_initial_stop_adjust,0,6648.0,6515.04,6606.0,132.96000000000004,42.0,0.020000000000000004,0.00631768953068592,6606.0,6648.0,0.02,basic_min_distance,,,,,,,,,,,,,,,stage847_c9_15w_stage819_05r_stop_retry_live,2018-01,stage847_c9_15w_stage819_05r_stop_retry_live,150000.0,150000.0
2023-07-19 00:00:00+08:00,2023-07-19,SM309.CZCE,SM.CZCE,long,Short,Close,rollover_close,418,6728.0,,,,,,,,,,,,,,,,,,,,,,,,,stage847_c9_15w_stage819_05r_stop_retry_live,2018-01,stage847_c9_15w_stage819_05r_stop_retry_live,150000.0,150000.0
2023-07-19,2023-07-19,SM310.CZCE,SM.CZCE,long,long,RiskSizing,long_tighter_initial_stop_adjust,0,6680.0,6546.4,6590.0,133.60000000000036,90.0,0.020000000000000056,0.01347305389221557,6590.0,6680.0,0.02,basic_min_distance,,,,,,,,,,,,,,,stage847_c9_15w_stage819_05r_stop_retry_live,2018-01,stage847_c9_15w_stage819_05r_stop_retry_live,150000.0,150000.0
2023-07-20 00:00:00+08:00,2023-07-20,SM310.CZCE,SM.CZCE,long,Short,Close,long_risk_cluster_heat_deleverage,418,6702.0,,,,,,,,,,,,,,,,,,,,,,,,,stage847_c9_15w_stage819_05r_stop_retry_live,2018-01,stage847_c9_15w_stage819_05r_stop_retry_live,150000.0,150000.0
2023-07-21,2023-07-21,hc2310.SHFE,hc.SHFE,long,long,RiskSizing,long_tighter_initial_stop_adjust,0,3933.0,3854.34,3865.0,78.65999999999985,68.0,0.019999999999999962,0.017289600813628275,3865.0,3933.0,0.02,basic_min_distance,,,,,,,,,,,,,,,stage847_c9_15w_stage819_05r_stop_retry_live,2018-01,stage847_c9_15w_stage819_05r_stop_retry_live,150000.0,150000.0
2023-07-21,2023-07-21,rb2310.SHFE,rb.SHFE,long,long,RiskSizing,long_tighter_initial_stop_adjust,0,3823.0,3746.54,3750.0,76.46000000000004,73.0,0.02000000000000001,0.01909495160868428,3750.0,3823.0,0.02,basic_min_distance,,,,,,,,,,,,,,,stage847_c9_15w_stage819_05r_stop_retry_live,2018-01,stage847_c9_15w_stage819_05r_stop_retry_live,150000.0,150000.0
2023-07-24,2023-07-24,fu2309.SHFE,fu.SHFE,long,long,RiskSizing,long_tighter_initial_stop_adjust,0,3289.0,3223.22,3255.0,65.7800000000002,34.0,0.02000000000000006,0.010337488598358164,3255.0,3289.0,0.02,basic_min_distance,,,,,,,,,,,,,,,stage847_c9_15w_stage819_05r_stop_retry_live,2018-01,stage847_c9_15w_stage819_05r_stop_retry_live,150000.0,150000.0
2023-07-25 00:00:00+08:00,2023-07-25,fu2309.SHFE,fu.SHFE,long,Short,Close,long_risk_cluster_heat_deleverage,348,3346.0,,,,,,,,,,,,,,,,,,,,,,,,,stage847_c9_15w_stage819_05r_stop_retry_live,2018-01,stage847_c9_15w_stage819_05r_stop_retry_live,150000.0,150000.0
2023-07-26,2023-07-26,cu2309.SHFE,cu.SHFE,long,long,RiskSizing,long_tighter_initial_stop_adjust,0,69120.0,67737.6,68940.0,1382.3999999999942,180.0,0.019999999999999917,0.0026041666666666665,68940.0,69120.0,0.02,basic_min_distance,,,,,,,,,,,,,,,stage847_c9_15w_stage819_05r_stop_retry_live,2018-01,stage847_c9_15w_stage819_05r_stop_retry_live,150000.0,150000.0
2023-07-27,2023-07-27,AP310.CZCE,AP.CZCE,long,long,RiskSizing,long_tighter_initial_stop_adjust,0,8767.0,8591.66,8633.0,175.34000000000015,134.0,0.020000000000000018,0.015284589939546026,8633.0,8767.0,0.02,basic_min_distance,,,,,,,,,,,,,,,stage847_c9_15w_stage819_05r_stop_retry_live,2018-01,stage847_c9_15w_stage819_05r_stop_retry_live,150000.0,150000.0
2023-07-27 00:00:00+08:00,2023-07-27,cu2309.SHFE,cu.SHFE,long,Short,Close,long_risk_cluster_heat_deleverage,45,69000.0,,,,,,,,,,,,,,,,,,,,,,,,,stage847_c9_15w_stage819_05r_stop_retry_live,2018-01,stage847_c9_15w_stage819_05r_stop_retry_live,150000.0,150000.0
2023-07-31,2023-07-31,FG309.CZCE,FG.CZCE,long,long,RiskSizing,long_tighter_initial_stop_adjust,0,1718.0,1656.0,1683.6399999999999,62.0,34.36000000000013,0.03608847497089639,0.020000000000000073,1656.0,1718.0,0.02,day_low,,,,,,,,,,,,,,,stage847_c9_15w_stage819_05r_stop_retry_live,2018-01,stage847_c9_15w_stage819_05r_stop_retry_live,150000.0,150000.0
2023-07-31,2023-07-31,sp2309.SHFE,sp.SHFE,long,long,RiskSizing,long_tighter_initial_stop_adjust,0,5496.0,5386.08,5450.0,109.92000000000007,46.0,0.020000000000000014,0.008369723435225618,5450.0,5496.0,0.02,basic_min_distance,,,,,,,,,,,,,,,stage847_c9_15w_stage819_05r_stop_retry_live,2018-01,stage847_c9_15w_stage819_05r_stop_retry_live,150000.0,150000.0
2023-08-02 00:00:00+08:00,2023-08-02,hc2310.SHFE,hc.SHFE,long,Short,Close,long_prev2day_stop,400,4030.0,,,,,,,,,,,,,,,,,,,,,,,,,stage847_c9_15w_stage819_05r_stop_retry_live,2018-01,stage847_c9_15w_stage819_05r_stop_retry_live,150000.0,150000.0
2023-08-10 00:00:00+08:00,2023-08-10,FG309.CZCE,FG.CZCE,long,Short,Close,long_prev2day_stop,228,1794.0,,,,,,,,,,,,,,,,,,,,,,,,,stage847_c9_15w_stage819_05r_stop_retry_live,2018-01,stage847_c9_15w_stage819_05r_stop_retry_live,150000.0,150000.0
2023-08-21,2023-08-21,SA401.CZCE,SA.CZCE,long,long,RiskSizing,long_tighter_initial_stop_adjust,0,1838.0,1671.0,1801.24,167.0,36.75999999999999,0.09085963003264418,0.019999999999999993,1671.0,1838.0,0.02,day_low,,,,,,,,,,,,,,,stage847_c9_15w_stage819_05r_stop_retry_live,2018-01,stage847_c9_15w_stage819_05r_stop_retry_live,150000.0,150000.0
2023-08-21,2023-08-21,fu2310.SHFE,fu.SHFE,long,long,RiskSizing,long_tighter_initial_stop_adjust,0,3735.0,3555.0,3660.2999999999997,180.0,74.70000000000027,0.04819277108433735,0.020000000000000073,3555.0,3735.0,0.02,day_low,,,,,,,,,,,,,,,stage847_c9_15w_stage819_05r_stop_retry_live,2018-01,stage847_c9_15w_stage819_05r_stop_retry_live,150000.0,150000.0
2023-08-22,2023-08-22,MA401.CZCE,MA.CZCE,long,long,RiskSizing,long_tighter_initial_stop_adjust,0,2512.0,2461.7599999999998,2489.0,50.24000000000024,23.0,0.020000000000000094,0.009156050955414012,2489.0,2512.0,0.02,basic_min_distance,,,,,,,,,,,,,,,stage847_c9_15w_stage819_05r_stop_retry_live,2018-01,stage847_c9_15w_stage819_05r_stop_retry_live,150000.0,150000.0
2023-08-22,2023-08-22,jm2401.DCE,jm.DCE,long,long,RiskSizing,long_tighter_initial_stop_adjust,0,1490.0,1423.5,1460.2,66.5,29.799999999999955,0.04463087248322148,0.01999999999999997,1423.5,1490.0,0.02,day_low,,,,,,,,,,,,,,,stage847_c9_15w_stage819_05r_stop_retry_live,2018-01,stage847_c9_15w_stage819_05r_stop_retry_live,150000.0,150000.0
2023-08-23,2023-08-23,AP310.CZCE,AP.CZCE,long,long,RiskSizing,long_tighter_initial_stop_adjust,0,8926.0,8747.48,8890.0,178.52000000000044,36.0,0.02000000000000005,0.004033161550526552,8890.0,8926.0,0.02,basic_min_distance,,,,,,,,,,,,,,,stage847_c9_15w_stage819_05r_stop_retry_live,2018-01,stage847_c9_15w_stage819_05r_stop_retry_live,150000.0,150000.0
2023-08-23,2023-08-23,si2310.GFEX,si.GFEX,long,long,RiskSizing,long_tighter_initial_stop_adjust,0,13665.0,13391.699999999999,13655.0,273.3000000000011,10.0,0.02000000000000008,0.0007317965605561653,13655.0,13665.0,0.02,basic_min_distance,,,,,,,,,,,,,,,stage847_c9_15w_stage819_05r_stop_retry_live,2018-01,stage847_c9_15w_stage819_05r_stop_retry_live,150000.0,150000.0
2023-08-23 00:00:00+08:00,2023-08-23,fu2310.SHFE,fu.SHFE,long,Short,Close,long_base_stop,213,3648.0,,,,,,,,,,,,,,,,,,,,,,,,,stage847_c9_15w_stage819_05r_stop_retry_live,2018-01,stage847_c9_15w_stage819_05r_stop_retry_live,150000.0,150000.0
2023-08-24,2023-08-24,au2310.SHFE,au.SHFE,long,long,RiskSizing,long_tighter_initial_stop_adjust,0,460.04,450.8392,457.94,9.200800000000015,2.1000000000000227,0.02000000000000003,0.004564820450395667,457.94,460.04,0.02,basic_min_distance,,,,,,,,,,,,,,,stage847_c9_15w_stage819_05r_stop_retry_live,2018-01,stage847_c9_15w_stage819_05r_stop_retry_live,150000.0,150000.0
2023-08-24 00:00:00+08:00,2023-08-24,au2310.SHFE,au.SHFE,long,long,RiskSizing,broker10_margin_cap_reduce,21,460.04,,,,,,,,,,,au2310.SHFE,long_case2,flat_entry,44.0,23.0,21.0,8172916.1000000015,3879124.2,46004.0,1.65,1.0,23.0,1.1917955856661735,0.9967564367875987,stage847_c9_15w_stage819_05r_stop_retry_live,2018-01,stage847_c9_15w_stage819_05r_stop_retry_live,150000.0,150000.0
2023-08-24 00:00:00+08:00,2023-08-24,AP310.CZCE,AP.CZCE,long,Short,Close,long_risk_cluster_heat_deleverage,183,8927.0,,,,,,,,,,,,,,,,,,,,,,,,,stage847_c9_15w_stage819_05r_stop_retry_live,2018-01,stage847_c9_15w_stage819_05r_stop_retry_live,150000.0,150000.0
2023-08-24 00:00:00+08:00,2023-08-24,si2310.GFEX,si.GFEX,long,Short,Close,long_risk_cluster_heat_deleverage,233,13725.0,,,,,,,,,,,,,,,,,,,,,,,,,stage847_c9_15w_stage819_05r_stop_retry_live,2018-01,stage847_c9_15w_stage819_05r_stop_retry_live,150000.0,150000.0
2023-08-30,2023-08-30,CF401.CZCE,CF.CZCE,long,long,RiskSizing,long_tighter_initial_stop_adjust,0,17610.0,17257.8,17485.0,352.2000000000007,125.0,0.020000000000000042,0.007098239636570131,17485.0,17610.0,0.02,basic_min_distance,,,,,,,,,,,,,,,stage847_c9_15w_stage819_05r_stop_retry_live,2018-01,stage847_c9_15w_stage819_05r_stop_retry_live,150000.0,150000.0
2023-08-30,2023-08-30,FG401.CZCE,FG.CZCE,long,long,RiskSizing,long_tighter_initial_stop_adjust,0,1716.0,1585.0,1681.68,131.0,34.319999999999936,0.07634032634032634,0.019999999999999962,1585.0,1716.0,0.02,day_low,,,,,,,,,,,,,,,stage847_c9_15w_stage819_05r_stop_retry_live,2018-01,stage847_c9_15w_stage819_05r_stop_retry_live,150000.0,150000.0
2023-08-30,2023-08-30,cu2310.SHFE,cu.SHFE,long,long,RiskSizing,long_tighter_initial_stop_adjust,0,69380.0,67992.4,68980.0,1387.6000000000058,400.0,0.020000000000000084,0.005765350245027385,68980.0,69380.0,0.02,basic_min_distance,,,,,,,,,,,,,,,stage847_c9_15w_stage819_05r_stop_retry_live,2018-01,stage847_c9_15w_stage819_05r_stop_retry_live,150000.0,150000.0
2023-08-31,2023-08-31,sp2401.SHFE,sp.SHFE,long,long,RiskSizing,long_tighter_initial_stop_adjust,0,5610.0,5497.8,5580.0,112.19999999999982,30.0,0.01999999999999997,0.0053475935828877,5580.0,5610.0,0.02,basic_min_distance,,,,,,,,,,,,,,,stage847_c9_15w_stage819_05r_stop_retry_live,2018-01,stage847_c9_15w_stage819_05r_stop_retry_live,150000.0,150000.0
2023-09-04,2023-09-04,SM311.CZCE,SM.CZCE,long,long,RiskSizing,long_tighter_initial_stop_adjust,0,7002.0,6861.96,6980.0,140.03999999999996,22.0,0.019999999999999993,0.003141959440159954,6980.0,7002.0,0.02,basic_min_distance,,,,,,,,,,,,,,,stage847_c9_15w_stage819_05r_stop_retry_live,2018-01,stage847_c9_15w_stage819_05r_stop_retry_live,150000.0,150000.0
2023-09-04 00:00:00+08:00,2023-09-04,FG401.CZCE,FG.CZCE,long,Short,Close,long_base_stop,232,1748.0,,,,,,,,,,,,,,,,,,,,,,,,,stage847_c9_15w_stage819_05r_stop_retry_live,2018-01,stage847_c9_15w_stage819_05r_stop_retry_live,150000.0,150000.0
2023-09-05,2023-09-05,fu2311.SHFE,fu.SHFE,long,long,RiskSizing,long_tighter_initial_stop_adjust,0,3594.0,3522.12,3565.0,71.88000000000011,29.0,0.02000000000000003,0.008069003895381191,3565.0,3594.0,0.02,basic_min_distance,,,,,,,,,,,,,,,stage847_c9_15w_stage819_05r_stop_retry_live,2018-01,stage847_c9_15w_stage819_05r_stop_retry_live,150000.0,150000.0
2023-09-06 00:00:00+08:00,2023-09-06,fu2311.SHFE,fu.SHFE,long,Short,Close,long_risk_cluster_heat_deleverage,388,3704.0,,,,,,,,,,,,,,,,,,,,,,,,,stage847_c9_15w_stage819_05r_stop_retry_live,2018-01,stage847_c9_15w_stage819_05r_stop_retry_live,150000.0,150000.0
2023-09-15,2023-09-15,cu2310.SHFE,cu.SHFE,long,long,RiskSizing,long_tighter_initial_stop_adjust,0,69780.0,68384.4,69370.0,1395.6000000000058,410.0,0.020000000000000084,0.0058756090570364,69370.0,69780.0,0.02,basic_min_distance,,,,,,,,,,,,,,,stage847_c9_15w_stage819_05r_stop_retry_live,2018-01,stage847_c9_15w_stage819_05r_stop_retry_live,150000.0,150000.0
2023-09-18,2023-09-18,rb2401.SHFE,rb.SHFE,long,long,RiskSizing,long_tighter_initial_stop_adjust,0,3842.0,3765.16,3792.0,76.84000000000015,50.0,0.02000000000000004,0.013014055179593961,3792.0,3842.0,0.02,basic_min_distance,,,,,,,,,,,,,,,stage847_c9_15w_stage819_05r_stop_retry_live,2018-01,stage847_c9_15w_stage819_05r_stop_retry_live,150000.0,150000.0
2023-09-18,2023-09-18,sp2401.SHFE,sp.SHFE,long,long,RiskSizing,long_tighter_initial_stop_adjust,0,5954.0,5792.0,5834.92,162.0,119.07999999999993,0.02720859926100101,0.019999999999999987,5792.0,5954.0,0.02,day_low,,,,,,,,,,,,,,,stage847_c9_15w_stage819_05r_stop_retry_live,2018-01,stage847_c9_15w_stage819_05r_stop_retry_live,150000.0,150000.0
2023-09-18 00:00:00+08:00,2023-09-18,cu2310.SHFE,cu.SHFE,long,Short,Close,long_risk_cluster_heat_deleverage,54,69450.0,,,,,,,,,,,,,,,,,,,,,,,,,stage847_c9_15w_stage819_05r_stop_retry_live,2018-01,stage847_c9_15w_stage819_05r_stop_retry_live,150000.0,150000.0
2023-09-26,2023-09-26,AP401.CZCE,AP.CZCE,long,long,RiskSizing,long_tighter_initial_stop_adjust,0,9343.0,9156.14,9256.0,186.86000000000058,87.0,0.020000000000000063,0.00931178422348282,9256.0,9343.0,0.02,basic_min_distance,,,,,,,,,,,,,,,stage847_c9_15w_stage819_05r_stop_retry_live,2018-01,stage847_c9_15w_stage819_05r_stop_retry_live,150000.0,150000.0
2023-10-17,2023-10-17,ru2401.SHFE,ru.SHFE,long,long,RiskSizing,long_tighter_initial_stop_adjust,0,14775.0,14479.5,14660.0,295.5,115.0,0.02,0.0077834179357022,14660.0,14775.0,0.02,basic_min_distance,,,,,,,,,,,,,,,stage847_c9_15w_stage819_05r_stop_retry_live,2018-01,stage847_c9_15w_stage819_05r_stop_retry_live,150000.0,150000.0
2023-10-18 00:00:00+08:00,2023-10-18,ru2401.SHFE,ru.SHFE,long,Short,Close,long_risk_cluster_heat_deleverage,128,14665.0,,,,,,,,,,,,,,,,,,,,,,,,,stage847_c9_15w_stage819_05r_stop_retry_live,2018-01,stage847_c9_15w_stage819_05r_stop_retry_live,150000.0,150000.0
2023-10-25,2023-10-25,au2312.SHFE,au.SHFE,long,long,RiskSizing,long_tighter_initial_stop_adjust,0,473.92,464.4416,472.22,9.478400000000022,1.6999999999999886,0.020000000000000046,0.003587103308575263,472.22,473.92,0.02,basic_min_distance,,,,,,,,,,,,,,,stage847_c9_15w_stage819_05r_stop_retry_live,2018-01,stage847_c9_15w_stage819_05r_stop_retry_live,150000.0,150000.0
2023-10-27 00:00:00+08:00,2023-10-27,si2312.GFEX,si.GFEX,short,short,RiskSizing,broker10_margin_cap_reduce,48,13995.0,,,,,,,,,,,si2312.GFEX,short_case2,flat_entry,279.0,231.0,48.0,9403071.100000001,3754370.4,8397.0,1.65,1.0,231.0,1.0698919537043592,0.999165869329649,stage847_c9_15w_stage819_05r_stop_retry_live,2018-01,stage847_c9_15w_stage819_05r_stop_retry_live,150000.0,150000.0
2023-10-30 00:00:00+08:00,2023-10-30,lh2401.DCE,lh.DCE,short,Long,Close,short_prev2day_stop,71,16275.0,,,,,,,,,,,,,,,,,,,,,,,,,stage847_c9_15w_stage819_05r_stop_retry_live,2018-01,stage847_c9_15w_stage819_05r_stop_retry_live,150000.0,150000.0
2023-11-02,2023-11-02,jm2401.DCE,jm.DCE,long,long,RiskSizing,long_tighter_initial_stop_adjust,0,1805.5,1769.3899999999999,1776.0,36.11000000000013,29.5,0.02000000000000007,0.01633896427582387,1776.0,1805.5,0.02,basic_min_distance,,,,,,,,,,,,,,,stage847_c9_15w_stage819_05r_stop_retry_live,2018-01,stage847_c9_15w_stage819_05r_stop_retry_live,150000.0,150000.0
2023-11-03 00:00:00+08:00,2023-11-03,fu2401.SHFE,fu.SHFE,short,Long,Close,short_prev2day_stop,311,3330.0,,,,,,,,,,,,,,,,,,,,,,,,,stage847_c9_15w_stage819_05r_stop_retry_live,2018-01,stage847_c9_15w_stage819_05r_stop_retry_live,150000.0,150000.0
2023-11-10 00:00:00+08:00,2023-11-10,lc2401.GFEX,lc.GFEX,short,Long,Close,short_prev2day_stop,104,148900.0,,,,,,,,,,,,,,,,,,,,,,,,,stage847_c9_15w_stage819_05r_stop_retry_live,2018-01,stage847_c9_15w_stage819_05r_stop_retry_live,150000.0,150000.0
2023-11-14,2023-11-14,SA401.CZCE,SA.CZCE,long,long,RiskSizing,long_tighter_initial_stop_adjust,0,2032.0,1991.36,2008.0,40.6400000000001,24.0,0.02000000000000005,0.011811023622047244,2008.0,2032.0,0.02,basic_min_distance,,,,,,,,,,,,,,,stage847_c9_15w_stage819_05r_stop_retry_live,2018-01,stage847_c9_15w_stage819_05r_stop_retry_live,150000.0,150000.0
2023-11-20,2023-11-20,FG401.CZCE,FG.CZCE,long,long,RiskSizing,long_tighter_initial_stop_adjust,0,1762.0,1710.0,1726.76,52.0,35.24000000000001,0.029511918274687854,0.020000000000000004,1710.0,1762.0,0.02,day_low,,,,,,,,,,,,,,,stage847_c9_15w_stage819_05r_stop_retry_live,2018-01,stage847_c9_15w_stage819_05r_stop_retry_live,150000.0,150000.0
2023-11-21 00:00:00+08:00,2023-11-21,jm2401.DCE,jm.DCE,long,Short,Close,long_prev2day_stop,69,2005.0,,,,,,,,,,,,,,,,,,,,,,,,,stage847_c9_15w_stage819_05r_stop_retry_live,2018-01,stage847_c9_15w_stage819_05r_stop_retry_live,150000.0,150000.0
2023-12-04,2023-12-04,au2402.SHFE,au.SHFE,long,long,RiskSizing,long_tighter_initial_stop_adjust,0,481.62,471.9876,474.46,9.632400000000018,7.160000000000025,0.02000000000000004,0.014866492255305064,474.46,481.62,0.02,basic_min_distance,,,,,,,,,,,,,,,stage847_c9_15w_stage819_05r_stop_retry_live,2018-01,stage847_c9_15w_stage819_05r_stop_retry_live,150000.0,150000.0
2023-12-08,2023-12-08,hc2405.SHFE,hc.SHFE,long,long,RiskSizing,long_tighter_initial_stop_adjust,0,4149.0,4066.02,4100.0,82.98000000000002,49.0,0.020000000000000004,0.011810074716799228,4100.0,4149.0,0.02,basic_min_distance,,,,,,,,,,,,,,,stage847_c9_15w_stage819_05r_stop_retry_live,2018-01,stage847_c9_15w_stage819_05r_stop_retry_live,150000.0,150000.0
2023-12-12,2023-12-12,rb2405.SHFE,rb.SHFE,long,long,RiskSizing,long_tighter_initial_stop_adjust,0,4060.0,3978.7999999999997,4005.0,81.20000000000027,55.0,0.020000000000000066,0.013546798029556651,4005.0,4060.0,0.02,basic_min_distance,,,,,,,,,,,,,,,stage847_c9_15w_stage819_05r_stop_retry_live,2018-01,stage847_c9_15w_stage819_05r_stop_retry_live,150000.0,150000.0
2023-12-12 00:00:00+08:00,2023-12-12,fu2401.SHFE,fu.SHFE,short,Long,Close,short_prev2day_stop,360,3013.0,,,,,,,,,,,,,,,,,,,,,,,,,stage847_c9_15w_stage819_05r_stop_retry_live,2018-01,stage847_c9_15w_stage819_05r_stop_retry_live,150000.0,150000.0
2023-12-25,2023-12-25,hc2405.SHFE,hc.SHFE,long,long,RiskSizing,long_tighter_initial_stop_adjust,0,4130.0,4047.4,4105.0,82.59999999999991,25.0,0.01999999999999998,0.006053268765133172,4105.0,4130.0,0.02,basic_min_distance,,,,,,,,,,,,,,,stage847_c9_15w_stage819_05r_stop_retry_live,2018-01,stage847_c9_15w_stage819_05r_stop_retry_live,150000.0,150000.0
2024-01-18,2024-01-18,CF405.CZCE,CF.CZCE,long,long,RiskSizing,long_tighter_initial_stop_adjust,0,15890.0,15545.0,15572.199999999999,345.0,317.8000000000011,0.02171176840780365,0.02000000000000007,15545.0,15890.0,0.02,day_low,,,,,,,,,,,,,,,stage847_c9_15w_stage819_05r_stop_retry_live,2018-01,stage847_c9_15w_stage819_05r_stop_retry_live,150000.0,150000.0
2024-01-23 00:00:00+08:00,2024-01-23,fu2403.SHFE,fu.SHFE,short,Long,Close,short_prev2day_stop,286,2987.0,,,,,,,,,,,,,,,,,,,,,,,,,stage847_c9_15w_stage819_05r_stop_retry_live,2018-01,stage847_c9_15w_stage819_05r_stop_retry_live,150000.0,150000.0
2024-01-25,2024-01-25,SH405.CZCE,SH.CZCE,long,long,RiskSizing,long_tighter_initial_stop_adjust,0,2780.0,2724.4,2771.0,55.59999999999991,9.0,0.019999999999999966,0.003237410071942446,2771.0,2780.0,0.02,basic_min_distance,,,,,,,,,,,,,,,stage847_c9_15w_stage819_05r_stop_retry_live,2018-01,stage847_c9_15w_stage819_05r_stop_retry_live,150000.0,150000.0
2024-02-06,2024-02-06,au2404.SHFE,au.SHFE,long,long,RiskSizing,long_tighter_initial_stop_adjust,0,480.66,471.0468,479.76,9.613200000000006,0.9000000000000341,0.02000000000000001,0.0018724254150543711,479.76,480.66,0.02,basic_min_distance,,,,,,,,,,,,,,,stage847_c9_15w_stage819_05r_stop_retry_live,2018-01,stage847_c9_15w_stage819_05r_stop_retry_live,150000.0,150000.0
2024-02-07,2024-02-07,MA405.CZCE,MA.CZCE,long,long,RiskSizing,long_tighter_initial_stop_adjust,0,2506.0,2453.0,2455.88,53.0,50.11999999999989,0.02114924181963288,0.019999999999999955,2453.0,2506.0,0.02,day_low,,,,,,,,,,,,,,,stage847_c9_15w_stage819_05r_stop_retry_live,2018-01,stage847_c9_15w_stage819_05r_stop_retry_live,150000.0,150000.0
2024-02-08 00:00:00+08:00,2024-02-08,jm2405.DCE,jm.DCE,short,Long,Close,short_prev2day_stop,60,1746.0,,,,,,,,,,,,,,,,,,,,,,,,,stage847_c9_15w_stage819_05r_stop_retry_live,2018-01,stage847_c9_15w_stage819_05r_stop_retry_live,150000.0,150000.0
2024-02-21,2024-02-21,fu2405.SHFE,fu.SHFE,long,long,RiskSizing,long_tighter_initial_stop_adjust,0,3118.0,3055.64,3085.0,62.36000000000013,33.0,0.020000000000000042,0.010583707504810776,3085.0,3118.0,0.02,basic_min_distance,,,,,,,,,,,,,,,stage847_c9_15w_stage819_05r_stop_retry_live,2018-01,stage847_c9_15w_stage819_05r_stop_retry_live,150000.0,150000.0
2024-02-22,2024-02-22,cu2404.SHFE,cu.SHFE,long,long,RiskSizing,long_tighter_initial_stop_adjust,0,69260.0,67874.8,69060.0,1385.199999999997,200.0,0.01999999999999996,0.0028876696505919725,69060.0,69260.0,0.02,basic_min_distance,,,,,,,,,,,,,,,stage847_c9_15w_stage819_05r_stop_retry_live,2018-01,stage847_c9_15w_stage819_05r_stop_retry_live,150000.0,150000.0
2024-02-22 00:00:00+08:00,2024-02-22,fu2405.SHFE,fu.SHFE,long,Short,Close,long_risk_cluster_heat_deleverage,466,3148.0,,,,,,,,,,,,,,,,,,,,,,,,,stage847_c9_15w_stage819_05r_stop_retry_live,2018-01,stage847_c9_15w_stage819_05r_stop_retry_live,150000.0,150000.0
2024-02-29 00:00:00+08:00,2024-02-29,CF405.CZCE,CF.CZCE,long,Short,Close,long_prev2day_stop,89,16110.0,,,,,,,,,,,,,,,,,,,,,,,,,stage847_c9_15w_stage819_05r_stop_retry_live,2018-01,stage847_c9_15w_stage819_05r_stop_retry_live,150000.0,150000.0
2024-03-04,2024-03-04,au2404.SHFE,au.SHFE,long,long,RiskSizing,long_tighter_initial_stop_adjust,0,490.1,480.298,483.54,9.802000000000021,6.560000000000002,0.020000000000000042,0.013385023464599065,483.54,490.1,0.02,basic_min_distance,,,,,,,,,,,,,,,stage847_c9_15w_stage819_05r_stop_retry_live,2018-01,stage847_c9_15w_stage819_05r_stop_retry_live,150000.0,150000.0
2024-03-04,2024-03-04,fu2405.SHFE,fu.SHFE,long,long,RiskSizing,long_tighter_initial_stop_adjust,0,3159.0,3095.82,3144.0,63.179999999999836,15.0,0.01999999999999995,0.004748338081671415,3144.0,3159.0,0.02,basic_min_distance,,,,,,,,,,,,,,,stage847_c9_15w_stage819_05r_stop_retry_live,2018-01,stage847_c9_15w_stage819_05r_stop_retry_live,150000.0,150000.0
2024-03-05 00:00:00+08:00,2024-03-05,fu2405.SHFE,fu.SHFE,long,Short,Close,long_base_stop,475,3123.0,,,,,,,,,,,,,,,,,,,,,,,,,stage847_c9_15w_stage819_05r_stop_retry_live,2018-01,stage847_c9_15w_stage819_05r_stop_retry_live,150000.0,150000.0
2024-03-07,2024-03-07,cu2404.SHFE,cu.SHFE,long,long,RiskSizing,long_tighter_initial_stop_adjust,0,69500.0,68110.0,69110.0,1390.0,390.0,0.02,0.005611510791366906,69110.0,69500.0,0.02,basic_min_distance,,,,,,,,,,,,,,,stage847_c9_15w_stage819_05r_stop_retry_live,2018-01,stage847_c9_15w_stage819_05r_stop_retry_live,150000.0,150000.0
2024-03-12,2024-03-12,lc2407.GFEX,lc.GFEX,long,long,RiskSizing,long_tighter_initial_stop_adjust,0,119850.0,116600.0,117453.0,3250.0,2397.0,0.027117229870671673,0.02,116600.0,119850.0,0.02,day_low,,,,,,,,,,,,,,,stage847_c9_15w_stage819_05r_stop_retry_live,2018-01,stage847_c9_15w_stage819_05r_stop_retry_live,150000.0,150000.0
2024-03-13,2024-03-13,lh2405.DCE,lh.DCE,long,long,RiskSizing,long_tighter_initial_stop_adjust,0,15130.0,14827.4,15055.0,302.60000000000036,75.0,0.020000000000000025,0.00495703899537343,15055.0,15130.0,0.02,basic_min_distance,,,,,,,,,,,,,,,stage847_c9_15w_stage819_05r_stop_retry_live,2018-01,stage847_c9_15w_stage819_05r_stop_retry_live,150000.0,150000.0
2024-03-14,2024-03-14,OI405.CZCE,OI.CZCE,long,long,RiskSizing,long_tighter_initial_stop_adjust,0,8213.0,8048.74,8110.0,164.26000000000022,103.0,0.020000000000000028,0.01254109338853038,8110.0,8213.0,0.02,basic_min_distance,,,,,,,,,,,,,,,stage847_c9_15w_stage819_05r_stop_retry_live,2018-01,stage847_c9_15w_stage819_05r_stop_retry_live,150000.0,150000.0
2024-03-14,2024-03-14,lc2407.GFEX,lc.GFEX,long,long,RiskSizing,long_tighter_initial_stop_adjust,0,112100.0,109858.0,111150.0,2242.0,950.0,0.02,0.00847457627118644,111150.0,112100.0,0.02,basic_min_distance,,,,,,,,,,,,,,,stage847_c9_15w_stage819_05r_stop_retry_live,2018-01,stage847_c9_15w_stage819_05r_stop_retry_live,150000.0,150000.0
2024-03-15 00:00:00+08:00,2024-03-15,OI405.CZCE,OI.CZCE,long,Short,Close,long_risk_cluster_heat_deleverage,215,8240.0,,,,,,,,,,,,,,,,,,,,,,,,,stage847_c9_15w_stage819_05r_stop_retry_live,2018-01,stage847_c9_15w_stage819_05r_stop_retry_live,150000.0,150000.0
2024-03-18,2024-03-18,MA405.CZCE,MA.CZCE,long,long,RiskSizing,long_tighter_initial_stop_adjust,0,2568.0,2516.64,2531.0,51.36000000000013,37.0,0.02000000000000005,0.01440809968847352,2531.0,2568.0,0.02,basic_min_distance,,,,,,,,,,,,,,,stage847_c9_15w_stage819_05r_stop_retry_live,2018-01,stage847_c9_15w_stage819_05r_stop_retry_live,150000.0,150000.0
2024-03-21 00:00:00+08:00,2024-03-21,MA405.CZCE,MA.CZCE,long,Short,Close,long_prev2day_stop,500,2554.0,,,,,,,,,,,,,,,,,,,,,,,,,stage847_c9_15w_stage819_05r_stop_retry_live,2018-01,stage847_c9_15w_stage819_05r_stop_retry_live,150000.0,150000.0
2024-04-02,2024-04-02,cu2405.SHFE,cu.SHFE,long,long,RiskSizing,long_tighter_initial_stop_adjust,0,73230.0,71765.4,72840.0,1464.6000000000058,390.0,0.02000000000000008,0.005325686194182712,72840.0,73230.0,0.02,basic_min_distance,,,,,,,,,,,,,,,stage847_c9_15w_stage819_05r_stop_retry_live,2018-01,stage847_c9_15w_stage819_05r_stop_retry_live,150000.0,150000.0
2024-04-03,2024-04-03,lh2409.DCE,lh.DCE,long,long,RiskSizing,long_tighter_initial_stop_adjust,0,18260.0,17665.0,17894.8,595.0,365.2000000000007,0.03258488499452355,0.02000000000000004,17665.0,18260.0,0.02,day_low,,,,,,,,,,,,,,,stage847_c9_15w_stage819_05r_stop_retry_live,2018-01,stage847_c9_15w_stage819_05r_stop_retry_live,150000.0,150000.0
2024-04-09 00:00:00+08:00,2024-04-09,jm2405.DCE,jm.DCE,short,Long,Close,short_prev2day_stop,118,1508.0,,,,,,,,,,,,,,,,,,,,,,,,,stage847_c9_15w_stage819_05r_stop_retry_live,2018-01,stage847_c9_15w_stage819_05r_stop_retry_live,150000.0,150000.0
2024-04-10 00:00:00+08:00,2024-04-10,SH405.CZCE,SH.CZCE,short,Long,Close,short_prev2day_stop,176,2453.0,,,,,,,,,,,,,,,,,,,,,,,,,stage847_c9_15w_stage819_05r_stop_retry_live,2018-01,stage847_c9_15w_stage819_05r_stop_retry_live,150000.0,150000.0
2024-04-16,2024-04-16,MA409.CZCE,MA.CZCE,long,long,RiskSizing,long_tighter_initial_stop_adjust,0,2513.0,2462.74,2508.0,50.26000000000022,5.0,0.020000000000000087,0.0019896538002387586,2508.0,2513.0,0.02,basic_min_distance,,,,,,,,,,,,,,,stage847_c9_15w_stage819_05r_stop_retry_live,2018-01,stage847_c9_15w_stage819_05r_stop_retry_live,150000.0,150000.0
2024-04-23,2024-04-23,SM409.CZCE,SM.CZCE,long,long,RiskSizing,long_tighter_initial_stop_adjust,0,6706.0,6571.88,6680.0,134.1199999999999,26.0,0.019999999999999983,0.0038771249627199524,6680.0,6706.0,0.02,basic_min_distance,,,,,,,,,,,,,,,stage847_c9_15w_stage819_05r_stop_retry_live,2018-01,stage847_c9_15w_stage819_05r_stop_retry_live,150000.0,150000.0
2024-04-23 00:00:00+08:00,2024-04-23,MA409.CZCE,MA.CZCE,long,Short,Close,long_prev2day_stop,500,2506.0,,,,,,,,,,,,,,,,,,,,,,,,,stage847_c9_15w_stage819_05r_stop_retry_live,2018-01,stage847_c9_15w_stage819_05r_stop_retry_live,150000.0,150000.0
2024-04-24 00:00:00+08:00,2024-04-24,SM409.CZCE,SM.CZCE,long,Short,Close,long_rsi_partial_exit_half,250,7078.0,,,,,,,,,,,,,,,,,,,,,,,,,stage847_c9_15w_stage819_05r_stop_retry_live,2018-01,stage847_c9_15w_stage819_05r_stop_retry_live,150000.0,150000.0
2024-04-24 00:00:00+08:00,2024-04-24,si2406.GFEX,si.GFEX,short,Long,Close,short_prev2day_stop,274,11790.0,,,,,,,,,,,,,,,,,,,,,,,,,stage847_c9_15w_stage819_05r_stop_retry_live,2018-01,stage847_c9_15w_stage819_05r_stop_retry_live,150000.0,150000.0
2024-05-06,2024-05-06,FG409.CZCE,FG.CZCE,long,long,RiskSizing,long_tighter_initial_stop_adjust,0,1597.0,1528.0,1565.06,69.0,31.940000000000055,0.043206011271133375,0.020000000000000035,1528.0,1597.0,0.02,day_low,,,,,,,,,,,,,,,stage847_c9_15w_stage819_05r_stop_retry_live,2018-01,stage847_c9_15w_stage819_05r_stop_retry_live,150000.0,150000.0
2024-05-06,2024-05-06,OI409.CZCE,OI.CZCE,long,long,RiskSizing,long_tighter_initial_stop_adjust,0,8522.0,8351.56,8430.0,170.4400000000005,92.0,0.02000000000000006,0.010795587890166627,8430.0,8522.0,0.02,basic_min_distance,,,,,,,,,,,,,,,stage847_c9_15w_stage819_05r_stop_retry_live,2018-01,stage847_c9_15w_stage819_05r_stop_retry_live,150000.0,150000.0
2024-05-07,2024-05-07,MA409.CZCE,MA.CZCE,long,long,RiskSizing,long_tighter_initial_stop_adjust,0,2567.0,2515.66,2542.0,51.340000000000146,25.0,0.020000000000000056,0.009738994935722634,2542.0,2567.0,0.02,basic_min_distance,,,,,,,,,,,,,,,stage847_c9_15w_stage819_05r_stop_retry_live,2018-01,stage847_c9_15w_stage819_05r_stop_retry_live,150000.0,150000.0
2024-05-14 00:00:00+08:00,2024-05-14,FG409.CZCE,FG.CZCE,long,Short,Close,long_prev2day_stop,333,1574.0,,,,,,,,,,,,,,,,,,,,,,,,,stage847_c9_15w_stage819_05r_stop_retry_live,2018-01,stage847_c9_15w_stage819_05r_stop_retry_live,150000.0,150000.0
2024-05-15 00:00:00+08:00,2024-05-15,SM409.CZCE,SM.CZCE,long,Short,Close,long_prev2day_stop,250,8216.0,,,,,,,,,,,,,,,,,,,,,,,,,stage847_c9_15w_stage819_05r_stop_retry_live,2018-01,stage847_c9_15w_stage819_05r_stop_retry_live,150000.0,150000.0
2024-05-17,2024-05-17,cu2407.SHFE,cu.SHFE,long,long,RiskSizing,long_tighter_initial_stop_adjust,0,84250.0,82410.0,82565.0,1840.0,1685.0,0.021839762611275966,0.02,82410.0,84250.0,0.02,day_low,,,,,,,,,,,,,,,stage847_c9_15w_stage819_05r_stop_retry_live,2018-01,stage847_c9_15w_stage819_05r_stop_retry_live,150000.0,150000.0
2024-05-20,2024-05-20,SA409.CZCE,SA.CZCE,long,long,RiskSizing,long_tighter_initial_stop_adjust,0,2382.0,2286.0,2334.36,96.0,47.63999999999987,0.04030226700251889,0.019999999999999945,2286.0,2382.0,0.02,day_low,,,,,,,,,,,,,,,stage847_c9_15w_stage819_05r_stop_retry_live,2018-01,stage847_c9_15w_stage819_05r_stop_retry_live,150000.0,150000.0
2024-05-20,2024-05-20,au2408.SHFE,au.SHFE,long,long,RiskSizing,long_tighter_initial_stop_adjust,0,578.84,566.4,567.2632,12.440000000000055,11.576800000000048,0.021491258378826712,0.020000000000000084,566.4,578.84,0.02,day_low,,,,,,,,,,,,,,,stage847_c9_15w_stage819_05r_stop_retry_live,2018-01,stage847_c9_15w_stage819_05r_stop_retry_live,150000.0,150000.0
2024-05-21,2024-05-21,FG409.CZCE,FG.CZCE,long,long,RiskSizing,long_tighter_initial_stop_adjust,0,1657.0,1623.86,1632.0,33.1400000000001,25.0,0.02000000000000006,0.015087507543753771,1632.0,1657.0,0.02,basic_min_distance,,,,,,,,,,,,,,,stage847_c9_15w_stage819_05r_stop_retry_live,2018-01,stage847_c9_15w_stage819_05r_stop_retry_live,150000.0,150000.0
2024-05-21,2024-05-21,rb2410.SHFE,rb.SHFE,long,long,RiskSizing,long_tighter_initial_stop_adjust,0,3746.0,3671.08,3722.0,74.92000000000007,24.0,0.020000000000000018,0.006406833956219968,3722.0,3746.0,0.02,basic_min_distance,,,,,,,,,,,,,,,stage847_c9_15w_stage819_05r_stop_retry_live,2018-01,stage847_c9_15w_stage819_05r_stop_retry_live,150000.0,150000.0
2024-05-22,2024-05-22,SM409.CZCE,SM.CZCE,long,long,RiskSizing,long_tighter_initial_stop_adjust,0,8816.0,8639.68,8666.0,176.3199999999997,150.0,0.019999999999999966,0.01701451905626134,8666.0,8816.0,0.02,basic_min_distance,,,,,,,,,,,,,,,stage847_c9_15w_stage819_05r_stop_retry_live,2018-01,stage847_c9_15w_stage819_05r_stop_retry_live,150000.0,150000.0
2024-05-22 00:00:00+08:00,2024-05-22,cu2407.SHFE,cu.SHFE,long,Short,Close,long_base_stop,51,86220.0,,,,,,,,,,,,,,,,,,,,,,,,,stage847_c9_15w_stage819_05r_stop_retry_live,2018-01,stage847_c9_15w_stage819_05r_stop_retry_live,150000.0,150000.0
2024-05-23 00:00:00+08:00,2024-05-23,MA409.CZCE,MA.CZCE,long,Short,Close,long_prev2day_stop,500,2591.0,,,,,,,,,,,,,,,,,,,,,,,,,stage847_c9_15w_stage819_05r_stop_retry_live,2018-01,stage847_c9_15w_stage819_05r_stop_retry_live,150000.0,150000.0
2024-05-27,2024-05-27,si2407.GFEX,si.GFEX,long,long,RiskSizing,long_tighter_initial_stop_adjust,0,12710.0,12455.8,12575.0,254.20000000000073,135.0,0.020000000000000056,0.010621557828481511,12575.0,12710.0,0.02,basic_min_distance,,,,,,,,,,,,,,,stage847_c9_15w_stage819_05r_stop_retry_live,2018-01,stage847_c9_15w_stage819_05r_stop_retry_live,150000.0,150000.0
2024-05-28 00:00:00+08:00,2024-05-28,SA409.CZCE,SA.CZCE,long,Short,Close,long_prev2day_stop,334,2361.0,,,,,,,,,,,,,,,,,,,,,,,,,stage847_c9_15w_stage819_05r_stop_retry_live,2018-01,stage847_c9_15w_stage819_05r_stop_retry_live,150000.0,150000.0
2024-05-29,2024-05-29,OI409.CZCE,OI.CZCE,long,long,RiskSizing,long_tighter_initial_stop_adjust,0,9049.0,8854.0,8868.02,195.0,180.97999999999956,0.021549342468781083,0.019999999999999952,8854.0,9049.0,0.02,day_low,,,,,,,,,,,,,,,stage847_c9_15w_stage819_05r_stop_retry_live,2018-01,stage847_c9_15w_stage819_05r_stop_retry_live,150000.0,150000.0
2024-05-31 00:00:00+08:00,2024-05-31,FG409.CZCE,FG.CZCE,long,Short,Close,long_base_stop,114,1694.0,,,,,,,,,,,,,,,,,,,,,,,,,stage847_c9_15w_stage819_05r_stop_retry_live,2018-01,stage847_c9_15w_stage819_05r_stop_retry_live,150000.0,150000.0
2024-06-07,2024-06-07,ru2409.SHFE,ru.SHFE,long,long,RiskSizing,long_tighter_initial_stop_adjust,0,16020.0,15565.0,15699.6,455.0,320.39999999999964,0.0284019975031211,0.019999999999999976,15565.0,16020.0,0.02,day_low,,,,,,,,,,,,,,,stage847_c9_15w_stage819_05r_stop_retry_live,2018-01,stage847_c9_15w_stage819_05r_stop_retry_live,150000.0,150000.0
2024-06-11 00:00:00+08:00,2024-06-11,ru2409.SHFE,ru.SHFE,long,Short,Close,long_base_stop,157,15535.0,,,,,,,,,,,,,,,,,,,,,,,,,stage847_c9_15w_stage819_05r_stop_retry_live,2018-01,stage847_c9_15w_stage819_05r_stop_retry_live,150000.0,150000.0
2024-06-24,2024-06-24,fu2409.SHFE,fu.SHFE,long,long,RiskSizing,long_tighter_initial_stop_adjust,0,3507.0,3436.86,3494.0,70.13999999999987,13.0,0.019999999999999962,0.0037068719703450244,3494.0,3507.0,0.02,basic_min_distance,,,,,,,,,,,,,,,stage847_c9_15w_stage819_05r_stop_retry_live,2018-01,stage847_c9_15w_stage819_05r_stop_retry_live,150000.0,150000.0
2024-06-26 00:00:00+08:00,2024-06-26,lc2407.GFEX,lc.GFEX,short,Long,Close,short_prev2day_stop,122,92550.0,,,,,,,,,,,,,,,,,,,,,,,,,stage847_c9_15w_stage819_05r_stop_retry_live,2018-01,stage847_c9_15w_stage819_05r_stop_retry_live,150000.0,150000.0
2024-06-28 00:00:00+08:00,2024-06-28,SM409.CZCE,SM.CZCE,short,Long,Close,short_base_stop,231,7628.0,,,,,,,,,,,,,,,,,,,,,,,,,stage847_c9_15w_stage819_05r_stop_retry_live,2018-01,stage847_c9_15w_stage819_05r_stop_retry_live,150000.0,150000.0
2024-07-04 00:00:00+08:00,2024-07-04,SH409.CZCE,SH.CZCE,short,Long,Close,short_prev2day_stop,346,2736.0,,,,,,,,,,,,,,,,,,,,,,,,,stage847_c9_15w_stage819_05r_stop_retry_live,2018-01,stage847_c9_15w_stage819_05r_stop_retry_live,150000.0,150000.0
2024-07-08 00:00:00+08:00,2024-07-08,fu2409.SHFE,fu.SHFE,long,Short,Close,long_prev2day_stop,500,3567.0,,,,,,,,,,,,,,,,,,,,,,,,,stage847_c9_15w_stage819_05r_stop_retry_live,2018-01,stage847_c9_15w_stage819_05r_stop_retry_live,150000.0,150000.0
2024-07-16,2024-07-16,au2410.SHFE,au.SHFE,long,long,RiskSizing,long_tighter_initial_stop_adjust,0,574.94,563.4412000000001,569.54,11.49879999999996,5.400000000000091,0.019999999999999928,0.009392284412286657,569.54,574.94,0.02,basic_min_distance,,,,,,,,,,,,,,,stage847_c9_15w_stage819_05r_stop_retry_live,2018-01,stage847_c9_15w_stage819_05r_stop_retry_live,150000.0,150000.0
2024-07-22,2024-07-22,lh2409.DCE,lh.DCE,long,long,RiskSizing,long_tighter_initial_stop_adjust,0,18670.0,18296.6,18310.0,373.40000000000146,360.0,0.020000000000000077,0.0192822710230316,18310.0,18670.0,0.02,basic_min_distance,,,,,,,,,,,,,,,stage847_c9_15w_stage819_05r_stop_retry_live,2018-01,stage847_c9_15w_stage819_05r_stop_retry_live,150000.0,150000.0
2024-07-26 00:00:00+08:00,2024-07-26,lh2409.DCE,lh.DCE,long,Short,Close,long_prev2day_stop,43,18310.0,,,,,,,,,,,,,,,,,,,,,,,,,stage847_c9_15w_stage819_05r_stop_retry_live,2018-01,stage847_c9_15w_stage819_05r_stop_retry_live,150000.0,150000.0
2024-08-02,2024-08-02,lh2409.DCE,lh.DCE,long,long,RiskSizing,long_tighter_initial_stop_adjust,0,18965.0,18550.0,18585.7,415.0,379.2999999999993,0.021882414974953864,0.019999999999999962,18550.0,18965.0,0.02,day_low,,,,,,,,,,,,,,,stage847_c9_15w_stage819_05r_stop_retry_live,2018-01,stage847_c9_15w_stage819_05r_stop_retry_live,150000.0,150000.0
2024-08-02 00:00:00+08:00,2024-08-02,ru2409.SHFE,ru.SHFE,short,Long,Close,short_prev2day_stop,63,14385.0,,,,,,,,,,,,,,,,,,,,,,,,,stage847_c9_15w_stage819_05r_stop_retry_live,2018-01,stage847_c9_15w_stage819_05r_stop_retry_live,150000.0,150000.0
2024-08-06 00:00:00+08:00,2024-08-06,lh2409.DCE,lh.DCE,long,Short,Close,rollover_close,41,19045.0,,,,,,,,,,,,,,,,,,,,,,,,,stage847_c9_15w_stage819_05r_stop_retry_live,2018-01,stage847_c9_15w_stage819_05r_stop_retry_live,150000.0,150000.0
2024-08-06,2024-08-06,lh2411.DCE,lh.DCE,long,long,RiskSizing,long_tighter_initial_stop_adjust,0,17850.0,17493.0,17815.0,357.0,35.0,0.02,0.00196078431372549,17815.0,17850.0,0.02,basic_min_distance,,,,,,,,,,,,,,,stage847_c9_15w_stage819_05r_stop_retry_live,2018-01,stage847_c9_15w_stage819_05r_stop_retry_live,150000.0,150000.0
2024-08-19 00:00:00+08:00,2024-08-19,lh2411.DCE,lh.DCE,long,Short,Close,long_prev2day_stop,41,18505.0,,,,,,,,,,,,,,,,,,,,,,,,,stage847_c9_15w_stage819_05r_stop_retry_live,2018-01,stage847_c9_15w_stage819_05r_stop_retry_live,150000.0,150000.0
2024-08-22,2024-08-22,ru2501.SHFE,ru.SHFE,long,long,RiskSizing,long_tighter_initial_stop_adjust,0,16210.0,15885.8,16155.0,324.2000000000007,55.0,0.020000000000000046,0.003392967304133251,16155.0,16210.0,0.02,basic_min_distance,,,,,,,,,,,,,,,stage847_c9_15w_stage819_05r_stop_retry_live,2018-01,stage847_c9_15w_stage819_05r_stop_retry_live,150000.0,150000.0
2024-09-02 00:00:00+08:00,2024-09-02,ru2501.SHFE,ru.SHFE,long,Short,Close,long_prev2day_stop,168,16360.0,,,,,,,,,,,,,,,,,,,,,,,,,stage847_c9_15w_stage819_05r_stop_retry_live,2018-01,stage847_c9_15w_stage819_05r_stop_retry_live,150000.0,150000.0
2024-09-03,2024-09-03,sp2501.SHFE,sp.SHFE,long,long,RiskSizing,long_tighter_initial_stop_adjust,0,6078.0,5956.44,5980.0,121.5600000000004,98.0,0.020000000000000066,0.016123724909509706,5980.0,6078.0,0.02,basic_min_distance,,,,,,,,,,,,,,,stage847_c9_15w_stage819_05r_stop_retry_live,2018-01,stage847_c9_15w_stage819_05r_stop_retry_live,150000.0,150000.0
2024-09-11,2024-09-11,ru2501.SHFE,ru.SHFE,long,long,RiskSizing,long_tighter_initial_stop_adjust,0,16745.0,16410.1,16630.0,334.90000000000146,115.0,0.020000000000000087,0.006867721707972529,16630.0,16745.0,0.02,basic_min_distance,,,,,,,,,,,,,,,stage847_c9_15w_stage819_05r_stop_retry_live,2018-01,stage847_c9_15w_stage819_05r_stop_retry_live,150000.0,150000.0
2024-09-12 00:00:00+08:00,2024-09-12,fu2411.SHFE,fu.SHFE,short,Long,Close,short_prev2day_stop,500,2781.0,,,,,,,,,,,,,,,,,,,,,,,,,stage847_c9_15w_stage819_05r_stop_retry_live,2018-01,stage847_c9_15w_stage819_05r_stop_retry_live,150000.0,150000.0
2024-09-13,2024-09-13,OI501.CZCE,OI.CZCE,long,long,RiskSizing,long_tighter_initial_stop_adjust,0,8936.0,8757.28,8851.0,178.71999999999935,85.0,0.019999999999999928,0.00951208594449418,8851.0,8936.0,0.02,basic_min_distance,,,,,,,,,,,,,,,stage847_c9_15w_stage819_05r_stop_retry_live,2018-01,stage847_c9_15w_stage819_05r_stop_retry_live,150000.0,150000.0
2024-09-18,2024-09-18,au2410.SHFE,au.SHFE,long,long,RiskSizing,long_tighter_initial_stop_adjust,0,582.98,571.3204000000001,582.62,11.659599999999955,0.36000000000001364,0.01999999999999992,0.0006175168959484264,582.62,582.98,0.02,basic_min_distance,,,,,,,,,,,,,,,stage847_c9_15w_stage819_05r_stop_retry_live,2018-01,stage847_c9_15w_stage819_05r_stop_retry_live,150000.0,150000.0
2024-09-19 00:00:00+08:00,2024-09-19,au2410.SHFE,au.SHFE,long,Short,Close,long_base_stop,73,582.2,,,,,,,,,,,,,,,,,,,,,,,,,stage847_c9_15w_stage819_05r_stop_retry_live,2018-01,stage847_c9_15w_stage819_05r_stop_retry_live,150000.0,150000.0
2024-09-23 00:00:00+08:00,2024-09-23,ru2501.SHFE,ru.SHFE,long,Short,Close,long_prev2day_stop,184,17460.0,,,,,,,,,,,,,,,,,,,,,,,,,stage847_c9_15w_stage819_05r_stop_retry_live,2018-01,stage847_c9_15w_stage819_05r_stop_retry_live,150000.0,150000.0
2024-10-11,2024-10-11,hc2501.SHFE,hc.SHFE,long,long,RiskSizing,long_tighter_initial_stop_adjust,0,3599.0,3527.02,3553.0,71.98000000000002,46.0,0.020000000000000004,0.012781328146707419,3553.0,3599.0,0.02,basic_min_distance,,,,,,,,,,,,,,,stage847_c9_15w_stage819_05r_stop_retry_live,2018-01,stage847_c9_15w_stage819_05r_stop_retry_live,150000.0,150000.0
2024-10-14,2024-10-14,rb2501.SHFE,rb.SHFE,long,long,RiskSizing,long_tighter_initial_stop_adjust,0,3502.0,3431.96,3436.0,70.03999999999996,66.0,0.01999999999999999,0.018846373500856654,3436.0,3502.0,0.02,basic_min_distance,,,,,,,,,,,,,,,stage847_c9_15w_stage819_05r_stop_retry_live,2018-01,stage847_c9_15w_stage819_05r_stop_retry_live,150000.0,150000.0
2024-10-16,2024-10-16,au2412.SHFE,au.SHFE,long,long,RiskSizing,long_tighter_initial_stop_adjust,0,611.98,599.7404,603.18,12.239599999999996,8.800000000000068,0.019999999999999993,0.014379554887414733,603.18,611.98,0.02,basic_min_distance,,,,,,,,,,,,,,,stage847_c9_15w_stage819_05r_stop_retry_live,2018-01,stage847_c9_15w_stage819_05r_stop_retry_live,150000.0,150000.0
2024-10-22,2024-10-22,SH501.CZCE,SH.CZCE,long,long,RiskSizing,long_tighter_initial_stop_adjust,0,2712.0,2641.0,2657.7599999999998,71.0,54.24000000000024,0.026179941002949854,0.020000000000000087,2641.0,2712.0,0.02,day_low,,,,,,,,,,,,,,,stage847_c9_15w_stage819_05r_stop_retry_live,2018-01,stage847_c9_15w_stage819_05r_stop_retry_live,150000.0,150000.0
2024-10-25,2024-10-25,SA501.CZCE,SA.CZCE,long,long,RiskSizing,long_tighter_initial_stop_adjust,0,1518.0,1487.6399999999999,1516.0,30.360000000000127,2.0,0.020000000000000084,0.0013175230566534915,1516.0,1518.0,0.02,basic_min_distance,,,,,,,,,,,,,,,stage847_c9_15w_stage819_05r_stop_retry_live,2018-01,stage847_c9_15w_stage819_05r_stop_retry_live,150000.0,150000.0
2024-10-25,2024-10-25,si2412.GFEX,si.GFEX,long,long,RiskSizing,long_tighter_initial_stop_adjust,0,13155.0,12815.0,12891.9,340.0,263.10000000000036,0.025845686050931203,0.020000000000000028,12815.0,13155.0,0.02,day_low,,,,,,,,,,,,,,,stage847_c9_15w_stage819_05r_stop_retry_live,2018-01,stage847_c9_15w_stage819_05r_stop_retry_live,150000.0,150000.0
2024-10-29 00:00:00+08:00,2024-10-29,si2412.GFEX,si.GFEX,long,Short,Close,long_prev2day_stop,191,12800.0,,,,,,,,,,,,,,,,,,,,,,,,,stage847_c9_15w_stage819_05r_stop_retry_live,2018-01,stage847_c9_15w_stage819_05r_stop_retry_live,150000.0,150000.0
2024-10-30,2024-10-30,AP501.CZCE,AP.CZCE,long,long,RiskSizing,long_tighter_initial_stop_adjust,0,7532.0,6982.0,7381.36,550.0,150.64000000000033,0.0730217737652682,0.020000000000000042,6982.0,7532.0,0.02,day_low,,,,,,,,,,,,,,,stage847_c9_15w_stage819_05r_stop_retry_live,2018-01,stage847_c9_15w_stage819_05r_stop_retry_live,150000.0,150000.0
2024-11-01,2024-11-01,SA501.CZCE,SA.CZCE,long,long,RiskSizing,long_tighter_initial_stop_adjust,0,1539.0,1508.22,1523.0,30.779999999999973,16.0,0.019999999999999983,0.010396361273554255,1523.0,1539.0,0.02,basic_min_distance,,,,,,,,,,,,,,,stage847_c9_15w_stage819_05r_stop_retry_live,2018-01,stage847_c9_15w_stage819_05r_stop_retry_live,150000.0,150000.0
2024-11-01,2024-11-01,SH501.CZCE,SH.CZCE,long,long,RiskSizing,long_tighter_initial_stop_adjust,0,2701.0,2646.98,2687.0,54.01999999999998,14.0,0.019999999999999993,0.00518326545723806,2687.0,2701.0,0.02,basic_min_distance,,,,,,,,,,,,,,,stage847_c9_15w_stage819_05r_stop_retry_live,2018-01,stage847_c9_15w_stage819_05r_stop_retry_live,150000.0,150000.0
2024-11-01 00:00:00+08:00,2024-11-01,SH501.CZCE,SH.CZCE,long,long,RiskSizing,broker10_margin_cap_reduce,43,2701.0,,,,,,,,,,,SH501.CZCE,long_case1a,flat_entry,395.0,352.0,43.0,15367211.100000013,5883420.4,9723.6,1.65,1.0,352.0,1.0441061722643992,0.9992125728005382,stage847_c9_15w_stage819_05r_stop_retry_live,2018-01,stage847_c9_15w_stage819_05r_stop_retry_live,150000.0,150000.0
2024-11-01 00:00:00+08:00,2024-11-01,au2412.SHFE,au.SHFE,long,Short,Close,long_prev2day_stop,32,629.72,,,,,,,,,,,,,,,,,,,,,,,,,stage847_c9_15w_stage819_05r_stop_retry_live,2018-01,stage847_c9_15w_stage819_05r_stop_retry_live,150000.0,150000.0
2024-11-04 00:00:00+08:00,2024-11-04,SA501.CZCE,SA.CZCE,long,Short,Close,long_ma_stop,447,1525.0,,,,,,,,,,,,,,,,,,,,,,,,,stage847_c9_15w_stage819_05r_stop_retry_live,2018-01,stage847_c9_15w_stage819_05r_stop_retry_live,150000.0,150000.0
2024-11-05,2024-11-05,MA501.CZCE,MA.CZCE,long,long,RiskSizing,long_tighter_initial_stop_adjust,0,2501.0,2450.98,2478.0,50.01999999999998,23.0,0.019999999999999993,0.009196321471411436,2478.0,2501.0,0.02,basic_min_distance,,,,,,,,,,,,,,,stage847_c9_15w_stage819_05r_stop_retry_live,2018-01,stage847_c9_15w_stage819_05r_stop_retry_live,150000.0,150000.0
2024-11-07,2024-11-07,FG501.CZCE,FG.CZCE,long,long,RiskSizing,long_tighter_initial_stop_adjust,0,1385.0,1351.0,1357.3,34.0,27.700000000000045,0.02454873646209386,0.02000000000000003,1351.0,1385.0,0.02,day_low,,,,,,,,,,,,,,,stage847_c9_15w_stage819_05r_stop_retry_live,2018-01,stage847_c9_15w_stage819_05r_stop_retry_live,150000.0,150000.0
2024-11-11,2024-11-11,OI501.CZCE,OI.CZCE,long,long,RiskSizing,long_tighter_initial_stop_adjust,0,9881.0,9683.38,9865.0,197.6200000000008,16.0,0.02000000000000008,0.0016192693047262423,9865.0,9881.0,0.02,basic_min_distance,,,,,,,,,,,,,,,stage847_c9_15w_stage819_05r_stop_retry_live,2018-01,stage847_c9_15w_stage819_05r_stop_retry_live,150000.0,150000.0
2024-11-18,2024-11-18,sp2501.SHFE,sp.SHFE,long,long,RiskSizing,long_tighter_initial_stop_adjust,0,5918.0,5799.64,5854.0,118.35999999999967,64.0,0.019999999999999945,0.010814464346062858,5854.0,5918.0,0.02,basic_min_distance,,,,,,,,,,,,,,,stage847_c9_15w_stage819_05r_stop_retry_live,2018-01,stage847_c9_15w_stage819_05r_stop_retry_live,150000.0,150000.0
2024-11-19,2024-11-19,lc2501.GFEX,lc.GFEX,long,long,RiskSizing,long_tighter_initial_stop_adjust,0,82650.0,80250.0,80997.0,2400.0,1653.0,0.029038112522686024,0.02,80250.0,82650.0,0.02,day_low,,,,,,,,,,,,,,,stage847_c9_15w_stage819_05r_stop_retry_live,2018-01,stage847_c9_15w_stage819_05r_stop_retry_live,150000.0,150000.0
2024-11-19 00:00:00+08:00,2024-11-19,lc2501.GFEX,lc.GFEX,long,long,RiskSizing,broker10_margin_cap_reduce,128,82650.0,,,,,,,,,,,lc2501.GFEX,long_case2,flat_entry,203.0,75.0,128.0,16529511.100000013,9269668.8,9918.0,1.65,1.0,75.0,1.1262878561483882,0.999564108099966,stage847_c9_15w_stage819_05r_stop_retry_live,2018-01,stage847_c9_15w_stage819_05r_stop_retry_live,150000.0,150000.0
2024-11-20 00:00:00+08:00,2024-11-20,ru2501.SHFE,ru.SHFE,short,Long,Close,short_prev2day_stop,117,17765.0,,,,,,,,,,,,,,,,,,,,,,,,,stage847_c9_15w_stage819_05r_stop_retry_live,2018-01,stage847_c9_15w_stage819_05r_stop_retry_live,150000.0,150000.0
2024-11-25 00:00:00+08:00,2024-11-25,AP501.CZCE,AP.CZCE,long,Short,Close,long_prev2day_stop,421,7755.0,,,,,,,,,,,,,,,,,,,,,,,,,stage847_c9_15w_stage819_05r_stop_retry_live,2018-01,stage847_c9_15w_stage819_05r_stop_retry_live,150000.0,150000.0
2024-11-25 00:00:00+08:00,2024-11-25,sp2501.SHFE,sp.SHFE,long,Short,Close,long_prev2day_stop,225,5840.0,,,,,,,,,,,,,,,,,,,,,,,,,stage847_c9_15w_stage819_05r_stop_retry_live,2018-01,stage847_c9_15w_stage819_05r_stop_retry_live,150000.0,150000.0
2024-11-28 00:00:00+08:00,2024-11-28,MA501.CZCE,MA.CZCE,long,Short,Close,long_prev2day_stop,500,2554.0,,,,,,,,,,,,,,,,,,,,,,,,,stage847_c9_15w_stage819_05r_stop_retry_live,2018-01,stage847_c9_15w_stage819_05r_stop_retry_live,150000.0,150000.0
2024-12-02,2024-12-02,SM501.CZCE,SM.CZCE,long,long,RiskSizing,long_tighter_initial_stop_adjust,0,6400.0,6272.0,6326.0,128.0,74.0,0.02,0.0115625,6326.0,6400.0,0.02,basic_min_distance,,,,,,,,,,,,,,,stage847_c9_15w_stage819_05r_stop_retry_live,2018-01,stage847_c9_15w_stage819_05r_stop_retry_live,150000.0,150000.0
2024-12-03 00:00:00+08:00,2024-12-03,cu2501.SHFE,cu.SHFE,short,Long,Close,short_prev2day_stop,90,74340.0,,,,,,,,,,,,,,,,,,,,,,,,,stage847_c9_15w_stage819_05r_stop_retry_live,2018-01,stage847_c9_15w_stage819_05r_stop_retry_live,150000.0,150000.0
2024-12-10 00:00:00+08:00,2024-12-10,FG501.CZCE,FG.CZCE,short,Long,Close,short_prev2day_stop,500,1226.0,,,,,,,,,,,,,,,,,,,,,,,,,stage847_c9_15w_stage819_05r_stop_retry_live,2018-01,stage847_c9_15w_stage819_05r_stop_retry_live,150000.0,150000.0
2024-12-11,2024-12-11,ru2505.SHFE,ru.SHFE,long,long,RiskSizing,long_tighter_initial_stop_adjust,0,18830.0,18450.0,18453.4,380.0,376.59999999999854,0.0201805629314923,0.019999999999999924,18450.0,18830.0,0.02,day_low,,,,,,,,,,,,,,,stage847_c9_15w_stage819_05r_stop_retry_live,2018-01,stage847_c9_15w_stage819_05r_stop_retry_live,150000.0,150000.0
2024-12-12,2024-12-12,MA505.CZCE,MA.CZCE,long,long,RiskSizing,long_tighter_initial_stop_adjust,0,2631.0,2578.38,2605.0,52.61999999999989,26.0,0.01999999999999996,0.009882174078297225,2605.0,2631.0,0.02,basic_min_distance,,,,,,,,,,,,,,,stage847_c9_15w_stage819_05r_stop_retry_live,2018-01,stage847_c9_15w_stage819_05r_stop_retry_live,150000.0,150000.0
2024-12-16,2024-12-16,fu2503.SHFE,fu.SHFE,long,long,RiskSizing,long_tighter_initial_stop_adjust,0,3215.0,3150.7,3193.0,64.30000000000018,22.0,0.020000000000000056,0.006842923794712286,3193.0,3215.0,0.02,basic_min_distance,,,,,,,,,,,,,,,stage847_c9_15w_stage819_05r_stop_retry_live,2018-01,stage847_c9_15w_stage819_05r_stop_retry_live,150000.0,150000.0
2024-12-16 00:00:00+08:00,2024-12-16,si2501.GFEX,si.GFEX,short,Long,Close,rollover_close,500,11635.0,,,,,,,,,,,,,,,,,,,,,,,,,stage847_c9_15w_stage819_05r_stop_retry_live,2018-01,stage847_c9_15w_stage819_05r_stop_retry_live,150000.0,150000.0
2024-12-18 00:00:00+08:00,2024-12-18,jm2505.DCE,jm.DCE,short,short,RiskSizing,broker10_margin_cap_reduce,1,1174.0,,,,,,,,,,,jm2505.DCE,short_case1a,flat_entry,291.0,290.0,1.0,16410071.100000013,5850750.0,14088.0,1.65,1.0,290.0,1.0004886998935665,0.9990721795227314,stage847_c9_15w_stage819_05r_stop_retry_live,2018-01,stage847_c9_15w_stage819_05r_stop_retry_live,150000.0,150000.0
2024-12-24,2024-12-24,MA505.CZCE,MA.CZCE,long,long,RiskSizing,long_tighter_initial_stop_adjust,0,2657.0,2603.86,2621.0,53.13999999999987,36.0,0.019999999999999952,0.013549115543846444,2621.0,2657.0,0.02,basic_min_distance,,,,,,,,,,,,,,,stage847_c9_15w_stage819_05r_stop_retry_live,2018-01,stage847_c9_15w_stage819_05r_stop_retry_live,150000.0,150000.0
2024-12-24 00:00:00+08:00,2024-12-24,si2502.GFEX,si.GFEX,short,Long,Close,short_prev2day_stop,500,11465.0,,,,,,,,,,,,,,,,,,,,,,,,,stage847_c9_15w_stage819_05r_stop_retry_live,2018-01,stage847_c9_15w_stage819_05r_stop_retry_live,150000.0,150000.0
2025-01-02 00:00:00+08:00,2025-01-02,cu2502.SHFE,cu.SHFE,short,short,RiskSizing,broker10_margin_cap_reduce,22,73280.0,,,,,,,,,,,cu2502.SHFE,short_case1a,flat_entry,93.0,71.0,22.0,16488691.100000013,6830076.0,43968.0,1.65,1.0,71.0,1.0926588951623932,0.9958629523965057,stage847_c9_15w_stage819_05r_stop_retry_live,2018-01,stage847_c9_15w_stage819_05r_stop_retry_live,150000.0,150000.0
2025-01-02 00:00:00+08:00,2025-01-02,lc2505.GFEX,lc.GFEX,short,Long,Close,forced_margin_deleverage,210,77800.0,,,,,,,,,,,,,,,,,,,,,,,,,stage847_c9_15w_stage819_05r_stop_retry_live,2018-01,stage847_c9_15w_stage819_05r_stop_retry_live,150000.0,150000.0
2025-01-03,2025-01-03,SH505.CZCE,SH.CZCE,long,long,RiskSizing,long_tighter_initial_stop_adjust,0,2920.0,2861.6,2880.0,58.40000000000009,40.0,0.02000000000000003,0.0136986301369863,2880.0,2920.0,0.02,basic_min_distance,,,,,,,,,,,,,,,stage847_c9_15w_stage819_05r_stop_retry_live,2018-01,stage847_c9_15w_stage819_05r_stop_retry_live,150000.0,150000.0
2025-01-03 00:00:00+08:00,2025-01-03,SH505.CZCE,SH.CZCE,long,long,RiskSizing,broker10_margin_cap_reduce,184,2920.0,,,,,,,,,,,SH505.CZCE,long_case2,flat_entry,402.0,218.0,184.0,16907711.100000013,7949535.6,10512.0,1.65,1.0,218.0,1.1881764019495213,0.9994197345848892,stage847_c9_15w_stage819_05r_stop_retry_live,2018-01,stage847_c9_15w_stage819_05r_stop_retry_live,150000.0,150000.0
2025-01-06 00:00:00+08:00,2025-01-06,cu2502.SHFE,cu.SHFE,short,Long,Close,short_prev2day_stop,71,73600.0,,,,,,,,,,,,,,,,,,,,,,,,,stage847_c9_15w_stage819_05r_stop_retry_live,2018-01,stage847_c9_15w_stage819_05r_stop_retry_live,150000.0,150000.0
2025-01-07 00:00:00+08:00,2025-01-07,fu2503.SHFE,fu.SHFE,long,Short,Close,long_prev2day_stop,500,3324.0,,,,,,,,,,,,,,,,,,,,,,,,,stage847_c9_15w_stage819_05r_stop_retry_live,2018-01,stage847_c9_15w_stage819_05r_stop_retry_live,150000.0,150000.0
2025-01-07 00:00:00+08:00,2025-01-07,lc2505.GFEX,lc.GFEX,short,Long,Close,short_prev2day_stop,256,78820.0,,,,,,,,,,,,,,,,,,,,,,,,,stage847_c9_15w_stage819_05r_stop_retry_live,2018-01,stage847_c9_15w_stage819_05r_stop_retry_live,150000.0,150000.0
2025-01-17,2025-01-17,cu2503.SHFE,cu.SHFE,long,long,RiskSizing,long_tighter_initial_stop_adjust,0,76540.0,75009.2,76070.0,1530.800000000003,470.0,0.02000000000000004,0.006140580088842436,76070.0,76540.0,0.02,basic_min_distance,,,,,,,,,,,,,,,stage847_c9_15w_stage819_05r_stop_retry_live,2018-01,stage847_c9_15w_stage819_05r_stop_retry_live,150000.0,150000.0
2025-01-20 00:00:00+08:00,2025-01-20,cu2503.SHFE,cu.SHFE,long,Short,Close,stage847_intraday_05r_stop_no_reentry,84,76205.0,,,,,,,,,,,,,,,,,,,,,,,,,stage847_c9_15w_stage819_05r_stop_retry_live,2018-01,stage847_c9_15w_stage819_05r_stop_retry_live,150000.0,150000.0
2025-01-23,2025-01-23,SM505.CZCE,SM.CZCE,long,long,RiskSizing,long_tighter_initial_stop_adjust,0,6702.0,6567.96,6634.0,134.03999999999996,68.0,0.019999999999999993,0.01014622500746046,6634.0,6702.0,0.02,basic_min_distance,,,,,,,,,,,,,,,stage847_c9_15w_stage819_05r_stop_retry_live,2018-01,stage847_c9_15w_stage819_05r_stop_retry_live,150000.0,150000.0
2025-01-27,2025-01-27,SH505.CZCE,SH.CZCE,long,long,RiskSizing,long_tighter_initial_stop_adjust,0,3339.0,3227.0,3272.22,112.0,66.7800000000002,0.033542976939203356,0.02000000000000006,3227.0,3339.0,0.02,day_low,,,,,,,,,,,,,,,stage847_c9_15w_stage819_05r_stop_retry_live,2018-01,stage847_c9_15w_stage819_05r_stop_retry_live,150000.0,150000.0
2025-01-27 00:00:00+08:00,2025-01-27,OI505.CZCE,OI.CZCE,short,Long,Close,short_prev2day_stop,377,8598.0,,,,,,,,,,,,,,,,,,,,,,,,,stage847_c9_15w_stage819_05r_stop_retry_live,2018-01,stage847_c9_15w_stage819_05r_stop_retry_live,150000.0,150000.0
2025-02-07,2025-02-07,cu2503.SHFE,cu.SHFE,long,long,RiskSizing,long_tighter_initial_stop_adjust,0,77250.0,75705.0,76020.0,1545.0,1230.0,0.02,0.015922330097087378,76020.0,77250.0,0.02,basic_min_distance,,,,,,,,,,,,,,,stage847_c9_15w_stage819_05r_stop_retry_live,2018-01,stage847_c9_15w_stage819_05r_stop_retry_live,150000.0,150000.0
2025-02-10,2025-02-10,CF505.CZCE,CF.CZCE,long,long,RiskSizing,long_tighter_initial_stop_adjust,0,13635.0,13362.3,13600.0,272.7000000000007,35.0,0.020000000000000052,0.002566923359002567,13600.0,13635.0,0.02,basic_min_distance,,,,,,,,,,,,,,,stage847_c9_15w_stage819_05r_stop_retry_live,2018-01,stage847_c9_15w_stage819_05r_stop_retry_live,150000.0,150000.0
2025-02-11,2025-02-11,fu2503.SHFE,fu.SHFE,long,long,RiskSizing,long_tighter_initial_stop_adjust,0,3771.0,3695.58,3749.0,75.42000000000007,22.0,0.020000000000000018,0.005833996287456908,3749.0,3771.0,0.02,basic_min_distance,,,,,,,,,,,,,,,stage847_c9_15w_stage819_05r_stop_retry_live,2018-01,stage847_c9_15w_stage819_05r_stop_retry_live,150000.0,150000.0
2025-02-13 00:00:00+08:00,2025-02-13,fu2503.SHFE,fu.SHFE,long,Short,Close,rollover_close,500,3748.0,,,,,,,,,,,,,,,,,,,,,,,,,stage847_c9_15w_stage819_05r_stop_retry_live,2018-01,stage847_c9_15w_stage819_05r_stop_retry_live,150000.0,150000.0
2025-02-13,2025-02-13,fu2505.SHFE,fu.SHFE,long,long,RiskSizing,long_tighter_initial_stop_adjust,0,3432.0,3363.36,3428.0,68.63999999999987,4.0,0.019999999999999962,0.0011655011655011655,3428.0,3432.0,0.02,basic_min_distance,,,,,,,,,,,,,,,stage847_c9_15w_stage819_05r_stop_retry_live,2018-01,stage847_c9_15w_stage819_05r_stop_retry_live,150000.0,150000.0
2025-02-14 00:00:00+08:00,2025-02-14,fu2505.SHFE,fu.SHFE,long,Short,Close,long_base_stop,500,3425.0,,,,,,,,,,,,,,,,,,,,,,,,,stage847_c9_15w_stage819_05r_stop_retry_live,2018-01,stage847_c9_15w_stage819_05r_stop_retry_live,150000.0,150000.0
2025-02-18,2025-02-18,ru2505.SHFE,ru.SHFE,long,long,RiskSizing,long_tighter_initial_stop_adjust,0,17870.0,17512.6,17650.0,357.40000000000146,220.0,0.02000000000000008,0.012311135982092894,17650.0,17870.0,0.02,basic_min_distance,,,,,,,,,,,,,,,stage847_c9_15w_stage819_05r_stop_retry_live,2018-01,stage847_c9_15w_stage819_05r_stop_retry_live,150000.0,150000.0
2025-02-21,2025-02-21,AP505.CZCE,AP.CZCE,long,long,RiskSizing,long_tighter_initial_stop_adjust,0,7400.0,7252.0,7258.0,148.0,142.0,0.02,0.019189189189189187,7258.0,7400.0,0.02,basic_min_distance,,,,,,,,,,,,,,,stage847_c9_15w_stage819_05r_stop_retry_live,2018-01,stage847_c9_15w_stage819_05r_stop_retry_live,150000.0,150000.0
2025-02-21,2025-02-21,SA505.CZCE,SA.CZCE,long,long,RiskSizing,long_tighter_initial_stop_adjust,0,1515.0,1484.7,1508.0,30.299999999999955,7.0,0.01999999999999997,0.0046204620462046205,1508.0,1515.0,0.02,basic_min_distance,,,,,,,,,,,,,,,stage847_c9_15w_stage819_05r_stop_retry_live,2018-01,stage847_c9_15w_stage819_05r_stop_retry_live,150000.0,150000.0
2025-02-25 00:00:00+08:00,2025-02-25,AP505.CZCE,AP.CZCE,long,Short,Close,long_prev2day_stop,307,7145.0,,,,,,,,,,,,,,,,,,,,,,,,,stage847_c9_15w_stage819_05r_stop_retry_live,2018-01,stage847_c9_15w_stage819_05r_stop_retry_live,150000.0,150000.0
2025-02-25 00:00:00+08:00,2025-02-25,ru2505.SHFE,ru.SHFE,long,Short,Close,long_prev2day_stop,110,17650.0,,,,,,,,,,,,,,,,,,,,,,,,,stage847_c9_15w_stage819_05r_stop_retry_live,2018-01,stage847_c9_15w_stage819_05r_stop_retry_live,150000.0,150000.0
2025-03-06,2025-03-06,lh2505.DCE,lh.DCE,long,long,RiskSizing,long_tighter_initial_stop_adjust,0,13090.0,12828.199999999999,13005.0,261.8000000000011,85.0,0.020000000000000084,0.006493506493506494,13005.0,13090.0,0.02,basic_min_distance,,,,,,,,,,,,,,,stage847_c9_15w_stage819_05r_stop_retry_live,2018-01,stage847_c9_15w_stage819_05r_stop_retry_live,150000.0,150000.0
2025-03-07 00:00:00+08:00,2025-03-07,lh2505.DCE,lh.DCE,long,Short,Close,long_risk_cluster_heat_deleverage,130,13145.0,,,,,,,,,,,,,,,,,,,,,,,,,stage847_c9_15w_stage819_05r_stop_retry_live,2018-01,stage847_c9_15w_stage819_05r_stop_retry_live,150000.0,150000.0
2025-03-10,2025-03-10,OI505.CZCE,OI.CZCE,long,long,RiskSizing,long_tighter_initial_stop_adjust,0,9204.0,8762.0,9019.92,442.0,184.07999999999993,0.0480225988700565,0.019999999999999993,8762.0,9204.0,0.02,day_low,,,,,,,,,,,,,,,stage847_c9_15w_stage819_05r_stop_retry_live,2018-01,stage847_c9_15w_stage819_05r_stop_retry_live,150000.0,150000.0
2025-03-14,2025-03-14,AP505.CZCE,AP.CZCE,long,long,RiskSizing,long_tighter_initial_stop_adjust,0,7398.0,7250.04,7320.0,147.96000000000004,78.0,0.020000000000000004,0.010543390105433901,7320.0,7398.0,0.02,basic_min_distance,,,,,,,,,,,,,,,stage847_c9_15w_stage819_05r_stop_retry_live,2018-01,stage847_c9_15w_stage819_05r_stop_retry_live,150000.0,150000.0
2025-03-18 00:00:00+08:00,2025-03-18,AP505.CZCE,AP.CZCE,long,Short,Close,long_prev2day_stop,327,7281.0,,,,,,,,,,,,,,,,,,,,,,,,,stage847_c9_15w_stage819_05r_stop_retry_live,2018-01,stage847_c9_15w_stage819_05r_stop_retry_live,150000.0,150000.0
2025-03-20 00:00:00+08:00,2025-03-20,jm2505.DCE,jm.DCE,short,Long,Close,short_risk_cluster_heat_deleverage,256,1031.0,,,,,,,,,,,,,,,,,,,,,,,,,stage847_c9_15w_stage819_05r_stop_retry_live,2018-01,stage847_c9_15w_stage819_05r_stop_retry_live,150000.0,150000.0
2025-03-27,2025-03-27,AP505.CZCE,AP.CZCE,long,long,RiskSizing,long_tighter_initial_stop_adjust,0,7561.0,7409.78,7507.0,151.22000000000025,54.0,0.020000000000000035,0.007141912445443725,7507.0,7561.0,0.02,basic_min_distance,,,,,,,,,,,,,,,stage847_c9_15w_stage819_05r_stop_retry_live,2018-01,stage847_c9_15w_stage819_05r_stop_retry_live,150000.0,150000.0
2025-04-03 00:00:00+08:00,2025-04-03,ru2505.SHFE,ru.SHFE,short,Long,Close,rollover_close,71,16155.0,,,,,,,,,,,,,,,,,,,,,,,,,stage847_c9_15w_stage819_05r_stop_retry_live,2018-01,stage847_c9_15w_stage819_05r_stop_retry_live,150000.0,150000.0
2025-04-07 00:00:00+08:00,2025-04-07,ru2509.SHFE,ru.SHFE,short,Long,Close,short_base_stop,71,15580.0,,,,,,,,,,,,,,,,,,,,,,,,,stage847_c9_15w_stage819_05r_stop_retry_live,2018-01,stage847_c9_15w_stage819_05r_stop_retry_live,150000.0,150000.0
2025-04-14,2025-04-14,lh2509.DCE,lh.DCE,long,long,RiskSizing,long_tighter_initial_stop_adjust,0,14470.0,14180.6,14425.0,289.39999999999964,45.0,0.019999999999999976,0.0031098825155494126,14425.0,14470.0,0.02,basic_min_distance,,,,,,,,,,,,,,,stage847_c9_15w_stage819_05r_stop_retry_live,2018-01,stage847_c9_15w_stage819_05r_stop_retry_live,150000.0,150000.0
2025-04-15 00:00:00+08:00,2025-04-15,AP505.CZCE,AP.CZCE,long,Short,Close,rollover_close,335,7873.0,,,,,,,,,,,,,,,,,,,,,,,,,stage847_c9_15w_stage819_05r_stop_retry_live,2018-01,stage847_c9_15w_stage819_05r_stop_retry_live,150000.0,150000.0
2025-04-15,2025-04-15,AP510.CZCE,AP.CZCE,long,long,RiskSizing,long_tighter_initial_stop_adjust,0,7726.0,7571.48,7664.0,154.52000000000044,62.0,0.020000000000000056,0.00802485115195444,7664.0,7726.0,0.02,basic_min_distance,,,,,,,,,,,,,,,stage847_c9_15w_stage819_05r_stop_retry_live,2018-01,stage847_c9_15w_stage819_05r_stop_retry_live,150000.0,150000.0
2025-04-16 00:00:00+08:00,2025-04-16,lh2509.DCE,lh.DCE,long,Short,Close,long_prev2day_stop,133,14325.0,,,,,,,,,,,,,,,,,,,,,,,,,stage847_c9_15w_stage819_05r_stop_retry_live,2018-01,stage847_c9_15w_stage819_05r_stop_retry_live,150000.0,150000.0
2025-04-18 00:00:00+08:00,2025-04-18,AP510.CZCE,AP.CZCE,long,Short,Close,long_prev2day_stop,335,7674.0,,,,,,,,,,,,,,,,,,,,,,,,,stage847_c9_15w_stage819_05r_stop_retry_live,2018-01,stage847_c9_15w_stage819_05r_stop_retry_live,150000.0,150000.0
2025-04-22,2025-04-22,AP510.CZCE,AP.CZCE,long,long,RiskSizing,long_tighter_initial_stop_adjust,0,7897.0,7739.0599999999995,7871.0,157.9400000000005,26.0,0.020000000000000063,0.0032923895150056984,7871.0,7897.0,0.02,basic_min_distance,,,,,,,,,,,,,,,stage847_c9_15w_stage819_05r_stop_retry_live,2018-01,stage847_c9_15w_stage819_05r_stop_retry_live,150000.0,150000.0
2025-04-23 00:00:00+08:00,2025-04-23,AP510.CZCE,AP.CZCE,long,Short,Close,long_risk_cluster_heat_deleverage,359,7886.0,,,,,,,,,,,,,,,,,,,,,,,,,stage847_c9_15w_stage819_05r_stop_retry_live,2018-01,stage847_c9_15w_stage819_05r_stop_retry_live,150000.0,150000.0
2025-05-22,2025-05-22,OI509.CZCE,OI.CZCE,long,long,RiskSizing,long_tighter_initial_stop_adjust,0,9405.0,9216.9,9296.0,188.10000000000036,109.0,0.02000000000000004,0.011589580010632643,9296.0,9405.0,0.02,basic_min_distance,,,,,,,,,,,,,,,stage847_c9_15w_stage819_05r_stop_retry_live,2018-01,stage847_c9_15w_stage819_05r_stop_retry_live,150000.0,150000.0
2025-06-09,2025-06-09,cu2507.SHFE,cu.SHFE,long,long,RiskSizing,long_tighter_initial_stop_adjust,0,78910.0,77331.8,78480.0,1578.199999999997,430.0,0.019999999999999962,0.005449245976428843,78480.0,78910.0,0.02,basic_min_distance,,,,,,,,,,,,,,,stage847_c9_15w_stage819_05r_stop_retry_live,2018-01,stage847_c9_15w_stage819_05r_stop_retry_live,150000.0,150000.0
2025-06-10 00:00:00+08:00,2025-06-10,cu2507.SHFE,cu.SHFE,long,Short,Close,long_risk_cluster_heat_deleverage,70,78880.0,,,,,,,,,,,,,,,,,,,,,,,,,stage847_c9_15w_stage819_05r_stop_retry_live,2018-01,stage847_c9_15w_stage819_05r_stop_retry_live,150000.0,150000.0
2025-06-11,2025-06-11,fu2509.SHFE,fu.SHFE,long,long,RiskSizing,long_tighter_initial_stop_adjust,0,2912.0,2853.7599999999998,2898.0,58.24000000000024,14.0,0.02000000000000008,0.004807692307692308,2898.0,2912.0,0.02,basic_min_distance,,,,,,,,,,,,,,,stage847_c9_15w_stage819_05r_stop_retry_live,2018-01,stage847_c9_15w_stage819_05r_stop_retry_live,150000.0,150000.0
2025-06-20,2025-06-20,OI509.CZCE,OI.CZCE,long,long,RiskSizing,long_tighter_initial_stop_adjust,0,9726.0,9531.48,9675.0,194.52000000000044,51.0,0.020000000000000046,0.005243676742751388,9675.0,9726.0,0.02,basic_min_distance,,,,,,,,,,,,,,,stage847_c9_15w_stage819_05r_stop_retry_live,2018-01,stage847_c9_15w_stage819_05r_stop_retry_live,150000.0,150000.0
2025-06-24 00:00:00+08:00,2025-06-24,fu2509.SHFE,fu.SHFE,long,Short,Close,long_prev2day_stop,500,3065.0,,,,,,,,,,,,,,,,,,,,,,,,,stage847_c9_15w_stage819_05r_stop_retry_live,2018-01,stage847_c9_15w_stage819_05r_stop_retry_live,150000.0,150000.0
2025-07-04,2025-07-04,OI509.CZCE,OI.CZCE,long,long,RiskSizing,long_tighter_initial_stop_adjust,0,9607.0,9414.86,9581.0,192.13999999999942,26.0,0.019999999999999938,0.0027063599458728013,9581.0,9607.0,0.02,basic_min_distance,,,,,,,,,,,,,,,stage847_c9_15w_stage819_05r_stop_retry_live,2018-01,stage847_c9_15w_stage819_05r_stop_retry_live,150000.0,150000.0
2025-07-08,2025-07-08,jm2509.DCE,jm.DCE,long,long,RiskSizing,long_tighter_initial_stop_adjust,0,843.5,826.63,829.0,16.870000000000005,14.5,0.020000000000000004,0.017190278601066984,829.0,843.5,0.02,basic_min_distance,,,,,,,,,,,,,,,stage847_c9_15w_stage819_05r_stop_retry_live,2018-01,stage847_c9_15w_stage819_05r_stop_retry_live,150000.0,150000.0
2025-07-09,2025-07-09,si2509.GFEX,si.GFEX,long,long,RiskSizing,long_tighter_initial_stop_adjust,0,8140.0,7977.2,8065.0,162.80000000000018,75.0,0.02000000000000002,0.009213759213759214,8065.0,8140.0,0.02,basic_min_distance,,,,,,,,,,,,,,,stage847_c9_15w_stage819_05r_stop_retry_live,2018-01,stage847_c9_15w_stage819_05r_stop_retry_live,150000.0,150000.0
2025-07-10,2025-07-10,lc2509.GFEX,lc.GFEX,long,long,RiskSizing,long_tighter_initial_stop_adjust,0,64180.0,62896.4,64100.0,1283.5999999999985,80.0,0.019999999999999976,0.0012464942349641633,64100.0,64180.0,0.02,basic_min_distance,,,,,,,,,,,,,,,stage847_c9_15w_stage819_05r_stop_retry_live,2018-01,stage847_c9_15w_stage819_05r_stop_retry_live,150000.0,150000.0
2025-07-11,2025-07-11,SM509.CZCE,SM.CZCE,long,long,RiskSizing,long_tighter_initial_stop_adjust,0,5746.0,5631.08,5734.0,114.92000000000007,12.0,0.020000000000000014,0.002088409328228333,5734.0,5746.0,0.02,basic_min_distance,,,,,,,,,,,,,,,stage847_c9_15w_stage819_05r_stop_retry_live,2018-01,stage847_c9_15w_stage819_05r_stop_retry_live,150000.0,150000.0
2025-07-17,2025-07-17,SH509.CZCE,SH.CZCE,long,long,RiskSizing,long_tighter_initial_stop_adjust,0,2484.0,2434.32,2456.0,49.679999999999836,28.0,0.019999999999999934,0.011272141706924315,2456.0,2484.0,0.02,basic_min_distance,,,,,,,,,,,,,,,stage847_c9_15w_stage819_05r_stop_retry_live,2018-01,stage847_c9_15w_stage819_05r_stop_retry_live,150000.0,150000.0
2025-07-21,2025-07-21,SA509.CZCE,SA.CZCE,long,long,RiskSizing,long_tighter_initial_stop_adjust,0,1295.0,1226.0,1269.1,69.0,25.90000000000009,0.05328185328185328,0.02000000000000007,1226.0,1295.0,0.02,day_low,,,,,,,,,,,,,,,stage847_c9_15w_stage819_05r_stop_retry_live,2018-01,stage847_c9_15w_stage819_05r_stop_retry_live,150000.0,150000.0
2025-07-23,2025-07-23,lh2509.DCE,lh.DCE,long,long,RiskSizing,long_tighter_initial_stop_adjust,0,14590.0,14298.199999999999,14400.0,291.8000000000011,190.0,0.020000000000000073,0.013022618231665525,14400.0,14590.0,0.02,basic_min_distance,,,,,,,,,,,,,,,stage847_c9_15w_stage819_05r_stop_retry_live,2018-01,stage847_c9_15w_stage819_05r_stop_retry_live,150000.0,150000.0
2025-07-23 00:00:00+08:00,2025-07-23,lc2509.GFEX,lc.GFEX,long,Short,Close,long_prev2day_stop,500,69380.0,,,,,,,,,,,,,,,,,,,,,,,,,stage847_c9_15w_stage819_05r_stop_retry_live,2018-01,stage847_c9_15w_stage819_05r_stop_retry_live,150000.0,150000.0
2025-07-24,2025-07-24,MA509.CZCE,MA.CZCE,long,long,RiskSizing,long_tighter_initial_stop_adjust,0,2480.0,2415.0,2430.4,65.0,49.59999999999991,0.02620967741935484,0.019999999999999962,2415.0,2480.0,0.02,day_low,,,,,,,,,,,,,,,stage847_c9_15w_stage819_05r_stop_retry_live,2018-01,stage847_c9_15w_stage819_05r_stop_retry_live,150000.0,150000.0
2025-07-24 00:00:00+08:00,2025-07-24,lh2509.DCE,lh.DCE,long,Short,Close,long_base_stop,83,14365.0,,,,,,,,,,,,,,,,,,,,,,,,,stage847_c9_15w_stage819_05r_stop_retry_live,2018-01,stage847_c9_15w_stage819_05r_stop_retry_live,150000.0,150000.0
2025-07-28 00:00:00+08:00,2025-07-28,MA509.CZCE,MA.CZCE,long,Short,Close,long_prev2day_stop,175,2404.0,,,,,,,,,,,,,,,,,,,,,,,,,stage847_c9_15w_stage819_05r_stop_retry_live,2018-01,stage847_c9_15w_stage819_05r_stop_retry_live,150000.0,150000.0
2025-07-28 00:00:00+08:00,2025-07-28,SA509.CZCE,SA.CZCE,long,Short,Close,long_base_stop,175,1316.0,,,,,,,,,,,,,,,,,,,,,,,,,stage847_c9_15w_stage819_05r_stop_retry_live,2018-01,stage847_c9_15w_stage819_05r_stop_retry_live,150000.0,150000.0
2025-07-28 00:00:00+08:00,2025-07-28,si2509.GFEX,si.GFEX,long,Short,Close,long_prev2day_stop,500,8915.0,,,,,,,,,,,,,,,,,,,,,,,,,stage847_c9_15w_stage819_05r_stop_retry_live,2018-01,stage847_c9_15w_stage819_05r_stop_retry_live,150000.0,150000.0
2025-07-30 00:00:00+08:00,2025-07-30,fu2509.SHFE,fu.SHFE,short,Long,Close,short_base_stop,500,2956.0,,,,,,,,,,,,,,,,,,,,,,,,,stage847_c9_15w_stage819_05r_stop_retry_live,2018-01,stage847_c9_15w_stage819_05r_stop_retry_live,150000.0,150000.0
2025-08-08,2025-08-08,AP510.CZCE,AP.CZCE,long,long,RiskSizing,long_tighter_initial_stop_adjust,0,8077.0,7915.46,7921.0,161.53999999999996,156.0,0.019999999999999997,0.01931410177045933,7921.0,8077.0,0.02,basic_min_distance,,,,,,,,,,,,,,,stage847_c9_15w_stage819_05r_stop_retry_live,2018-01,stage847_c9_15w_stage819_05r_stop_retry_live,150000.0,150000.0
2025-08-12,2025-08-12,AP510.CZCE,AP.CZCE,long,long,RiskSizing,long_tighter_initial_stop_adjust,0,8178.0,8014.44,8100.0,163.5600000000004,78.0,0.02000000000000005,0.009537784299339692,8100.0,8178.0,0.02,basic_min_distance,,,,,,,,,,,,,,,stage847_c9_15w_stage819_05r_stop_retry_live,2018-01,stage847_c9_15w_stage819_05r_stop_retry_live,150000.0,150000.0
2025-08-12,2025-08-12,OI601.CZCE,OI.CZCE,long,long,RiskSizing,long_tighter_initial_stop_adjust,0,9810.0,9592.0,9613.8,218.0,196.20000000000073,0.022222222222222223,0.020000000000000073,9592.0,9810.0,0.02,day_low,,,,,,,,,,,,,,,stage847_c9_15w_stage819_05r_stop_retry_live,2018-01,stage847_c9_15w_stage819_05r_stop_retry_live,150000.0,150000.0
2025-08-12,2025-08-12,jm2601.DCE,jm.DCE,long,long,RiskSizing,long_tighter_initial_stop_adjust,0,1313.0,1247.0,1286.74,66.0,26.25999999999999,0.05026656511805026,0.019999999999999993,1247.0,1313.0,0.02,day_low,,,,,,,,,,,,,,,stage847_c9_15w_stage819_05r_stop_retry_live,2018-01,stage847_c9_15w_stage819_05r_stop_retry_live,150000.0,150000.0
2025-08-12,2025-08-12,lh2511.DCE,lh.DCE,long,long,RiskSizing,long_tighter_initial_stop_adjust,0,14230.0,13945.4,14140.0,284.60000000000036,90.0,0.020000000000000025,0.006324666198172874,14140.0,14230.0,0.02,basic_min_distance,,,,,,,,,,,,,,,stage847_c9_15w_stage819_05r_stop_retry_live,2018-01,stage847_c9_15w_stage819_05r_stop_retry_live,150000.0,150000.0
2025-08-13 00:00:00+08:00,2025-08-13,lh2511.DCE,lh.DCE,long,Short,Close,long_base_stop,136,14045.0,,,,,,,,,,,,,,,,,,,,,,,,,stage847_c9_15w_stage819_05r_stop_retry_live,2018-01,stage847_c9_15w_stage819_05r_stop_retry_live,150000.0,150000.0
2025-08-19,2025-08-19,CF601.CZCE,CF.CZCE,long,long,RiskSizing,long_tighter_initial_stop_adjust,0,14100.0,13818.0,14080.0,282.0,20.0,0.02,0.0014184397163120568,14080.0,14100.0,0.02,basic_min_distance,,,,,,,,,,,,,,,stage847_c9_15w_stage819_05r_stop_retry_live,2018-01,stage847_c9_15w_stage819_05r_stop_retry_live,150000.0,150000.0
2025-08-20 00:00:00+08:00,2025-08-20,fu2509.SHFE,fu.SHFE,short,Long,Close,rollover_close,500,2687.0,,,,,,,,,,,,,,,,,,,,,,,,,stage847_c9_15w_stage819_05r_stop_retry_live,2018-01,stage847_c9_15w_stage819_05r_stop_retry_live,150000.0,150000.0
2025-08-21 00:00:00+08:00,2025-08-21,fu2510.SHFE,fu.SHFE,short,Long,Close,short_base_stop,500,2732.0,,,,,,,,,,,,,,,,,,,,,,,,,stage847_c9_15w_stage819_05r_stop_retry_live,2018-01,stage847_c9_15w_stage819_05r_stop_retry_live,150000.0,150000.0
2025-08-22,2025-08-22,SH601.CZCE,SH.CZCE,long,long,RiskSizing,long_tighter_initial_stop_adjust,0,2741.0,2682.0,2686.18,59.0,54.820000000000164,0.021524990879241153,0.02000000000000006,2682.0,2741.0,0.02,day_low,,,,,,,,,,,,,,,stage847_c9_15w_stage819_05r_stop_retry_live,2018-01,stage847_c9_15w_stage819_05r_stop_retry_live,150000.0,150000.0
2025-08-25 00:00:00+08:00,2025-08-25,SH601.CZCE,SH.CZCE,long,Short,Close,stage847_intraday_05r_stop_no_reentry,382,2715.59,,,,,,,,,,,,,,,,,,,,,,,,,stage847_c9_15w_stage819_05r_stop_retry_live,2018-01,stage847_c9_15w_stage819_05r_stop_retry_live,150000.0,150000.0
2025-08-27,2025-08-27,OI601.CZCE,OI.CZCE,long,long,RiskSizing,long_tighter_initial_stop_adjust,0,9853.0,9655.94,9784.0,197.0599999999995,69.0,0.01999999999999995,0.007002943266010352,9784.0,9853.0,0.02,basic_min_distance,,,,,,,,,,,,,,,stage847_c9_15w_stage819_05r_stop_retry_live,2018-01,stage847_c9_15w_stage819_05r_stop_retry_live,150000.0,150000.0
2025-08-28,2025-08-28,AP510.CZCE,AP.CZCE,long,long,RiskSizing,long_tighter_initial_stop_adjust,0,8414.0,8245.72,8260.0,168.28000000000065,154.0,0.020000000000000077,0.018302828618968387,8260.0,8414.0,0.02,basic_min_distance,,,,,,,,,,,,,,,stage847_c9_15w_stage819_05r_stop_retry_live,2018-01,stage847_c9_15w_stage819_05r_stop_retry_live,150000.0,150000.0
2025-09-01,2025-09-01,au2510.SHFE,au.SHFE,long,long,RiskSizing,long_tighter_initial_stop_adjust,0,800.56,784.5487999999999,785.7,16.01120000000003,14.8599999999999,0.02000000000000004,0.018562006595383106,785.7,800.56,0.02,basic_min_distance,,,,,,,,,,,,,,,stage847_c9_15w_stage819_05r_stop_retry_live,2018-01,stage847_c9_15w_stage819_05r_stop_retry_live,150000.0,150000.0
2025-09-18 00:00:00+08:00,2025-09-18,au2510.SHFE,au.SHFE,long,Short,Close,long_prev2day_stop,22,824.1,,,,,,,,,,,,,,,,,,,,,,,,,stage847_c9_15w_stage819_05r_stop_retry_live,2018-01,stage847_c9_15w_stage819_05r_stop_retry_live,150000.0,150000.0
2025-09-26,2025-09-26,cu2511.SHFE,cu.SHFE,long,long,RiskSizing,long_tighter_initial_stop_adjust,0,82470.0,80820.59999999999,82260.0,1649.4000000000087,210.0,0.020000000000000104,0.0025463805020007274,82260.0,82470.0,0.02,basic_min_distance,,,,,,,,,,,,,,,stage847_c9_15w_stage819_05r_stop_retry_live,2018-01,stage847_c9_15w_stage819_05r_stop_retry_live,150000.0,150000.0
2025-09-29,2025-09-29,FG601.CZCE,FG.CZCE,long,long,RiskSizing,long_tighter_initial_stop_adjust,0,1228.0,1203.44,1214.0,24.559999999999945,14.0,0.019999999999999955,0.011400651465798045,1214.0,1228.0,0.02,basic_min_distance,,,,,,,,,,,,,,,stage847_c9_15w_stage819_05r_stop_retry_live,2018-01,stage847_c9_15w_stage819_05r_stop_retry_live,150000.0,150000.0
2025-09-30 00:00:00+08:00,2025-09-30,FG601.CZCE,FG.CZCE,long,Short,Close,long_base_stop,500,1210.0,,,,,,,,,,,,,,,,,,,,,,,,,stage847_c9_15w_stage819_05r_stop_retry_live,2018-01,stage847_c9_15w_stage819_05r_stop_retry_live,150000.0,150000.0
2025-10-23,2025-10-23,cu2512.SHFE,cu.SHFE,long,long,RiskSizing,long_tighter_initial_stop_adjust,0,86070.0,84348.59999999999,85100.0,1721.4000000000087,970.0,0.0200000000000001,0.01126989659579412,85100.0,86070.0,0.02,basic_min_distance,,,,,,,,,,,,,,,stage847_c9_15w_stage819_05r_stop_retry_live,2018-01,stage847_c9_15w_stage819_05r_stop_retry_live,150000.0,150000.0
2025-10-27,2025-10-27,jm2601.DCE,jm.DCE,long,long,RiskSizing,long_tighter_initial_stop_adjust,0,1263.5,1227.0,1238.23,36.5,25.269999999999982,0.02888800949742778,0.019999999999999987,1227.0,1263.5,0.02,day_low,,,,,,,,,,,,,,,stage847_c9_15w_stage819_05r_stop_retry_live,2018-01,stage847_c9_15w_stage819_05r_stop_retry_live,150000.0,150000.0
2025-11-04 00:00:00+08:00,2025-11-04,jm2601.DCE,jm.DCE,long,Short,Close,long_prev2day_stop,193,1253.0,,,,,,,,,,,,,,,,,,,,,,,,,stage847_c9_15w_stage819_05r_stop_retry_live,2018-01,stage847_c9_15w_stage819_05r_stop_retry_live,150000.0,150000.0
2025-11-11,2025-11-11,lc2601.GFEX,lc.GFEX,long,long,RiskSizing,long_tighter_initial_stop_adjust,0,86540.0,84809.2,85740.0,1730.800000000003,800.0,0.020000000000000035,0.009244280101687081,85740.0,86540.0,0.02,basic_min_distance,,,,,,,,,,,,,,,stage847_c9_15w_stage819_05r_stop_retry_live,2018-01,stage847_c9_15w_stage819_05r_stop_retry_live,150000.0,150000.0
2025-11-11,2025-11-11,sp2601.SHFE,sp.SHFE,long,long,RiskSizing,long_tighter_initial_stop_adjust,0,5484.0,5374.32,5458.0,109.68000000000029,26.0,0.020000000000000052,0.004741064916119621,5458.0,5484.0,0.02,basic_min_distance,,,,,,,,,,,,,,,stage847_c9_15w_stage819_05r_stop_retry_live,2018-01,stage847_c9_15w_stage819_05r_stop_retry_live,150000.0,150000.0
2025-11-13,2025-11-13,AP601.CZCE,AP.CZCE,long,long,RiskSizing,long_tighter_initial_stop_adjust,0,9504.0,9188.0,9313.92,316.0,190.07999999999993,0.03324915824915825,0.019999999999999993,9188.0,9504.0,0.02,day_low,,,,,,,,,,,,,,,stage847_c9_15w_stage819_05r_stop_retry_live,2018-01,stage847_c9_15w_stage819_05r_stop_retry_live,150000.0,150000.0
2025-11-18 00:00:00+08:00,2025-11-18,sp2601.SHFE,sp.SHFE,long,Short,Close,long_prev2day_stop,503,5408.0,,,,,,,,,,,,,,,,,,,,,,,,,stage847_c9_15w_stage819_05r_stop_retry_live,2018-01,stage847_c9_15w_stage819_05r_stop_retry_live,150000.0,150000.0
2025-11-21 00:00:00+08:00,2025-11-21,lc2601.GFEX,lc.GFEX,long,Short,Close,long_prev2day_stop,331,91020.0,,,,,,,,,,,,,,,,,,,,,,,,,stage847_c9_15w_stage819_05r_stop_retry_live,2018-01,stage847_c9_15w_stage819_05r_stop_retry_live,150000.0,150000.0
2025-11-24 00:00:00+08:00,2025-11-24,FG601.CZCE,FG.CZCE,short,Long,Close,short_prev2day_stop,500,1013.0,,,,,,,,,,,,,,,,,,,,,,,,,stage847_c9_15w_stage819_05r_stop_retry_live,2018-01,stage847_c9_15w_stage819_05r_stop_retry_live,150000.0,150000.0
2025-11-28,2025-11-28,au2602.SHFE,au.SHFE,long,long,RiskSizing,long_tighter_initial_stop_adjust,0,953.92,934.8416,945.74,19.078399999999988,8.17999999999995,0.019999999999999987,0.008575142569607463,945.74,953.92,0.02,basic_min_distance,,,,,,,,,,,,,,,stage847_c9_15w_stage819_05r_stop_retry_live,2018-01,stage847_c9_15w_stage819_05r_stop_retry_live,150000.0,150000.0
2025-12-01,2025-12-01,CF601.CZCE,CF.CZCE,long,long,RiskSizing,long_tighter_initial_stop_adjust,0,13765.0,13489.699999999999,13705.0,275.3000000000011,60.0,0.02000000000000008,0.004358881220486742,13705.0,13765.0,0.02,basic_min_distance,,,,,,,,,,,,,,,stage847_c9_15w_stage819_05r_stop_retry_live,2018-01,stage847_c9_15w_stage819_05r_stop_retry_live,150000.0,150000.0
2025-12-01,2025-12-01,cu2601.SHFE,cu.SHFE,long,long,RiskSizing,long_tighter_initial_stop_adjust,0,89280.0,87494.4,87520.0,1785.6000000000058,1760.0,0.020000000000000066,0.01971326164874552,87520.0,89280.0,0.02,basic_min_distance,,,,,,,,,,,,,,,stage847_c9_15w_stage819_05r_stop_retry_live,2018-01,stage847_c9_15w_stage819_05r_stop_retry_live,150000.0,150000.0
2025-12-02,2025-12-02,ru2601.SHFE,ru.SHFE,long,long,RiskSizing,long_tighter_initial_stop_adjust,0,15360.0,15052.8,15185.0,307.2000000000007,175.0,0.02000000000000005,0.011393229166666666,15185.0,15360.0,0.02,basic_min_distance,,,,,,,,,,,,,,,stage847_c9_15w_stage819_05r_stop_retry_live,2018-01,stage847_c9_15w_stage819_05r_stop_retry_live,150000.0,150000.0
2025-12-03 00:00:00+08:00,2025-12-03,ru2601.SHFE,ru.SHFE,long,Short,Close,long_risk_cluster_heat_deleverage,229,15210.0,,,,,,,,,,,,,,,,,,,,,,,,,stage847_c9_15w_stage819_05r_stop_retry_live,2018-01,stage847_c9_15w_stage819_05r_stop_retry_live,150000.0,150000.0
2025-12-10,2025-12-10,sp2605.SHFE,sp.SHFE,long,long,RiskSizing,long_tighter_initial_stop_adjust,0,5436.0,5327.28,5394.0,108.72000000000025,42.0,0.020000000000000046,0.00772626931567329,5394.0,5436.0,0.02,basic_min_distance,,,,,,,,,,,,,,,stage847_c9_15w_stage819_05r_stop_retry_live,2018-01,stage847_c9_15w_stage819_05r_stop_retry_live,150000.0,150000.0
2025-12-12,2025-12-12,au2602.SHFE,au.SHFE,long,long,RiskSizing,long_tighter_initial_stop_adjust,0,970.66,951.2468,955.5,19.41319999999996,15.159999999999968,0.01999999999999996,0.015618239136257771,955.5,970.66,0.02,basic_min_distance,,,,,,,,,,,,,,,stage847_c9_15w_stage819_05r_stop_retry_live,2018-01,stage847_c9_15w_stage819_05r_stop_retry_live,150000.0,150000.0
2025-12-17,2025-12-17,lc2605.GFEX,lc.GFEX,long,long,RiskSizing,long_tighter_initial_stop_adjust,0,108620.0,101500.0,106447.59999999999,7120.0,2172.4000000000087,0.06554962253728595,0.02000000000000008,101500.0,108620.0,0.02,day_low,,,,,,,,,,,,,,,stage847_c9_15w_stage819_05r_stop_retry_live,2018-01,stage847_c9_15w_stage819_05r_stop_retry_live,150000.0,150000.0
2025-12-18 00:00:00+08:00,2025-12-18,lc2605.GFEX,lc.GFEX,long,Short,Close,long_base_stop,298,106160.0,,,,,,,,,,,,,,,,,,,,,,,,,stage847_c9_15w_stage819_05r_stop_retry_live,2018-01,stage847_c9_15w_stage819_05r_stop_retry_live,150000.0,150000.0
2026-01-12,2026-01-12,MA605.CZCE,MA.CZCE,long,long,RiskSizing,long_tighter_initial_stop_adjust,0,2263.0,2217.74,2248.0,45.26000000000022,15.0,0.020000000000000098,0.006628369421122404,2248.0,2263.0,0.02,basic_min_distance,,,,,,,,,,,,,,,stage847_c9_15w_stage819_05r_stop_retry_live,2018-01,stage847_c9_15w_stage819_05r_stop_retry_live,150000.0,150000.0
2026-01-12,2026-01-12,au2602.SHFE,au.SHFE,long,long,RiskSizing,long_tighter_initial_stop_adjust,0,1026.28,1003.38,1005.7543999999999,22.899999999999977,20.525600000000054,0.0223135986280547,0.020000000000000052,1003.38,1026.28,0.02,day_low,,,,,,,,,,,,,,,stage847_c9_15w_stage819_05r_stop_retry_live,2018-01,stage847_c9_15w_stage819_05r_stop_retry_live,150000.0,150000.0
2026-01-13,2026-01-13,rb2605.SHFE,rb.SHFE,long,long,RiskSizing,long_tighter_initial_stop_adjust,0,3158.0,3094.84,3150.0,63.159999999999854,8.0,0.019999999999999955,0.00253324889170361,3150.0,3158.0,0.02,basic_min_distance,,,,,,,,,,,,,,,stage847_c9_15w_stage819_05r_stop_retry_live,2018-01,stage847_c9_15w_stage819_05r_stop_retry_live,150000.0,150000.0
2026-01-16 00:00:00+08:00,2026-01-16,MA605.CZCE,MA.CZCE,long,Short,Close,long_prev2day_stop,500,2239.0,,,,,,,,,,,,,,,,,,,,,,,,,stage847_c9_15w_stage819_05r_stop_retry_live,2018-01,stage847_c9_15w_stage819_05r_stop_retry_live,150000.0,150000.0
2026-01-19,2026-01-19,fu2603.SHFE,fu.SHFE,long,long,RiskSizing,long_tighter_initial_stop_adjust,0,2538.0,2487.24,2525.0,50.76000000000022,13.0,0.020000000000000087,0.00512214342001576,2525.0,2538.0,0.02,basic_min_distance,,,,,,,,,,,,,,,stage847_c9_15w_stage819_05r_stop_retry_live,2018-01,stage847_c9_15w_stage819_05r_stop_retry_live,150000.0,150000.0
2026-01-19 00:00:00+08:00,2026-01-19,rb2605.SHFE,rb.SHFE,long,Short,Close,long_prev2day_stop,500,3140.0,,,,,,,,,,,,,,,,,,,,,,,,,stage847_c9_15w_stage819_05r_stop_retry_live,2018-01,stage847_c9_15w_stage819_05r_stop_retry_live,150000.0,150000.0
2026-01-20 00:00:00+08:00,2026-01-20,fu2603.SHFE,fu.SHFE,long,Short,Close,long_base_stop,500,2512.0,,,,,,,,,,,,,,,,,,,,,,,,,stage847_c9_15w_stage819_05r_stop_retry_live,2018-01,stage847_c9_15w_stage819_05r_stop_retry_live,150000.0,150000.0
2026-01-23,2026-01-23,lc2605.GFEX,lc.GFEX,long,long,RiskSizing,long_tighter_initial_stop_adjust,0,181520.0,172260.0,177889.6,9260.0,3630.399999999994,0.05101366240634641,0.01999999999999997,172260.0,181520.0,0.02,day_low,,,,,,,,,,,,,,,stage847_c9_15w_stage819_05r_stop_retry_live,2018-01,stage847_c9_15w_stage819_05r_stop_retry_live,150000.0,150000.0
2026-01-26,2026-01-26,MA605.CZCE,MA.CZCE,long,long,RiskSizing,long_tighter_initial_stop_adjust,0,2347.0,2300.0,2300.06,47.0,46.940000000000055,0.020025564550489986,0.020000000000000025,2300.0,2347.0,0.02,day_low,,,,,,,,,,,,,,,stage847_c9_15w_stage819_05r_stop_retry_live,2018-01,stage847_c9_15w_stage819_05r_stop_retry_live,150000.0,150000.0
2026-01-26,2026-01-26,ru2605.SHFE,ru.SHFE,long,long,RiskSizing,long_tighter_initial_stop_adjust,0,16230.0,15905.4,16150.0,324.60000000000036,80.0,0.02000000000000002,0.004929143561306223,16150.0,16230.0,0.02,basic_min_distance,,,,,,,,,,,,,,,stage847_c9_15w_stage819_05r_stop_retry_live,2018-01,stage847_c9_15w_stage819_05r_stop_retry_live,150000.0,150000.0
2026-01-27 00:00:00+08:00,2026-01-27,ru2605.SHFE,ru.SHFE,long,Short,Close,long_risk_cluster_heat_deleverage,181,16205.0,,,,,,,,,,,,,,,,,,,,,,,,,stage847_c9_15w_stage819_05r_stop_retry_live,2018-01,stage847_c9_15w_stage819_05r_stop_retry_live,150000.0,150000.0
2026-02-02,2026-02-02,OI605.CZCE,OI.CZCE,long,long,RiskSizing,long_tighter_initial_stop_adjust,0,9136.0,8953.28,9121.0,182.71999999999935,15.0,0.019999999999999928,0.0016418563922942207,9121.0,9136.0,0.02,basic_min_distance,,,,,,,,,,,,,,,stage847_c9_15w_stage819_05r_stop_retry_live,2018-01,stage847_c9_15w_stage819_05r_stop_retry_live,150000.0,150000.0
2026-02-02 00:00:00+08:00,2026-02-02,MA605.CZCE,MA.CZCE,long,Short,Close,long_prev2day_stop,497,2252.0,,,,,,,,,,,,,,,,,,,,,,,,,stage847_c9_15w_stage819_05r_stop_retry_live,2018-01,stage847_c9_15w_stage819_05r_stop_retry_live,150000.0,150000.0
2026-02-05,2026-02-05,SA605.CZCE,SA.CZCE,long,long,RiskSizing,long_tighter_initial_stop_adjust,0,1209.0,1184.82,1201.0,24.180000000000064,8.0,0.020000000000000052,0.006617038875103391,1201.0,1209.0,0.02,basic_min_distance,,,,,,,,,,,,,,,stage847_c9_15w_stage819_05r_stop_retry_live,2018-01,stage847_c9_15w_stage819_05r_stop_retry_live,150000.0,150000.0
2026-02-12,2026-02-12,AP605.CZCE,AP.CZCE,long,long,RiskSizing,long_tighter_initial_stop_adjust,0,9739.0,9544.22,9606.0,194.78000000000065,133.0,0.020000000000000066,0.013656432898654893,9606.0,9739.0,0.02,basic_min_distance,,,,,,,,,,,,,,,stage847_c9_15w_stage819_05r_stop_retry_live,2018-01,stage847_c9_15w_stage819_05r_stop_retry_live,150000.0,150000.0
2026-02-12,2026-02-12,ru2605.SHFE,ru.SHFE,long,long,RiskSizing,long_tighter_initial_stop_adjust,0,16450.0,16121.0,16440.0,329.0,10.0,0.02,0.0006079027355623101,16440.0,16450.0,0.02,basic_min_distance,,,,,,,,,,,,,,,stage847_c9_15w_stage819_05r_stop_retry_live,2018-01,stage847_c9_15w_stage819_05r_stop_retry_live,150000.0,150000.0
2026-02-13 00:00:00+08:00,2026-02-13,AP605.CZCE,AP.CZCE,long,Short,Close,long_risk_cluster_heat_deleverage,281,9835.0,,,,,,,,,,,,,,,,,,,,,,,,,stage847_c9_15w_stage819_05r_stop_retry_live,2018-01,stage847_c9_15w_stage819_05r_stop_retry_live,150000.0,150000.0
2026-02-24,2026-02-24,ru2605.SHFE,ru.SHFE,long,long,RiskSizing,long_tighter_initial_stop_adjust,0,17030.0,16515.0,16689.4,515.0,340.59999999999854,0.030240751614797418,0.019999999999999914,16515.0,17030.0,0.02,day_low,,,,,,,,,,,,,,,stage847_c9_15w_stage819_05r_stop_retry_live,2018-01,stage847_c9_15w_stage819_05r_stop_retry_live,150000.0,150000.0
2026-03-02,2026-03-02,lc2605.GFEX,lc.GFEX,long,long,RiskSizing,long_tighter_initial_stop_adjust,0,172020.0,168579.6,169500.0,3440.399999999994,2520.0,0.019999999999999966,0.014649459365190094,169500.0,172020.0,0.02,basic_min_distance,,,,,,,,,,,,,,,stage847_c9_15w_stage819_05r_stop_retry_live,2018-01,stage847_c9_15w_stage819_05r_stop_retry_live,150000.0,150000.0
2026-03-03 00:00:00+08:00,2026-03-03,SH605.CZCE,SH.CZCE,short,Long,Close,stage847_intraday_05r_stop_no_reentry,459,2101.3199999999997,,,,,,,,,,,,,,,,,,,,,,,,,stage847_c9_15w_stage819_05r_stop_retry_live,2018-01,stage847_c9_15w_stage819_05r_stop_retry_live,150000.0,150000.0
2026-03-04,2026-03-04,MA605.CZCE,MA.CZCE,long,long,RiskSizing,long_tighter_initial_stop_adjust,0,2553.0,2437.0,2501.94,116.0,51.059999999999945,0.045436741088915,0.01999999999999998,2437.0,2553.0,0.02,day_low,,,,,,,,,,,,,,,stage847_c9_15w_stage819_05r_stop_retry_live,2018-01,stage847_c9_15w_stage819_05r_stop_retry_live,150000.0,150000.0
2026-03-04,2026-03-04,OI605.CZCE,OI.CZCE,long,long,RiskSizing,long_tighter_initial_stop_adjust,0,9486.0,9296.28,9430.0,189.71999999999935,56.0,0.01999999999999993,0.0059034366434745945,9430.0,9486.0,0.02,basic_min_distance,,,,,,,,,,,,,,,stage847_c9_15w_stage819_05r_stop_retry_live,2018-01,stage847_c9_15w_stage819_05r_stop_retry_live,150000.0,150000.0
2026-03-05,2026-03-05,SM605.CZCE,SM.CZCE,long,long,RiskSizing,long_tighter_initial_stop_adjust,0,6092.0,5970.16,6060.0,121.84000000000015,32.0,0.020000000000000025,0.005252790544977019,6060.0,6092.0,0.02,basic_min_distance,,,,,,,,,,,,,,,stage847_c9_15w_stage819_05r_stop_retry_live,2018-01,stage847_c9_15w_stage819_05r_stop_retry_live,150000.0,150000.0
2026-03-05 00:00:00+08:00,2026-03-05,MA605.CZCE,MA.CZCE,long,Short,Close,long_base_stop,497,2487.0,,,,,,,,,,,,,,,,,,,,,,,,,stage847_c9_15w_stage819_05r_stop_retry_live,2018-01,stage847_c9_15w_stage819_05r_stop_retry_live,150000.0,150000.0
2026-03-05 00:00:00+08:00,2026-03-05,OI605.CZCE,OI.CZCE,long,Short,Close,long_risk_cluster_heat_deleverage,297,9489.0,,,,,,,,,,,,,,,,,,,,,,,,,stage847_c9_15w_stage819_05r_stop_retry_live,2018-01,stage847_c9_15w_stage819_05r_stop_retry_live,150000.0,150000.0
2026-03-13,2026-03-13,SA605.CZCE,SA.CZCE,long,long,RiskSizing,long_tighter_initial_stop_adjust,0,1277.0,1251.46,1258.0,25.539999999999964,19.0,0.019999999999999973,0.014878621769772905,1258.0,1277.0,0.02,basic_min_distance,,,,,,,,,,,,,,,stage847_c9_15w_stage819_05r_stop_retry_live,2018-01,stage847_c9_15w_stage819_05r_stop_retry_live,150000.0,150000.0
2026-03-13,2026-03-13,SH605.CZCE,SH.CZCE,long,long,RiskSizing,long_tighter_initial_stop_adjust,0,2604.0,2485.0,2551.92,119.0,52.07999999999993,0.0456989247311828,0.019999999999999973,2485.0,2604.0,0.02,day_low,,,,,,,,,,,,,,,stage847_c9_15w_stage819_05r_stop_retry_live,2018-01,stage847_c9_15w_stage819_05r_stop_retry_live,150000.0,150000.0
2026-03-16 00:00:00+08:00,2026-03-16,SH605.CZCE,SH.CZCE,long,Short,Close,long_base_stop,131,2547.0,,,,,,,,,,,,,,,,,,,,,,,,,stage847_c9_15w_stage819_05r_stop_retry_live,2018-01,stage847_c9_15w_stage819_05r_stop_retry_live,150000.0,150000.0
2026-03-18,2026-03-18,FG605.CZCE,FG.CZCE,long,long,RiskSizing,long_tighter_initial_stop_adjust,0,1066.0,1044.68,1064.0,21.319999999999936,2.0,0.01999999999999994,0.001876172607879925,1064.0,1066.0,0.02,basic_min_distance,,,,,,,,,,,,,,,stage847_c9_15w_stage819_05r_stop_retry_live,2018-01,stage847_c9_15w_stage819_05r_stop_retry_live,150000.0,150000.0
2026-03-18 00:00:00+08:00,2026-03-18,SM605.CZCE,SM.CZCE,long,Short,Close,long_prev2day_stop,500,6138.0,,,,,,,,,,,,,,,,,,,,,,,,,stage847_c9_15w_stage819_05r_stop_retry_live,2018-01,stage847_c9_15w_stage819_05r_stop_retry_live,150000.0,150000.0
2026-03-24,2026-03-24,hc2605.SHFE,hc.SHFE,long,long,RiskSizing,long_tighter_initial_stop_adjust,0,3324.0,3257.52,3310.0,66.48000000000002,14.0,0.020000000000000004,0.00421179302045728,3310.0,3324.0,0.02,basic_min_distance,,,,,,,,,,,,,,,stage847_c9_15w_stage819_05r_stop_retry_live,2018-01,stage847_c9_15w_stage819_05r_stop_retry_live,150000.0,150000.0
2026-04-17 00:00:00+08:00,2026-04-17,sp2605.SHFE,sp.SHFE,short,Long,Close,rollover_close,275,5022.0,,,,,,,,,,,,,,,,,,,,,,,,,stage847_c9_15w_stage819_05r_stop_retry_live,2018-01,stage847_c9_15w_stage819_05r_stop_retry_live,150000.0,150000.0
2026-04-20 00:00:00+08:00,2026-04-20,sp2609.SHFE,sp.SHFE,short,Long,Close,stage847_intraday_retry_failed_05r_stop,275,5084.0,,,,,,,,,,,,,,,,,,,,,,,,,stage847_c9_15w_stage819_05r_stop_retry_live,2018-01,stage847_c9_15w_stage819_05r_stop_retry_live,150000.0,150000.0
2026-04-22,2026-04-22,hc2610.SHFE,hc.SHFE,long,long,RiskSizing,long_tighter_initial_stop_adjust,0,3388.0,3320.24,3355.0,67.76000000000022,33.0,0.020000000000000063,0.00974025974025974,3355.0,3388.0,0.02,basic_min_distance,,,,,,,,,,,,,,,stage847_c9_15w_stage819_05r_stop_retry_live,2018-01,stage847_c9_15w_stage819_05r_stop_retry_live,150000.0,150000.0
2026-04-30 00:00:00+08:00,2026-04-30,SH607.CZCE,SH.CZCE,short,Long,Close,short_risk_cluster_heat_deleverage,389,2026.0,,,,,,,,,,,,,,,,,,,,,,,,,stage847_c9_15w_stage819_05r_stop_retry_live,2018-01,stage847_c9_15w_stage819_05r_stop_retry_live,150000.0,150000.0
2026-05-07,2026-05-07,rb2610.SHFE,rb.SHFE,long,long,RiskSizing,long_tighter_initial_stop_adjust,0,3273.0,3207.54,3253.0,65.46000000000004,20.0,0.02000000000000001,0.006110601894286587,3253.0,3273.0,0.02,basic_min_distance,,,,,,,,,,,,,,,stage847_c9_15w_stage819_05r_stop_retry_live,2018-01,stage847_c9_15w_stage819_05r_stop_retry_live,150000.0,150000.0
2026-05-12 00:00:00+08:00,2026-05-12,rb2610.SHFE,rb.SHFE,long,Short,Close,long_prev2day_stop,500,3255.0,,,,,,,,,,,,,,,,,,,,,,,,,stage847_c9_15w_stage819_05r_stop_retry_live,2018-01,stage847_c9_15w_stage819_05r_stop_retry_live,150000.0,150000.0
